Time of Day,Temperature,Humidity,CO2_InfraredSensor,CO2_ElectroChemicalSensor,MetalOxideSensor_Unit1,MetalOxideSensor_Unit2,MetalOxideSensor_Unit3,MetalOxideSensor_Unit4,CO_GasSensor,Activity Level,metal_oxide_mean,metal_oxide_std,CO2_mean,CO2_diff
1,19.63,53.83,125.49,571.09,478.55,735.85,497.59,565.05,2,Low Activity,569.26,117.09660570087705,348.29,-445.6
1,19.66,53.69,126.34,575.79,491.96,740.28,584.0,557.08,1,Low Activity,593.33,105.31111179104826,351.065,-449.44999999999993
0,20.95,54.12,119.34,556.53,437.5,718.34,676.67,612.62,2,Low Activity,611.2825,123.74567962155287,337.935,-437.18999999999994
1,20.1,50.48,113.5,578.93,515.14,744.02,676.15,600.22,1,High Activity,633.8824999999999,98.57274078060323,346.215,-465.42999999999995
1,19.89,48.42,92.77,613.65,535.66,770.27,720.27,625.73,1,Low Activity,662.9825,103.90898754037914,353.21,-520.88
2,19.82,47.71,79.49,616.35,557.93,779.32,738.88,664.89,1,Low Activity,685.255,97.21154543914356,347.92,-536.86
0,20.04,48.42,118.29,582.62,474.78,736.89,554.95,628.88,1,Low Activity,598.875,111.47109475853668,350.455,-464.33
3,23.51,47.31,124.6,543.99,492.96,730.9,678.96,625.98,1,High Activity,632.2,102.23282838697166,334.295,-419.39
2,18.18,53.01,115.14,596.15,462.04,717.22,671.184,589.89,1,Moderate Activity,610.0835,111.85728417199003,355.645,-481.01
2,19.51,49.93,85.29,578.93,544.45,766.13,717.66,636.11,0,Moderate Activity,666.0875,97.23263593910565,332.10999999999996,-493.63999999999993
0,21.07,56.02,128.95,546.03,444.44,697.6,669.06,597.15,1,Low Activity,602.0625,113.26232688615693,337.49,-417.08
1,18.74,52.3,113.24,573.39,433.39,708.92,667.26,592.06,3,Low Activity,600.4075,121.39295074948407,343.315,-460.15
2,19.96,50.99,86.21,618.52,524.72,751.8,694.86,609.13,1,Low Activity,645.1275,99.40846690129901,352.365,-532.31
2,19.55,51.88,88.88,617.46,538.79,752.68,705.41,616.02,1,Moderate Activity,653.2249999999999,95.03359493708878,353.17,-528.58
2,19.5,51.95,84.58,617.32,534.91,767.2,717.77,617.51,1,Moderate Activity,659.3475000000001,103.73109157014275,350.95000000000005,-532.74
2,19.46,51.88,81.85,616.55,538.97,764.22,702.87,625.09,1,Low Activity,657.7875,97.54833618092451,349.2,-534.6999999999999
3,23.26,48.79,114.26,572.57,469.29,721.55,670.19,612.11,2,Low Activity,618.285,108.92723855859009,343.415,-458.31000000000006
2,20.63,49.49,82.28,614.91,525.31,762.74,710.6,624.83,1,Moderate Activity,655.87,103.96468150290274,348.59499999999997,-532.63
2,17.92,44.65,88.62,599.76,531.04,738.88,683.91,604.78,0,High Activity,639.6524999999999,90.95344867018514,344.19,-511.14
2,20.52,50.58,88.13,614.97,506.68,755.73,689.99,611.74,1,Moderate Activity,641.0350000000001,107.17742004110131,351.55,-526.84
1,17.95,54.83,103.53,598.46,517.84,757.38,728.83,663.53,1,Moderate Activity,666.895,106.85222771036018,350.995,-494.93000000000006
2,17.35,41.19,55.67,629.42,593.51,799.92,773.49,723.56,0,Moderate Activity,722.62,91.71209044250018,342.54499999999996,-573.75
1,19.56,56.21,137.55,556.54,431.28,692.18,462.17,572.4,2,High Activity,539.5075,118.44139123774816,347.04499999999996,-418.98999999999995
2,19.75,50.36,82.03,620.5,430.59,767.14,716.49,651.7,1,High Activity,641.48,148.31944826398637,351.265,-538.47
2,20.68,48.23,82.12,618.28,428.66,764.53,718.55,637.9,1,Moderate Activity,637.41,148.68310439768644,350.2,-536.16
2,18.15,48.2,87.19,606.33,468.19,749.18,709.37,642.44,0,Moderate Activity,642.295,124.14511790642432,346.76,-519.1400000000001
2,20.46,48.68,86.69,621.53,365.94,757.07,719.06,642.79,1,High Activity,621.2149999999999,176.6927948917744,354.11,-534.8399999999999
3,24.11,49.15,133.51,564.29,407.51,676.11,588.58,541.95,2,Low Activity,553.5374999999999,112.11645058450016,348.9,-430.78
2,20.66,49.07,74.41,620.22,399.02,860.93,692.556,624.88,1,High Activity,644.3465,191.30830665621048,347.315,-545.8100000000001
2,20.19,50.41,78.1,615.04,381.21,754.65,711.11,629.96,1,Moderate Activity,619.2325,166.8823578402862,346.57,-536.9399999999999
2,20.43,50.1,83.18,619.46,386.88,757.15,839.1,631.02,1,High Activity,653.5375,197.30032241484045,351.32000000000005,-536.28
2,20.62,49.78,80.43,578.93,411.58,756.03,701.61,617.47,1,High Activity,621.6724999999999,151.21558702175292,329.67999999999995,-498.49999999999994
0,21.08,45.38,109.49,582.88,459.28,721.68,678.77,610.88,2,Moderate Activity,617.6525,115.01418039383955,346.185,-473.39
2,20.17,51.22,93.45,605.92,359.63,746.03,651.91,616.68,1,Low Activity,593.5624999999999,165.23680247350063,349.685,-512.4699999999999
2,20.81,49.83,88.83,616.14,396.34,751.23,706.258,622.31,1,Moderate Activity,619.0345,157.7837744119042,352.485,-527.31
2,20.19,51.5,89.47,620.36,405.07,747.38,698.48,621.0,1,Low Activity,617.9825000000001,151.1780390521939,354.915,-530.89
2,20.11,51.83,91.14,622.06,400.63,747.91,705.75,627.27,1,Low Activity,620.39,154.80037898317087,356.59999999999997,-530.92
2,18.02,53.55,109.65,594.26,469.7,613.95,695.5,627.47,1,Low Activity,601.655,94.93258537860785,351.955,-484.61
1,18.91,51.67,105.63,596.53,486.45,747.04,712.4,628.5,1,High Activity,643.5975,115.98477784462351,351.08,-490.9
2,22.07,51.19,114.27,571.45,387.86,695.23,627.01,569.68,2,Low Activity,569.945,131.79246678016162,342.86,-457.18000000000006
2,19.66,53.02,88.56,618.0,393.85,600.62,691.95,615.95,1,Moderate Activity,575.5925,127.57286502884017,353.28,-529.44
1,17.12,51.58,100.58,596.45,511.01,729.41,700.238,643.66,1,High Activity,646.0795,96.82757727527836,348.51500000000004,-495.87000000000006
1,19.47,53.49,101.71,578.93,459.39,716.73,670.01,596.34,1,Moderate Activity,610.6175,112.34016122918821,340.32,-477.21999999999997
1,19.26,54.59,118.8,573.59,491.29,744.23,698.292,632.57,1,Moderate Activity,641.5955,110.18399261084464,346.195,-454.79
2,19.25,54.18,85.51,614.89,397.63,742.96,704.25,630.19,1,High Activity,618.7575,154.66447757969507,350.2,-529.38
2,19.36,54.05,86.92,578.93,416.65,760.61,693.92,623.69,1,Low Activity,623.7175,148.93499462852913,332.92499999999995,-492.00999999999993
2,20.21,52.43,92.17,611.77,470.91,745.08,696.6899999999999,625.57,1,Low Activity,634.5625,119.6340947430957,351.96999999999997,-519.6
2,20.88,51.1,87.69,613.55,466.68,739.93,691.75,631.09,1,Low Activity,632.3625,119.09373377722271,350.62,-525.8599999999999
2,21.23,50.64,93.09,613.1,469.69,742.03,695.07,620.48,1,Low Activity,631.8175,119.10994791228256,353.095,-520.01
2,21.58,50.26,85.43,617.12,470.03,747.22,695.23,603.93,1,Low Activity,629.1025,121.46646323848682,351.275,-531.69
2,21.09,52.71,96.59,610.21,487.57,742.8,699.0,604.73,1,Moderate Activity,633.525,113.07816662232663,353.40000000000003,-513.62
2,21.75,51.55,95.36,610.41,477.09,746.5,689.88,610.47,1,Moderate Activity,630.9849999999999,116.78594735669186,352.885,-515.05
3,20.0,52.64,100.35,581.9,462.31,725.21,690.52,625.46,1,Moderate Activity,625.875,116.61918038356013,341.125,-481.54999999999995
2,21.93,52.26,100.19,606.86,481.42,731.94,688.96,612.21,1,Moderate Activity,628.6325,109.92886408188406,353.525,-506.67
3,22.19,51.8,98.82,606.84,473.88,739.22,681.8,606.06,1,High Activity,625.24,114.69989247306788,352.83000000000004,-508.02000000000004
3,22.21,51.93,96.84,578.93,473.49,737.88,684.76,608.71,1,High Activity,626.21,114.78667140976486,337.885,-482.0899999999999
1,19.08,56.27,140.15,573.86,468.62,725.1,679.71,610.22,1,High Activity,620.9125,111.98142148737591,357.005,-433.71000000000004
3,22.38,51.84,104.24,609.73,473.94,735.36,676.31,608.42,1,Low Activity,623.5074999999999,112.39388398989215,356.985,-505.49
1,19.81,58.73,121.89,550.02,497.95,693.24,600.78,541.39,2,Low Activity,583.34,84.5249828946054,335.955,-428.13
3,23.51,46.03,119.0,585.47,455.48,714.01,676.52,606.77,1,Moderate Activity,613.1949999999999,114.14759699616982,352.235,-466.47
0,20.59,53.87,110.89,593.05,466.82,727.44,685.06,611.01,1,High Activity,622.5825,114.44709472794261,351.96999999999997,-482.15999999999997
3,23.08,50.95,103.6,605.8,475.06,738.05,682.3,603.76,1,High Activity,624.7925,114.01251608924345,354.7,-502.19999999999993
3,23.45,50.25,102.54,605.63,460.07,740.23,683.41,607.01,1,Moderate Activity,622.6800000000001,121.37228733666237,354.085,-503.09
3,23.7,49.71,108.18,612.99,454.82,729.42,690.5,615.6,1,Moderate Activity,622.585,121.40847018776462,360.58500000000004,-504.81
3,23.43,50.45,111.57,605.57,459.66,732.96,805.06,603.82,1,High Activity,650.375,151.97292598793155,358.57000000000005,-494.00000000000006
0,20.79,47.32,111.79,577.63,444.18,723.05,696.63,611.21,2,Low Activity,618.7675,125.7978797847298,344.71,-465.84
3,24.05,49.5,108.9,602.12,455.49,741.33,690.09,605.16,2,High Activity,623.0175,125.00789505067272,355.51,-493.22
0,20.9,55.48,142.19,565.33,358.23,677.95,650.74,541.6,2,Low Activity,557.13,145.1007642984695,353.76,-423.14000000000004
3,24.25,49.11,101.92,598.1,472.43,730.7,676.354,596.88,2,Moderate Activity,619.091,112.15821784722988,350.01,-496.18
0,19.87,52.56,112.71,557.02,481.91,716.87,678.51,589.65,1,Low Activity,616.735,104.49010591119779,334.865,-444.31
3,21.96,47.16,106.53,596.73,433.78,736.72,660.0060000000001,617.67,2,Moderate Activity,612.044,128.65219779441523,351.63,-490.20000000000005
3,24.22,48.49,107.13,601.51,458.84,730.14,687.18,620.35,2,Moderate Activity,624.1274999999999,119.09169446970962,354.32,-494.38
3,24.5,47.59,103.87,602.01,477.57,728.99,678.9,614.44,1,Moderate Activity,624.975,108.88257604716499,352.94,-498.14
1,17.9,44.69,64.59,628.18,589.8,790.02,765.73,707.14,0,Moderate Activity,713.1725,89.30284406631928,346.385,-563.5899999999999
1,19.37,57.29,138.83,557.91,417.52,688.73,650.91,556.86,2,Low Activity,578.505,120.79833180415477,348.37,-419.0799999999999
1,15.94,45.39,65.47,629.26,603.43,796.94,769.98,720.03,0,Moderate Activity,722.595,85.59476950530724,347.365,-563.79
3,24.68,47.23,113.58,599.45,450.99,732.57,676.08,585.97,2,Moderate Activity,611.4024999999999,122.80570599528349,356.51500000000004,-485.87000000000006
3,24.92,46.65,107.37,600.03,447.29,728.44,674.4,590.03,2,High Activity,610.04,122.54078531928326,353.7,-492.65999999999997
3,24.15,48.34,110.55,578.93,437.12,634.3,686.934,602.39,2,Moderate Activity,590.186,107.83375858545719,344.73999999999995,-468.37999999999994
2,20.66,49.34,130.31,572.36,477.0,723.28,664.92,608.93,2,Moderate Activity,618.5324999999999,105.27344627999344,351.33500000000004,-442.05
3,23.74,50.43,118.44,595.73,452.27,723.13,707.3979999999999,592.65,2,Low Activity,618.862,125.3666655960294,357.08500000000004,-477.29
3,23.72,51.44,153.19,556.85,444.94,708.48,657.81,585.88,1,Low Activity,599.2775,114.52917601350904,355.02,-403.66
3,24.36,49.42,112.78,602.39,422.97,723.24,673.8,589.32,2,Low Activity,602.3325,131.74022250246884,357.585,-489.61
0,19.63,54.84,119.29,598.65,483.56,734.71,731.178,617.98,1,High Activity,641.857,118.64228024893431,358.96999999999997,-479.35999999999996
3,24.92,48.03,118.09,578.93,417.79,720.27,677.506,588.61,2,Low Activity,601.044,133.91279425058678,348.51,-460.8399999999999
0,21.0,57.79,120.21,546.37,478.82,713.24,670.89,597.22,1,Low Activity,615.0425,102.69031644545004,333.29,-426.16
3,24.63,48.57,123.46,601.1,407.89,709.44,666.1,576.78,3,Low Activity,590.0525,133.4115600625873,362.28000000000003,-477.64000000000004
3,24.4,49.16,118.66,595.13,402.18,713.89,667.3,579.47,3,Low Activity,590.71,137.48847103181657,356.895,-476.47
3,24.56,48.64,118.26,597.41,413.68,722.31,664.18,581.22,3,Low Activity,595.3475000000001,134.23866342575573,357.835,-479.15
1,19.62,59.32,124.19,551.69,502.49,866.77,686.6,618.65,1,High Activity,668.6275,152.4061246308691,337.94000000000005,-427.50000000000006
3,23.22,51.23,121.84,597.36,415.44,719.36,815.64,579.41,3,Low Activity,632.4625,174.1823807344857,359.6,-475.52
3,23.08,51.94,113.9,596.71,397.63,718.59,658.26,576.56,3,Low Activity,587.76,139.47711377378968,355.305,-482.81000000000006
3,22.73,52.87,125.47,591.52,414.92,714.06,660.22,578.45,3,Low Activity,591.9125,130.50352520781445,358.495,-466.04999999999995
0,17.79,52.62,123.41,596.48,493.58,752.38,712.11,648.72,0,Moderate Activity,651.6975,113.71989751871335,359.945,-473.07000000000005
3,23.1,52.18,110.27,560.57,447.56,654.2,574.738,503.62,3,Low Activity,545.0295,89.47223622070334,335.42,-450.30000000000007
3,22.35,53.17,119.07,593.89,415.87,719.3,665.41,585.05,3,Low Activity,596.4075,132.39674376031056,356.48,-474.82
3,19.68,50.01,123.28,592.99,483.42,706.8,658.89,554.69,1,Moderate Activity,600.95,100.85394489061889,358.135,-469.71000000000004
3,22.21,53.22,123.41,578.93,429.39,720.29,659.25,601.76,3,Low Activity,602.6724999999999,125.2498134063813,351.16999999999996,-455.52
3,21.53,55.29,118.42,593.72,430.25,721.69,665.33,586.12,3,Low Activity,600.8475,126.5981949252569,356.07,-475.3
3,21.76,54.56,108.5,595.12,433.78,720.91,665.042,583.71,3,Low Activity,600.8605,124.82144650526475,351.81,-486.62
3,21.35,55.62,108.0,601.31,420.72,724.33,670.4959999999999,597.16,3,Low Activity,603.1765,132.33374261943422,354.655,-493.30999999999995
3,21.32,55.61,109.89,597.03,442.13,730.23,676.5960000000001,599.02,3,Low Activity,611.994,125.39972524159164,353.46,-487.14
3,22.71,44.01,128.81,578.93,481.34,711.69,679.0,583.12,2,Low Activity,613.7875,103.79532018191702,353.87,-450.11999999999995
1,19.54,55.7,122.78,562.73,475.86,738.54,691.22,634.5,1,Moderate Activity,635.03,114.31973582894598,342.755,-439.95000000000005
2,23.62,46.37,24.45,582.38,445.81,721.8,668.24,613.45,1,High Activity,612.325,119.49863834649608,303.415,-557.93
2,18.03,53.72,112.53,592.73,485.37,756.97,709.68,625.53,1,Moderate Activity,644.3875,119.13591744306164,352.63,-480.20000000000005
1,18.63,53.7,120.52,592.7,453.39,749.14,698.51,636.75,1,Low Activity,634.4475,129.15816308567827,356.61,-472.18000000000006
2,23.49,46.61,116.42,584.05,437.49,714.93,670.318,597.94,1,Low Activity,605.1695,121.7379354775385,350.23499999999996,-467.62999999999994
3,24.08,49.62,102.81,548.71,394.54,723.64,642.56,583.7,2,Low Activity,586.11,140.0071145811288,325.76,-445.90000000000003
0,19.9,49.2,116.29,597.39,443.82,741.67,694.808,614.9,1,Moderate Activity,623.7995,130.9038875956962,356.84,-481.09999999999997
0,20.91,55.97,107.39,578.93,422.89,721.65,673.3,604.38,3,Low Activity,605.555,130.93932042489502,343.15999999999997,-471.53999999999996
0,20.81,55.89,105.45,606.57,439.85,609.71,686.0360000000001,614.16,3,Low Activity,587.439,104.4252373902018,356.01000000000005,-501.12000000000006
0,20.94,55.52,112.72,598.92,426.91,726.21,679.976,601.7,3,Low Activity,608.6990000000001,131.6377255602157,355.82,-486.19999999999993
0,20.74,55.97,103.41,597.49,424.41,717.5,675.13,609.07,3,Low Activity,606.5275,129.35023112336006,350.45,-494.08000000000004
0,20.21,54.76,126.95,543.23,454.47,677.38,625.81,542.72,3,Low Activity,575.095,97.69470081159295,335.09000000000003,-416.28000000000003
0,20.74,55.83,110.88,596.37,445.27,730.0,672.08,603.57,3,Low Activity,612.73,123.01955481412973,353.625,-485.49
1,18.74,53.14,107.21,555.03,475.75,704.15,655.0720000000001,587.94,1,Low Activity,605.7280000000001,98.8810966902505,331.12,-447.82
0,20.75,55.77,107.47,597.26,444.51,729.31,676.4,600.01,3,Low Activity,612.5574999999999,123.9682930900747,352.365,-489.78999999999996
0,20.63,56.16,111.24,598.67,438.41,732.05,684.8620000000001,598.57,3,Low Activity,613.4730000000001,129.13306783830907,354.955,-487.42999999999995
0,20.56,56.31,109.26,597.45,424.27,727.36,682.26,600.98,3,Low Activity,608.7175,133.62296618346215,353.355,-488.19000000000005
0,20.52,56.48,108.75,601.48,433.35,555.14,674.9019999999999,600.02,3,Low Activity,565.853,101.21080585919005,355.115,-492.73
0,20.43,56.6,110.95,600.07,434.74,731.27,674.68,598.28,3,Low Activity,609.7425000000001,128.7673303223039,355.51000000000005,-489.12000000000006
2,17.72,44.0,69.47,567.65,604.32,794.03,750.32,706.95,0,Moderate Activity,713.905,81.24717861768082,318.56,-498.17999999999995
0,20.69,58.24,119.07,546.63,472.5,715.45,675.03,600.97,1,Low Activity,615.9875,106.75984525247934,332.85,-427.56
0,20.45,56.3,113.29,597.42,445.81,727.75,674.67,603.6,3,Low Activity,612.9575,122.4902720967397,355.35499999999996,-484.12999999999994
1,16.02,45.05,73.42,612.24,578.65,778.34,746.92,675.65,0,Moderate Activity,694.89,88.60575338731304,342.83,-538.82
3,24.29,49.72,141.86,561.23,391.3,683.98,633.59,542.15,2,Low Activity,562.755,128.49705690533668,351.545,-419.37
1,17.66,44.92,99.22,603.35,446.52,758.04,817.42,659.96,0,Low Activity,670.485,162.81571289856106,351.285,-504.13
3,24.52,47.96,112.68,570.52,449.11,709.0,672.42,589.24,2,Low Activity,604.9425000000001,115.342262961154,341.6,-457.84
0,20.24,56.69,104.71,600.06,449.52,728.04,680.85,596.94,3,Low Activity,613.8375,122.22745528317277,352.385,-495.34999999999997
3,22.11,43.03,100.01,589.88,503.5,736.08,694.51,610.19,1,Moderate Activity,636.0699999999999,102.73235939404229,344.945,-489.87
0,20.31,55.74,141.1,554.98,397.31,710.94,653.976,579.36,2,Low Activity,585.3965000000001,136.4762360596159,348.04,-413.88
0,20.34,56.4,111.05,594.99,441.9,719.82,667.76,600.44,3,Low Activity,607.48,120.72040976294497,353.02,-483.94
0,20.11,57.0,107.93,578.93,448.65,719.42,669.4,585.52,3,Low Activity,605.7475,118.40869094651231,343.42999999999995,-470.99999999999994
0,20.21,56.79,115.05,595.41,449.07,730.72,673.58,597.19,3,Low Activity,612.64,121.99783795898463,355.22999999999996,-480.35999999999996
2,22.85,51.85,96.83,583.46,428.13,592.82,567.2360000000001,497.15,3,Low Activity,521.3340000000001,74.13746977069022,340.14500000000004,-486.63000000000005
1,19.25,48.86,81.13,616.88,530.37,775.97,734.24,679.0,1,Moderate Activity,679.895,107.30379194915092,349.005,-535.75
0,20.15,56.69,106.97,597.0,445.34,720.04,675.84,590.15,3,Low Activity,607.8425,121.0124319715403,351.985,-490.03
0,20.15,56.69,111.28,600.02,443.18,716.18,668.42,598.85,3,Moderate Activity,606.6574999999999,119.15764694303087,355.65,-488.74
0,20.13,56.69,106.23,578.93,453.11,724.73,686.38,601.83,3,Low Activity,616.5125,120.4276375740497,342.58,-472.69999999999993
0,19.49,53.1,134.64,590.61,431.83,733.79,839.53,606.43,1,High Activity,652.895,175.50437287999407,362.625,-455.97
0,20.08,56.72,109.88,599.96,440.85,725.75,678.03,601.04,3,High Activity,611.4175,124.77995335122277,354.92,-490.08000000000004
0,20.09,56.63,109.26,578.93,441.43,859.64,669.87,603.83,3,Low Activity,643.6925,173.02959484338703,344.09499999999997,-469.66999999999996
0,20.03,56.82,115.1,578.93,449.88,722.01,679.4,605.13,3,High Activity,614.105,119.66247991747454,347.015,-463.8299999999999
0,20.07,56.6,110.94,598.2,453.59,724.37,722.918,609.46,3,Low Activity,627.5845,127.87818782341265,354.57000000000005,-487.26000000000005
0,19.96,56.77,114.77,600.98,451.43,728.43,482.64,601.19,3,High Activity,565.9225,126.09122554061139,357.875,-486.21000000000004
0,19.8,57.01,111.09,592.28,457.26,725.54,678.87,611.41,3,High Activity,618.27,117.1188749376746,351.685,-481.18999999999994
0,19.85,56.94,111.73,591.27,458.71,728.71,678.49,612.35,3,Low Activity,619.565,117.34731057847046,351.5,-479.53999999999996
0,19.86,56.93,110.52,598.55,462.07,729.63,683.91,611.85,3,Moderate Activity,621.865,117.04360939410574,354.53499999999997,-488.03
0,19.89,56.89,107.59,595.03,457.47,729.83,481.66,609.19,3,Moderate Activity,569.5375000000001,125.89358717451287,351.31,-487.43999999999994
0,19.81,56.93,113.98,597.45,451.36,732.56,677.4,604.1,2,High Activity,616.355,121.93390162980376,355.71500000000003,-483.47
0,19.79,57.06,111.75,598.97,469.59,732.06,678.97,611.86,2,High Activity,623.12,113.55673266404479,355.36,-487.22
0,19.77,57.14,111.73,597.96,455.63,730.55,641.402,607.92,2,Low Activity,608.8755,114.52474754829193,354.845,-486.23
0,19.81,57.07,108.49,600.14,454.34,726.67,676.47,607.72,2,Moderate Activity,616.3,118.47168972656154,354.315,-491.65
0,19.21,49.63,124.92,587.63,475.05,742.57,691.05,620.84,1,Moderate Activity,632.3775,116.14632362527307,356.275,-462.71
0,19.77,57.08,119.54,596.35,449.78,727.88,688.12,601.09,2,Low Activity,616.7175,123.24469707996907,357.945,-476.81
3,23.26,50.85,111.51,548.26,469.44,730.67,685.27,628.76,1,Moderate Activity,628.535,113.9615258175612,329.885,-436.75
0,19.72,57.16,114.51,598.15,447.35,724.34,678.36,598.87,2,High Activity,612.23,121.52603699070691,356.33,-483.64
1,18.94,53.37,108.0,550.14,493.25,748.5,704.39,647.97,1,High Activity,648.5274999999999,111.39499162140699,329.07,-442.14
0,19.7,57.24,116.84,598.19,464.01,727.4,691.54,595.31,2,High Activity,619.5649999999999,117.74895739099631,357.51500000000004,-481.35
0,19.68,57.28,112.97,597.2,457.35,725.38,675.43,601.97,2,Moderate Activity,615.0325,116.70308261424229,355.08500000000004,-484.23
0,19.99,52.77,126.94,588.74,416.13,727.57,531.3,598.51,1,Moderate Activity,568.3775,130.1336004202348,357.84000000000003,-461.8
0,18.67,53.63,131.86,586.31,482.61,729.93,707.96,615.71,1,Low Activity,634.0525,112.43678472071909,359.085,-454.44999999999993
0,17.77,52.66,121.58,588.66,490.09,747.65,717.92,660.8,0,High Activity,654.115,115.13580980737488,355.12,-467.08
0,19.64,57.32,113.42,597.49,451.28,731.5,686.69,608.97,2,High Activity,619.61,123.10875544276561,355.455,-484.07
0,19.64,57.27,120.16,596.12,461.84,731.18,676.55,619.84,2,High Activity,622.3525,116.26316280318542,358.14,-475.96000000000004
2,24.04,53.41,115.94,549.9,482.19,691.0,648.31,584.83,1,Low Activity,601.5825,90.76372967766363,332.91999999999996,-433.96
1,19.63,57.03,112.82,595.48,454.81,732.99,686.192,607.26,2,Low Activity,620.313,121.92589660390719,354.15,-482.66
0,21.58,55.29,132.7,560.47,438.96,702.43,650.4440000000001,559.56,2,Low Activity,587.8485,115.49190653750016,346.58500000000004,-427.77000000000004
2,23.36,51.44,111.0,549.15,480.8,707.27,671.53,592.53,1,Low Activity,613.0325,100.34681605146555,330.075,-438.15
1,19.62,56.94,117.05,600.15,461.49,732.97,685.01,605.03,2,Moderate Activity,621.125,118.78970143352777,358.59999999999997,-483.09999999999997
1,19.68,56.64,119.07,593.06,458.31,579.6,694.5,626.76,2,Moderate Activity,589.7925,99.535239111583,356.06499999999994,-473.98999999999995
1,19.66,56.61,115.6,598.97,461.08,731.95,681.892,616.19,2,Moderate Activity,622.778,117.76054167674334,357.285,-483.37
0,20.24,55.38,141.19,575.12,443.12,707.57,660.09,596.43,1,Low Activity,601.8025,115.17117155926364,358.155,-433.93
1,19.42,57.26,108.09,578.93,474.42,739.55,652.962,618.42,2,Moderate Activity,621.338,110.40466138709903,343.51,-470.8399999999999
3,23.2,50.01,102.19,570.89,449.71,707.54,828.8,596.21,2,Low Activity,645.565,161.4631670072156,336.53999999999996,-468.7
1,19.41,57.26,113.86,597.46,472.0,734.4,675.35,619.55,2,Low Activity,625.325,112.46001141146424,355.66,-483.6
2,19.93,45.32,113.42,587.06,496.3,731.34,562.55,620.31,2,Low Activity,602.625,99.65159590627071,350.23999999999995,-473.63999999999993
1,19.54,56.84,119.48,598.52,479.97,641.06,680.37,626.01,2,Moderate Activity,606.8525,87.63780477054407,359.0,-479.03999999999996
2,16.06,45.9,65.49,615.31,545.16,786.47,742.37,698.3,0,Moderate Activity,693.075,104.97423636302388,340.4,-549.8199999999999
1,19.45,56.96,113.52,605.88,460.27,734.93,688.64,612.05,2,High Activity,623.9724999999999,120.32470912077866,359.7,-492.36
0,20.58,44.62,113.72,590.07,443.89,707.9,676.91,596.68,3,Low Activity,606.3449999999999,118.00829984934674,351.89500000000004,-476.35
1,19.38,57.11,111.32,597.05,464.89,732.61,684.71,605.84,2,Low Activity,622.0125,117.06381916857718,354.18499999999995,-485.72999999999996
1,19.45,56.88,118.66,600.57,470.77,737.03,725.6780000000001,616.48,2,High Activity,637.4895,123.72323069793053,359.615,-481.9100000000001
3,23.43,43.49,90.94,604.71,510.08,740.69,703.06,636.32,1,Moderate Activity,647.5375,101.29253489275506,347.82500000000005,-513.77
3,24.11,48.51,120.22,575.78,455.03,717.43,831.45,602.93,2,High Activity,651.71,160.9224417744979,348.0,-455.55999999999995
1,19.44,56.88,112.5,600.14,472.7,744.36,693.594,618.8,2,High Activity,632.3634999999999,118.27762807197877,356.32,-487.64
1,19.49,56.7,114.08,601.57,470.92,746.25,696.68,612.31,2,High Activity,631.54,120.51304355407618,357.82500000000005,-487.49000000000007
1,19.46,56.74,116.77,600.03,470.31,749.88,696.01,625.15,2,Low Activity,635.3375,121.29715230924975,358.4,-483.26
1,19.32,55.68,118.52,598.02,469.52,744.11,703.92,628.86,2,Moderate Activity,636.6025000000001,121.19683229496277,358.27,-479.5
1,19.17,50.12,96.44,599.98,487.76,756.02,713.9,641.65,2,Moderate Activity,649.8325,117.91929199668729,348.21000000000004,-503.54
1,19.11,48.63,88.9,608.42,506.2,772.1,716.38,663.28,2,Moderate Activity,664.49,114.49843143030388,348.65999999999997,-519.52
1,19.01,48.24,93.73,612.08,515.06,765.71,798.79,670.87,2,Low Activity,687.6075,127.16699319529945,352.90500000000003,-518.35
1,18.78,48.13,81.91,612.98,545.95,768.79,836.82,664.89,2,Moderate Activity,704.1125,126.94912429132125,347.445,-531.07
2,15.95,49.55,69.08,609.04,575.27,775.22,750.07,693.03,0,Moderate Activity,698.3975,88.99613301524214,339.06,-539.9599999999999
3,20.71,48.93,117.56,575.45,433.16,721.7,664.27,591.54,2,Low Activity,602.6675,124.92693581316509,346.505,-457.89000000000004
2,18.38,52.94,115.79,593.18,422.94,729.0,889.08,598.44,1,Low Activity,659.865,197.67452263759233,354.48499999999996,-477.38999999999993
1,18.53,48.54,76.1,578.93,551.21,791.76,745.09,688.0,2,Low Activity,694.015,104.23081582078623,327.515,-502.8299999999999
1,18.49,48.8,76.09,621.16,532.78,791.94,803.05,701.76,1,Moderate Activity,707.3824999999999,124.92649422093513,348.625,-545.0699999999999
0,18.51,53.78,132.39,580.73,484.83,745.68,614.8320000000001,616.3,1,High Activity,615.4105,106.49340430749689,356.56,-448.34000000000003
3,22.08,45.84,114.92,580.1,431.79,722.32,679.1940000000001,617.19,2,Low Activity,612.6235,128.04499368971832,347.51,-465.18
1,18.36,49.22,69.31,623.79,558.64,782.84,741.07,713.2,1,Low Activity,698.9375,97.81203824172158,346.54999999999995,-554.48
1,18.34,49.21,78.87,620.96,557.1,789.97,745.84,704.99,1,Low Activity,699.4750000000001,101.0612258320008,349.915,-542.09
0,21.82,57.31,138.45,540.7,454.11,703.35,700.058,592.06,1,Low Activity,612.3945,117.50924366902659,339.57500000000005,-402.25000000000006
1,18.29,49.39,73.9,623.01,565.84,789.85,752.1,702.22,1,Moderate Activity,702.5025,97.9221059056636,348.455,-549.11
3,24.4,42.96,108.95,600.54,410.55,724.54,698.22,613.2,2,Moderate Activity,611.6275,142.222979243862,354.745,-491.59
1,18.44,48.34,65.89,578.93,565.59,798.93,759.01,707.82,1,Low Activity,707.8375,101.89998343964534,322.40999999999997,-513.04
1,17.99,48.15,65.07,630.12,567.76,786.59,765.74,713.09,1,Low Activity,708.2950000000001,98.66291653909286,347.595,-565.05
1,17.82,48.49,69.85,628.95,553.44,782.77,760.69,706.86,1,Moderate Activity,700.94,103.37231705506717,349.40000000000003,-559.1
1,19.13,47.24,72.17,628.71,538.54,781.16,747.56,687.71,1,Low Activity,688.7425,107.33491149202108,350.44,-556.5400000000001
1,19.35,47.73,75.02,628.89,522.41,780.14,735.96,678.61,1,Moderate Activity,679.28,112.53741274201514,351.955,-553.87
0,20.94,57.07,128.2,556.32,437.28,706.83,661.616,577.47,1,Low Activity,595.799,118.49611252695172,342.26,-428.12000000000006
1,19.42,57.26,108.09,602.04,474.42,555.97,683.65,618.42,2,Moderate Activity,583.115,89.26586376288154,355.065,-493.94999999999993
1,19.35,48.79,81.79,614.65,521.93,770.48,727.81,671.02,1,Moderate Activity,672.81,108.5240486405356,348.21999999999997,-532.86
3,22.07,45.61,117.54,578.93,434.25,586.28,699.6600000000001,628.37,1,Low Activity,587.14,112.15577708407776,348.23499999999996,-461.38999999999993
1,19.7,49.55,88.69,622.96,502.44,762.67,725.88,662.15,1,Low Activity,663.285,114.98973070090504,355.82500000000005,-534.27
1,19.86,49.25,94.77,618.19,521.46,765.21,721.9000000000001,662.13,1,Low Activity,667.6750000000001,106.24343132636484,356.48,-523.4200000000001
1,20.09,49.68,94.68,608.26,511.4,759.89,714.8,647.42,1,Moderate Activity,658.3774999999999,108.33703348809215,351.47,-513.5799999999999
2,21.17,47.01,109.16,581.63,439.33,712.35,669.7,608.18,2,Low Activity,607.39,119.92209332173397,345.395,-472.47
1,20.3,49.85,94.97,609.2,508.95,762.68,851.0,643.11,1,High Activity,691.4350000000001,148.51814715156303,352.08500000000004,-514.23
0,18.86,53.29,122.97,590.41,446.28,746.14,710.54,637.39,1,High Activity,635.0875,133.76510640546982,356.69,-467.43999999999994
3,20.51,51.16,131.41,578.93,444.36,717.31,698.4959999999999,589.6,1,Low Activity,612.4415,125.40056356465595,355.16999999999996,-447.52
1,20.02,51.34,91.05,608.88,497.1,578.4,894.18,638.47,1,Moderate Activity,652.0374999999999,171.50818996479435,349.965,-517.83
1,19.48,52.51,92.7,607.77,506.1,757.47,706.37,639.82,1,Moderate Activity,652.44,108.80319511239854,350.235,-515.0699999999999
1,19.72,52.2,89.8,611.03,496.43,753.54,705.0319999999999,638.41,1,Moderate Activity,648.353,111.7381987624047,350.41499999999996,-521.23
2,19.4,53.3,87.41,610.31,476.34,754.98,702.08,627.44,2,Low Activity,640.21,121.12871886275913,348.85999999999996,-522.9
2,22.55,51.99,100.66,573.54,462.94,703.92,653.0,584.99,1,Low Activity,601.2125,104.26445459343594,337.09999999999997,-472.88
3,23.49,51.15,129.18,551.31,448.2,715.2,659.62,593.43,1,Low Activity,604.1125,115.24515705659829,340.245,-422.12999999999994
2,19.22,53.29,93.02,614.86,520.05,754.45,718.18,646.64,2,Low Activity,659.8299999999999,103.39260353945379,353.94,-521.84
2,24.38,47.91,109.29,541.86,394.99,720.95,644.01,562.79,2,Low Activity,580.685,139.62711042869387,325.575,-432.57
2,18.72,53.71,75.56,617.11,540.78,758.01,718.646,657.45,1,Moderate Activity,668.7215,94.79972937197658,346.33500000000004,-541.55
2,19.0,53.36,90.75,612.82,495.46,754.91,709.58,635.68,1,Low Activity,648.9074999999999,113.48830229734399,351.785,-522.07
2,18.84,54.27,99.16,605.57,449.74,754.81,697.37,636.18,2,Moderate Activity,634.525,132.37095665842511,352.365,-506.4100000000001
0,18.82,53.44,125.07,592.89,459.55,741.37,724.154,631.38,1,High Activity,639.1135,129.0880009747872,358.98,-467.82
3,23.61,51.38,144.24,552.97,430.02,706.27,670.41,595.98,1,Low Activity,600.67,122.68991564101754,348.605,-408.73
1,19.71,59.1,131.35,548.87,474.18,703.01,637.25,563.55,2,Low Activity,594.4975,98.38154887138813,340.11,-417.52
2,18.74,52.62,72.93,627.33,548.85,775.71,730.48,687.48,1,Low Activity,685.63,98.04441136546234,350.13,-554.4000000000001
2,18.85,52.01,60.78,617.75,551.5,775.67,738.79,686.92,1,Moderate Activity,688.22,98.14763675198704,339.265,-556.97
2,18.73,52.16,71.25,578.93,566.69,778.77,737.8,686.57,1,Moderate Activity,692.4575000000001,91.9382341121835,325.09,-507.67999999999995
2,19.3,46.45,82.89,600.85,527.69,751.78,718.06,664.31,0,Low Activity,665.46,98.65731566048878,341.87,-517.96
0,21.2,53.64,123.9,536.07,457.26,652.31,581.75,522.06,4,Low Activity,553.345,83.29064313194688,329.985,-412.1700000000001
1,15.97,45.33,70.1,617.23,607.72,796.09,766.38,718.23,0,Low Activity,722.105,82.73048551370488,343.665,-547.13
2,20.4,50.52,78.37,622.48,508.81,768.41,723.138,668.37,1,Moderate Activity,667.182,113.22732833846547,350.425,-544.11
2,20.29,51.09,76.92,611.08,516.27,767.14,734.29,667.16,1,Moderate Activity,671.2149999999999,111.3619583460468,344.0,-534.1600000000001
2,20.27,51.43,89.24,610.86,513.38,760.86,717.98,663.97,1,Low Activity,664.0475,107.9846845236243,350.05,-521.62
0,21.94,50.96,112.45,552.42,473.13,739.37,694.82,627.41,1,Low Activity,633.6825,116.5105017798825,332.435,-439.96999999999997
3,22.64,45.84,120.17,590.9,465.97,731.08,676.96,610.58,1,Moderate Activity,621.1475,114.58900219916396,355.53499999999997,-470.72999999999996
3,23.89,51.08,167.23,547.1,423.19,704.99,658.87,590.13,1,Low Activity,594.2950000000001,123.44713024881003,357.165,-379.87
2,20.2,52.27,83.08,609.96,502.07,749.25,707.95,657.03,1,Moderate Activity,654.075,108.12808500415915,346.52000000000004,-526.88
2,20.16,52.5,94.42,609.26,508.61,752.72,707.09,646.25,1,Low Activity,653.6675,106.08496417966121,351.84,-514.84
2,20.7,50.96,107.78,581.21,483.34,730.48,684.74,618.41,1,Moderate Activity,629.2425,107.6009393933591,344.495,-473.43000000000006
2,20.22,52.72,91.37,616.76,510.63,751.1,710.7239999999999,649.9,1,Low Activity,655.5885,105.2104173343432,354.065,-525.39
2,20.46,51.99,89.68,606.33,508.99,755.02,707.19,645.19,1,Moderate Activity,654.0975000000001,106.67660579995972,348.005,-516.6500000000001
2,20.18,52.69,91.12,608.24,493.27,747.13,710.61,625.61,1,High Activity,644.1550000000001,112.73910575601826,349.68,-517.12
2,20.45,52.49,94.8,599.87,505.87,749.05,704.05,640.6,1,Moderate Activity,649.8925,105.82072209638334,347.335,-505.07
1,17.22,50.65,118.82,581.46,498.28,740.94,701.41,639.87,1,Moderate Activity,645.125,106.36350329569507,350.14,-462.64000000000004
2,19.67,54.4,90.01,578.93,501.66,749.43,893.82,631.0,1,Low Activity,693.9775,167.29633476260022,334.46999999999997,-488.91999999999996
2,17.95,52.7,24.2,594.05,474.63,741.42,700.18,644.12,1,Low Activity,640.0875,117.29141695651333,309.125,-569.8499999999999
2,20.03,53.67,99.66,608.14,494.96,740.67,711.17,637.67,1,High Activity,646.1175,109.68432442696631,353.9,-508.48
2,18.56,45.71,103.77,595.87,487.79,742.43,703.6380000000001,646.99,2,Moderate Activity,645.212,112.02646170734246,349.82,-492.1
3,22.08,52.68,103.74,543.93,464.07,713.47,640.08,570.5,1,Low Activity,597.03,106.13478631752488,323.835,-440.18999999999994
1,18.35,45.29,76.58,614.13,524.75,780.85,761.668,675.32,0,Low Activity,685.647,116.67232632176894,345.355,-537.55
1,19.8,55.51,119.95,564.0,468.08,731.3,684.51,617.6,1,Moderate Activity,625.3725,114.77401197570815,341.975,-444.05
2,19.65,49.71,71.5,619.67,554.61,769.6,732.86,690.02,1,Moderate Activity,686.7725,93.91827134091996,345.585,-548.17
2,19.17,50.63,70.89,623.01,546.24,762.16,727.15,667.63,1,Moderate Activity,675.7950000000001,94.7759014728955,346.95,-552.12
2,20.88,54.43,127.84,578.93,435.12,690.11,624.59,555.69,2,Low Activity,576.3775,108.99721812199307,353.385,-451.0899999999999
2,18.89,52.21,71.56,622.08,533.79,763.69,718.19,657.92,1,Low Activity,668.3975,99.64756340055021,346.82000000000005,-550.52
0,22.0,52.91,123.15,558.31,436.15,688.54,639.05,571.52,3,Moderate Activity,583.815,109.50547946716334,340.72999999999996,-435.15999999999997
2,18.94,53.18,76.64,578.93,519.56,764.21,715.18,648.01,1,Moderate Activity,661.74,106.08110073586784,327.78499999999997,-502.28999999999996
0,19.65,50.93,118.7,589.06,447.66,743.05,708.65,634.82,1,Moderate Activity,633.5450000000001,131.89258874806671,353.88,-470.35999999999996
2,19.08,53.35,83.83,617.4,505.18,760.87,714.09,633.91,1,Moderate Activity,653.5124999999999,111.92565222057007,350.615,-533.5699999999999
1,20.16,49.06,77.29,597.04,535.37,750.25,711.48,647.79,0,High Activity,661.2225,93.93436693599776,337.16499999999996,-519.75
2,21.05,49.44,83.17,614.26,506.75,750.55,711.44,640.21,1,Moderate Activity,652.2375,107.20938558882487,348.715,-531.09
3,25.64,48.38,117.78,547.71,476.03,680.65,596.7860000000001,542.2,2,Moderate Activity,573.9165,86.60784665567742,332.745,-429.93000000000006
2,18.27,53.64,79.42,595.93,532.98,755.4,719.29,658.78,1,Moderate Activity,666.6125,97.59974773703736,337.67499999999995,-516.51
2,22.42,48.63,91.04,607.64,501.43,742.49,689.68,628.16,1,Low Activity,640.4399999999999,103.78400422672722,349.34,-516.6
0,18.88,48.56,124.97,586.26,466.83,733.12,679.73,604.35,1,Low Activity,621.0075,115.56487135659637,355.615,-461.28999999999996
3,24.48,49.23,110.89,594.61,450.68,701.58,544.93,579.03,1,Low Activity,569.0550000000001,103.69351072592089,352.75,-483.72
3,23.29,47.79,94.26,608.44,499.29,744.34,679.75,604.42,1,Moderate Activity,631.95,105.31370376166628,351.35,-514.1800000000001
0,21.76,52.41,121.68,540.21,412.03,654.66,586.28,511.77,4,Low Activity,541.185,104.01344608591077,330.94500000000005,-418.53000000000003
0,21.26,57.47,117.54,543.29,459.45,713.63,668.83,612.59,1,Low Activity,613.625,110.78446626971973,330.41499999999996,-425.74999999999994
3,23.5,47.73,95.68,606.93,481.94,735.82,701.76,610.95,1,Moderate Activity,632.6175000000001,113.43813420392047,351.30499999999995,-511.24999999999994
3,23.9,47.23,93.56,604.31,495.16,741.53,684.88,611.61,1,Low Activity,633.2950000000001,106.34432268187457,348.93499999999995,-510.74999999999994
3,24.18,46.74,98.04,599.03,496.54,737.15,471.41,620.26,1,Moderate Activity,581.34,122.56585631134523,348.53499999999997,-500.98999999999995
3,24.29,46.8,96.76,597.72,493.84,730.16,674.202,609.14,1,Low Activity,626.8355,101.52252847356918,347.24,-500.96000000000004
3,24.51,46.34,98.43,600.81,494.75,727.62,681.41,606.44,1,High Activity,627.555,101.64706341060719,349.62,-502.37999999999994
3,24.37,46.79,99.35,602.35,486.6,739.85,681.07,615.31,1,Moderate Activity,630.7075,108.70835796601229,350.85,-503.0
3,24.35,46.98,104.63,603.55,492.71,728.47,683.862,615.41,1,Moderate Activity,630.1129999999999,102.72749886309248,354.09,-498.91999999999996
3,24.32,47.06,106.66,601.4,488.45,729.77,686.4859999999999,613.26,1,Low Activity,629.4915,105.60984314447208,354.03,-494.74
3,24.1,47.78,96.86,601.93,494.49,729.55,681.39,588.35,1,Moderate Activity,623.4449999999999,104.0463760381238,349.395,-505.06999999999994
3,24.08,47.79,101.13,599.76,491.75,735.43,682.69,615.15,1,Moderate Activity,631.255,105.22833252820585,350.445,-498.63
0,19.4,50.43,107.55,592.92,441.72,897.82,687.36,632.05,1,Low Activity,664.7375,187.65616365665514,350.23499999999996,-485.36999999999995
0,21.84,52.16,99.47,578.93,466.32,588.43,646.15,579.8,1,Low Activity,570.175,75.24171560156418,339.2,-479.4599999999999
1,19.06,53.15,99.79,552.94,499.97,747.29,708.27,644.87,1,High Activity,650.1,108.62169028329467,326.365,-453.15000000000003
1,18.86,48.97,78.51,598.45,502.93,745.04,719.15,639.75,1,Moderate Activity,651.7175,108.83806361593659,338.48,-519.94
2,18.54,52.91,104.59,561.24,479.09,706.33,635.0319999999999,560.25,1,Low Activity,595.1755,97.70618766314992,332.915,-456.65
3,25.32,46.53,113.1,572.38,444.39,718.92,668.9,610.02,1,Low Activity,610.5575,119.38481991023816,342.74,-459.28
3,24.97,46.87,100.4,599.06,376.88,821.12,641.598,598.53,2,Low Activity,609.5319999999999,182.6159058497735,349.72999999999996,-498.65999999999997
3,24.88,47.2,111.29,599.68,367.76,719.19,657.16,597.42,2,Low Activity,585.3825,153.36330555796803,355.48499999999996,-488.38999999999993
1,17.17,52.73,84.26,607.21,532.18,762.25,711.91,647.67,1,Moderate Activity,663.5024999999999,99.31535946166636,345.735,-522.95
2,22.29,46.73,82.12,560.7,481.19,616.19,701.46,652.74,0,Moderate Activity,612.895,94.49593871343538,321.41,-478.58000000000004
3,25.62,45.34,111.03,595.57,399.37,714.31,678.42,583.48,2,Low Activity,593.895,140.94052610941964,353.3,-484.5400000000001
3,25.46,45.47,103.13,596.99,389.3,713.95,668.06,592.48,2,Low Activity,590.9475,143.4573287020685,350.06,-493.86
3,25.35,45.6,105.32,597.74,393.78,718.18,802.68,587.47,2,Low Activity,625.5274999999999,178.06625272165786,351.53,-492.42
3,25.58,45.13,108.54,601.2,411.04,682.74,596.11,523.25,2,High Activity,553.285,115.07724782365393,354.87,-492.66
1,20.42,57.43,132.04,559.17,462.43,716.01,665.01,590.52,1,Low Activity,608.4925000000001,110.1688178433444,345.60499999999996,-427.13
0,20.49,57.04,117.56,548.78,460.61,632.31,680.29,603.74,1,Low Activity,594.2375,94.51834791016326,333.16999999999996,-431.21999999999997
2,18.41,48.78,98.49,599.33,478.52,746.98,671.1199999999999,641.93,0,Low Activity,634.6374999999999,113.10417686805383,348.91,-500.84000000000003
1,17.27,53.08,130.63,576.99,481.75,723.48,673.41,608.6,2,Moderate Activity,621.81,104.5476870459919,353.81,-446.36
2,18.46,53.49,79.11,589.62,475.06,741.39,709.57,623.08,0,Low Activity,637.275,119.13816139256137,334.365,-510.51
3,22.3,51.86,124.94,537.84,405.63,631.26,570.25,496.37,4,Low Activity,525.8774999999999,97.30458001382394,331.39,-412.90000000000003
3,22.36,46.67,126.92,586.63,436.76,722.57,679.038,623.04,2,Low Activity,615.352,125.83827442131167,356.775,-459.71
3,23.63,49.03,110.48,603.04,411.59,679.37,599.63,518.54,2,High Activity,552.2825,114.49301911033706,356.76,-492.55999999999995
3,23.47,49.29,105.25,598.24,407.63,688.54,637.9680000000001,533.43,1,Low Activity,566.892,124.27673926631108,351.745,-492.99
0,23.02,49.53,113.72,573.71,419.47,720.91,673.69,611.1,2,Low Activity,606.2925,132.4202311771128,343.71500000000003,-459.99
3,22.28,51.73,104.25,601.65,421.71,679.94,608.39,525.19,2,Low Activity,558.8075,111.14160288418856,352.95,-497.4
3,22.32,51.82,103.04,596.52,405.97,693.79,661.238,528.74,2,Low Activity,572.4345000000001,131.95056913228277,349.78,-493.47999999999996
1,16.94,50.98,115.48,585.08,492.01,740.17,701.98,645.38,1,High Activity,644.885,109.10252196901774,350.28000000000003,-469.6
3,21.62,53.47,99.87,601.47,418.28,691.29,614.74,536.93,2,Low Activity,565.31,116.52972524925418,350.67,-501.6
0,20.47,54.84,120.57,550.75,445.41,709.9,674.98,600.52,2,High Activity,607.7025,117.41810603565362,335.65999999999997,-430.18
1,17.86,41.17,56.04,630.96,593.22,798.8,764.98,715.12,0,Moderate Activity,718.03,90.02610658396075,343.5,-574.9200000000001
0,20.21,54.82,117.72,556.7,455.31,723.33,679.912,607.93,1,High Activity,616.6205,117.60007591125668,337.21000000000004,-438.98
0,20.01,51.85,101.08,552.45,487.55,744.0,702.32,643.78,1,Moderate Activity,644.4124999999999,112.3642776493787,326.76500000000004,-451.37000000000006
0,19.79,56.63,133.6,561.49,388.93,697.13,658.49,560.22,2,Low Activity,576.1925,137.50287521236297,347.545,-427.89
0,21.24,54.14,97.79,605.47,409.27,703.43,629.442,545.45,2,Low Activity,571.8979999999999,126.173613258346,351.63,-507.68
0,21.07,54.35,107.75,598.6,405.87,702.71,620.4,542.52,2,Low Activity,567.875,126.26407367101697,353.175,-490.85
0,21.12,54.15,201.63,600.14,412.95,688.01,618.76,545.34,2,Low Activity,566.265,117.64482549890015,400.885,-398.51
0,21.2,54.04,100.9,604.62,418.74,568.57,626.68,554.11,2,Low Activity,542.025,87.97034443492873,352.76,-503.72
0,20.99,54.46,102.26,598.96,421.98,701.82,637.37,560.96,2,Low Activity,580.5325,120.36491331917841,350.61,-496.70000000000005
1,19.58,52.96,109.11,576.16,404.51,702.01,626.36,566.41,2,Low Activity,574.8225,126.37232275436475,342.635,-467.04999999999995
0,22.26,53.85,132.13,559.83,415.94,694.69,632.08,562.85,2,Low Activity,576.39,119.75502800856981,345.98,-427.70000000000005
0,22.92,50.41,119.54,578.93,428.19,700.62,685.8199999999999,570.33,1,Low Activity,596.24,126.26940959709916,349.23499999999996,-459.38999999999993
0,20.68,55.38,111.03,600.46,418.34,695.35,626.54,546.78,2,Low Activity,571.7525,118.93560312903226,355.745,-489.43000000000006
0,20.66,55.34,102.65,597.5,420.91,698.69,620.97,550.53,2,Moderate Activity,572.7750000000001,117.94795956974698,350.075,-494.85
1,19.76,55.04,106.4,556.71,496.74,711.63,662.4,583.64,2,Low Activity,613.6025,94.06590256304352,331.555,-450.31000000000006
0,20.7,54.82,102.8,594.8,413.96,702.27,632.45,554.21,2,Low Activity,575.7225000000001,123.64218950261274,348.79999999999995,-491.99999999999994
0,20.63,54.93,103.18,596.64,427.2,706.22,630.56,549.97,2,Low Activity,578.4875,119.34305212984403,349.90999999999997,-493.46
0,20.56,55.09,105.79,599.48,438.51,704.82,636.46,567.4,2,Moderate Activity,586.7975,113.66782024096943,352.635,-493.69
0,20.53,55.01,107.61,595.81,431.36,708.93,646.38,561.32,2,Low Activity,586.9975000000001,120.10576072084689,351.71,-488.19999999999993
0,20.51,54.99,109.34,606.98,426.23,707.13,637.63,556.94,2,Low Activity,581.9825000000001,120.61579370740245,358.16,-497.64
0,20.42,55.28,108.23,596.7,442.08,701.47,650.4440000000001,559.01,2,Low Activity,588.251,113.88226161552409,352.46500000000003,-488.47
0,20.46,55.32,108.05,602.09,437.24,877.52,636.61,551.15,2,Low Activity,625.63,186.73260293799794,355.07,-494.04
0,20.16,56.08,106.44,596.16,441.28,712.9,640.64,555.69,2,Low Activity,587.6274999999999,116.82054481839513,351.29999999999995,-489.71999999999997
2,20.42,52.22,93.88,608.1,508.8,885.85,704.848,639.07,1,Low Activity,684.642,156.93964641224346,350.99,-514.22
0,20.08,56.23,108.56,578.93,433.93,707.82,643.39,559.29,2,Low Activity,586.1075,118.28269424701712,343.745,-470.36999999999995
1,18.94,55.85,117.02,578.93,514.18,740.69,699.05,613.98,1,Moderate Activity,641.9749999999999,100.19562349058302,347.97499999999997,-461.90999999999997
0,20.18,55.85,106.34,600.15,440.45,716.13,685.396,573.14,2,Low Activity,603.779,125.03225244178665,353.245,-493.80999999999995
3,24.6,51.07,117.41,542.18,472.93,854.01,658.1220000000001,525.34,2,Low Activity,627.6005,169.87544170460112,329.79499999999996,-424.77
2,18.87,49.95,121.34,579.49,496.08,725.26,677.35,605.68,2,Low Activity,626.0925,99.63507527472443,350.415,-458.15
0,20.64,44.88,113.75,586.18,446.32,569.74,662.458,586.69,2,Low Activity,566.302,89.57147434311887,349.965,-472.42999999999995
2,22.16,47.03,95.62,597.51,489.57,873.55,687.93,626.81,1,Low Activity,669.4649999999999,159.34585393623098,346.565,-501.89
1,19.69,59.18,128.9,549.89,484.8,733.11,696.91,628.78,1,High Activity,635.9000000000001,109.62650014176924,339.395,-420.99
3,23.51,50.66,118.56,559.66,447.19,712.84,665.67,615.55,1,Low Activity,610.3125,115.77668515292706,339.11,-441.09999999999997
0,20.36,53.35,94.97,607.54,444.77,725.05,677.42,592.58,1,Moderate Activity,609.9549999999999,122.99913292377306,351.255,-512.5699999999999
0,20.01,55.39,113.72,599.71,447.96,727.63,804.0,572.43,1,Moderate Activity,638.005,159.1688446273328,356.71500000000003,-485.99
0,20.65,47.85,108.66,591.54,372.42,701.46,631.84,536.8,2,Low Activity,560.6300000000001,142.47201596570935,350.09999999999997,-482.88
0,19.79,55.89,109.72,599.99,452.99,719.54,660.13,573.74,1,Low Activity,601.5999999999999,115.75364097945254,354.855,-490.27
0,19.64,56.24,108.22,596.19,450.12,722.35,649.29,575.41,1,Low Activity,599.2925,116.14029859757265,352.20500000000004,-487.97
0,19.57,56.41,108.59,604.72,462.2,713.52,651.83,575.83,1,Moderate Activity,600.845,108.23325443996714,356.65500000000003,-496.13
0,19.57,56.19,106.35,598.26,462.11,727.02,653.21,587.34,1,High Activity,607.4200000000001,112.4264005175534,352.305,-491.90999999999997
0,19.65,55.95,110.75,603.62,453.01,725.95,654.96,571.6,1,Moderate Activity,601.38,117.31582246227491,357.185,-492.87
0,19.58,56.14,110.39,598.38,467.77,717.6,651.86,591.85,1,Low Activity,607.27,106.23716142041197,354.385,-487.99
0,20.04,48.42,118.29,582.62,474.78,736.89,694.94,628.88,1,Low Activity,633.8725000000001,115.00317890533869,350.455,-464.33
0,19.47,56.27,109.77,604.57,461.92,718.63,652.24,581.55,1,High Activity,603.585,109.78338444409518,357.17,-494.80000000000007
0,19.56,55.91,111.59,600.32,469.38,721.5,663.2,589.29,1,Low Activity,610.8425,108.72371601909127,355.95500000000004,-488.73
3,21.71,51.78,97.86,578.93,487.98,732.8,694.79,630.04,1,Moderate Activity,636.4024999999999,107.6588718669607,338.395,-481.06999999999994
0,19.67,55.66,106.08,605.68,458.08,721.43,701.642,580.02,1,Moderate Activity,615.293,122.040054173483,355.88,-499.59999999999997
2,20.56,44.97,85.29,595.8,503.46,753.44,716.004,660.89,1,Moderate Activity,658.4485,110.0960439903875,340.54499999999996,-510.50999999999993
0,19.35,56.46,105.8,598.76,456.68,720.78,659.71,591.19,1,Moderate Activity,607.09,113.3876221933711,352.28,-492.96
0,19.36,56.44,115.91,601.96,463.89,733.08,679.1120000000001,592.86,1,Moderate Activity,617.2355,117.41331100433207,358.935,-486.05000000000007
0,19.02,53.37,122.09,586.79,449.5,738.99,692.856,619.69,1,Moderate Activity,625.259,127.05160973924468,354.44,-464.69999999999993
0,19.31,56.5,109.43,602.8,469.95,722.84,658.85,592.53,1,High Activity,611.0425,108.06486366221603,356.115,-493.36999999999995
0,19.29,56.53,111.3,601.91,476.47,726.86,659.5,587.47,1,High Activity,612.575,107.11029969148623,356.60499999999996,-490.60999999999996
0,19.28,56.5,105.87,598.59,463.74,722.19,650.032,576.57,1,Moderate Activity,603.133,110.31785420320685,352.23,-492.72
1,18.69,56.38,105.73,594.22,505.21,743.22,696.9,622.19,1,Moderate Activity,641.88,103.86430410235593,349.975,-488.49
1,16.87,49.52,114.72,585.96,498.63,744.45,715.32,648.92,2,Moderate Activity,651.83,109.6785494068918,350.34000000000003,-471.24
0,19.24,56.35,110.76,578.93,468.98,732.56,663.04,601.5,1,Moderate Activity,616.52,111.98667182601089,344.84499999999997,-468.16999999999996
1,19.22,56.38,111.77,595.55,478.56,725.1,664.16,597.14,1,High Activity,616.24,105.6210496697194,353.65999999999997,-483.78
1,18.3,51.1,94.05,567.38,500.46,721.92,670.8,612.58,2,High Activity,626.4399999999999,95.1267575396113,330.715,-473.33
1,16.19,48.71,61.24,613.62,621.13,786.23,755.11,713.43,0,Moderate Activity,718.975,71.72485459494963,337.43,-552.38
1,19.16,56.57,101.63,598.68,481.22,725.82,671.2180000000001,583.73,1,Low Activity,615.4970000000001,106.95084414190788,350.155,-497.04999999999995
0,19.57,56.19,106.35,598.26,462.11,727.02,653.21,587.34,1,High Activity,607.4200000000001,112.4264005175534,352.305,-491.90999999999997
1,19.07,56.8,111.99,596.42,479.23,728.48,672.192,594.12,1,Low Activity,618.5055,107.96442074899798,354.205,-484.42999999999995
1,19.72,53.99,119.58,578.05,481.0,722.77,665.224,636.99,1,Low Activity,626.4960000000001,103.35658519900896,348.815,-458.46999999999997
2,22.93,48.58,110.77,581.4,457.32,723.92,677.1220000000001,605.92,1,Moderate Activity,616.0705,116.42387241312095,346.085,-470.63
0,17.97,52.2,124.22,583.09,491.74,756.27,744.1419999999999,646.58,0,Low Activity,659.683,122.25507638812655,353.65500000000003,-458.87
0,20.8,55.06,113.33,601.55,413.59,701.84,630.69,563.78,2,Low Activity,577.475,122.94217570332272,357.44,-488.21999999999997
1,18.95,56.99,113.04,604.95,480.52,729.17,671.99,596.0,1,High Activity,619.4200000000001,107.47150599112305,358.995,-491.91
1,18.92,56.92,110.51,600.69,493.23,736.37,669.45,606.63,1,Low Activity,626.42,103.39536353241377,355.6,-490.18000000000006
1,18.96,56.72,196.51,603.46,485.44,730.53,668.08,598.08,1,High Activity,620.5325,105.06238317463264,399.985,-406.95000000000005
1,18.95,56.76,108.85,602.58,507.22,830.62,686.4159999999999,614.35,1,High Activity,659.6515,135.68855828329814,355.71500000000003,-493.73
1,20.14,57.45,131.42,558.73,460.68,716.52,681.99,604.58,1,Low Activity,615.9425,113.59820432119514,345.075,-427.31000000000006
1,19.0,56.33,111.39,596.37,490.47,727.19,674.06,607.86,1,Low Activity,624.895,102.04857683149399,353.88,-484.98
2,22.71,52.15,100.11,567.43,420.93,644.96,570.51,503.79,2,Low Activity,535.0475,95.46060561823397,333.77,-467.31999999999994
1,17.59,47.27,78.57,617.46,502.05,780.4,734.51,678.24,0,Moderate Activity,673.8,121.88387943721952,348.015,-538.8900000000001
1,19.14,55.72,111.23,597.85,486.36,734.86,677.7439999999999,613.72,1,High Activity,628.171,106.70710093834742,354.54,-486.62
1,19.44,54.71,109.76,605.31,482.22,735.2,673.5960000000001,595.18,1,Moderate Activity,621.549,109.13803860555069,357.53499999999997,-495.54999999999995
0,22.54,51.76,142.26,570.56,448.32,703.62,646.57,575.68,2,Low Activity,593.5475,110.05697778120812,356.40999999999997,-428.29999999999995
0,23.37,48.94,120.32,566.7,382.49,676.82,638.488,552.27,3,Low Activity,562.517,130.83257798677923,343.51,-446.38000000000005
1,18.85,48.71,97.7,603.92,517.27,758.94,668.4739999999999,653.9,1,Moderate Activity,649.646,99.7349385655131,350.81,-506.21999999999997
0,20.97,58.16,123.83,541.0,472.69,717.5,717.538,603.35,1,Low Activity,627.7695,116.55600874400828,332.415,-417.17
1,18.54,42.38,69.12,624.4,553.4,787.45,767.33,695.66,1,Moderate Activity,700.9599999999999,105.96782624929136,346.76,-555.28
1,18.46,41.48,67.5,624.89,570.12,785.42,757.97,697.25,0,Moderate Activity,702.69,95.75059582060051,346.195,-557.39
2,17.67,47.21,94.96,598.36,386.96,748.79,730.47,637.4,2,High Activity,625.905,166.59472830795096,346.66,-503.40000000000003
2,19.44,50.14,90.56,607.12,466.02,762.67,717.43,656.98,1,Low Activity,650.775,130.55815064560312,348.84000000000003,-516.56
2,18.91,52.99,125.27,553.46,453.02,836.05,819.56,541.11,2,Low Activity,662.4350000000001,194.4263628386507,339.365,-428.19000000000005
0,20.42,55.58,137.1,554.9,353.54,686.74,627.47,540.68,2,Low Activity,552.1075,145.33301560553954,346.0,-417.79999999999995
2,23.23,50.61,122.67,574.0,401.08,672.86,582.65,526.21,2,Low Activity,545.7,113.76843821259627,348.335,-451.33
1,17.69,40.72,56.89,629.61,610.51,804.54,767.48,735.8,0,Moderate Activity,729.5825,84.20563099737848,343.25,-572.72
1,17.7,41.27,59.15,633.14,604.05,805.48,771.16,710.34,0,Moderate Activity,722.7575,88.37699337685875,346.145,-573.99
1,17.61,42.68,57.33,628.91,606.48,797.74,769.28,730.31,0,Low Activity,725.9525,84.30773684346333,343.12,-571.5799999999999
1,18.87,43.28,62.82,578.93,582.83,787.05,774.9,710.02,0,Low Activity,713.7,93.57022638995088,320.875,-516.1099999999999
1,18.93,44.55,69.94,628.58,565.39,791.15,755.5,698.37,0,Moderate Activity,702.6025,99.13625215664887,349.26,-558.6400000000001
1,19.34,44.4,68.16,624.48,565.06,787.43,747.39,696.02,0,Moderate Activity,698.9749999999999,96.79920540307482,346.32,-556.32
1,19.5,44.63,70.18,623.67,547.66,779.01,736.27,689.84,0,Low Activity,688.195,100.5175972985162,346.92499999999995,-553.49
1,18.94,46.58,75.59,623.83,532.11,774.53,730.2,681.3,0,Moderate Activity,679.535,105.40119875978641,349.71000000000004,-548.24
0,17.74,49.9,113.18,586.95,492.99,739.71,701.96,633.82,1,High Activity,642.12,108.64817930672686,350.06500000000005,-473.77000000000004
1,19.55,46.12,75.34,617.87,547.11,770.09,738.38,684.5,0,Low Activity,685.02,98.49472574711805,346.605,-542.53
1,19.47,46.65,75.34,622.89,533.44,772.06,729.22,672.22,0,Moderate Activity,676.735,103.91562779486054,349.115,-547.55
1,19.18,47.81,84.39,618.68,544.05,765.82,730.67,672.64,0,Moderate Activity,678.295,97.39518348802817,351.53499999999997,-534.29
2,17.78,47.16,98.89,594.56,367.01,747.3,702.57,650.05,1,Moderate Activity,616.7325000000001,171.16009199479493,346.72499999999997,-495.66999999999996
3,24.51,47.8,116.49,574.29,458.45,702.81,673.32,595.56,2,Low Activity,607.535,109.20123579886814,345.39,-457.79999999999995
1,19.72,55.62,118.61,555.14,463.37,731.12,683.02,634.84,1,Low Activity,628.0875,116.63436696931711,336.875,-436.53
1,19.4,48.38,80.93,578.93,531.92,767.84,527.61,655.79,0,Low Activity,620.79,114.6430573563005,329.92999999999995,-497.99999999999994
1,19.27,48.73,79.69,612.1,524.41,758.58,721.5,670.02,0,Moderate Activity,668.6275,102.77415348714874,345.895,-532.4100000000001
0,20.29,55.73,131.35,578.93,367.32,690.26,542.64,550.85,2,Low Activity,537.7674999999999,132.28908480420193,355.14,-447.5799999999999
0,20.3,54.16,126.4,545.58,463.43,677.14,631.92,554.64,3,Low Activity,581.7824999999999,93.72095332243833,335.99,-419.18000000000006
3,24.84,44.6,96.53,601.44,467.98,726.75,692.24,599.94,1,Moderate Activity,621.7275,115.63552953857506,348.985,-504.9100000000001
1,18.95,50.41,81.72,619.36,522.61,766.52,714.93,667.96,0,Moderate Activity,668.005,104.95533796175717,350.54,-537.64
1,18.93,50.46,76.2,613.82,534.29,765.33,732.52,658.87,0,Moderate Activity,672.7524999999999,102.48143779078568,345.01000000000005,-537.62
1,19.19,49.8,89.1,619.68,528.71,769.91,711.41,662.01,0,Moderate Activity,668.01,102.80671184314764,354.39,-530.5799999999999
2,21.55,51.58,122.13,572.79,466.63,706.92,623.4440000000001,566.57,1,Moderate Activity,590.8910000000001,100.92032139597389,347.46,-450.65999999999997
1,19.62,49.64,93.2,610.8,529.12,758.02,725.12,650.2,0,Low Activity,665.615,101.56777097091378,352.0,-517.5999999999999
0,20.45,56.42,114.65,604.07,447.25,721.87,682.67,590.77,3,Low Activity,610.64,121.99937540823723,359.36,-489.4200000000001
3,24.23,47.93,113.49,598.76,389.1,667.65,575.81,494.3,2,Low Activity,531.715,118.54902459882716,356.125,-485.27
2,18.4,52.92,105.4,593.77,502.01,752.28,711.66,651.27,1,Low Activity,654.305,109.68390173585182,349.585,-488.37
0,18.91,49.85,123.51,578.89,462.77,739.98,695.626,635.79,1,Low Activity,633.5415,121.5889254647259,351.2,-455.38
2,19.74,49.79,89.66,614.28,519.91,755.88,714.29,655.51,0,Low Activity,661.3975,102.92057564776185,351.96999999999997,-524.62
2,19.43,50.49,89.3,614.92,524.64,759.44,532.59,650.0,0,Low Activity,616.6675,111.10524901341672,352.10999999999996,-525.62
2,19.65,49.95,88.5,607.77,529.81,757.81,716.39,657.96,0,Low Activity,665.4925,99.2967869151196,348.135,-519.27
2,19.46,50.79,95.34,611.5,527.71,749.14,719.05,648.98,0,Moderate Activity,661.22,98.40219001627959,353.42,-516.16
1,19.67,59.23,136.34,544.84,480.34,631.48,692.1199999999999,552.89,2,Low Activity,589.2075,92.28405473500463,340.59000000000003,-408.5
2,19.49,50.06,89.64,606.54,498.08,752.76,717.87,655.07,0,Moderate Activity,655.945,112.73859691043408,348.09,-516.9
2,19.09,51.03,85.87,609.02,445.25,755.59,717.52,649.41,1,Moderate Activity,641.9425,138.28884731483834,347.445,-523.15
3,22.63,46.47,126.72,576.79,427.84,601.18,473.68,598.83,2,Low Activity,525.3825,88.18065561675077,351.755,-450.06999999999994
2,18.66,52.24,91.41,614.32,462.58,759.65,716.57,650.24,0,Low Activity,647.26,131.08644857497666,352.865,-522.9100000000001
2,19.09,51.73,88.08,609.45,463.9,869.66,720.88,652.77,0,Moderate Activity,676.8025,168.36654148513793,348.76500000000004,-521.37
2,21.97,54.34,103.19,557.39,482.83,724.27,679.98,614.1,1,Low Activity,625.295,105.21106421538246,330.28999999999996,-454.2
2,21.52,47.3,90.9,578.93,495.64,751.81,726.78,648.14,1,Moderate Activity,655.5925,115.42069351579319,334.91499999999996,-488.03
1,20.16,57.27,124.71,547.74,487.22,712.67,679.006,603.56,2,Low Activity,620.6139999999999,99.94787133301035,336.225,-423.03000000000003
2,22.17,46.88,89.75,612.34,480.17,747.9,723.43,647.69,1,Moderate Activity,649.7975,120.86325037688943,351.045,-522.59
0,21.23,53.25,126.96,576.96,459.41,719.99,638.37,599.15,1,Moderate Activity,604.23,108.87998897869157,351.96000000000004,-450.00000000000006
2,22.92,45.82,93.14,612.19,483.53,746.17,715.68,645.01,1,Low Activity,647.5974999999999,117.29820157047023,352.665,-519.0500000000001
2,23.19,45.19,89.56,578.93,488.57,752.61,709.82,634.87,1,Low Activity,646.4675,115.96823138975031,334.245,-489.36999999999995
2,23.45,44.9,93.46,604.15,492.46,752.73,702.35,639.2,1,High Activity,646.685,112.82066905787552,348.805,-510.69
2,23.08,46.03,94.4,607.79,495.99,748.35,700.13,637.81,1,Low Activity,645.57,109.50634076009786,351.09499999999997,-513.39
2,23.62,46.82,128.34,588.71,470.18,743.13,707.97,628.27,1,Moderate Activity,637.3875,121.3875920004457,358.52500000000003,-460.37
2,15.58,46.03,74.81,596.85,545.31,607.08,800.01,666.61,1,Moderate Activity,654.7524999999999,108.76682961730567,335.83000000000004,-522.04
2,23.34,45.94,101.78,605.54,459.99,753.87,712.97,637.14,1,High Activity,640.9925000000001,129.99850931837642,353.65999999999997,-503.76
1,19.22,56.99,142.42,566.96,427.96,717.42,686.58,594.13,1,Low Activity,606.5225,130.0584474701022,354.69,-424.5400000000001
0,21.54,53.58,125.9,554.45,444.87,884.65,639.524,567.0,3,Low Activity,634.011,185.39605667507243,340.175,-428.55000000000007
2,23.78,44.42,89.75,611.94,496.89,752.04,715.43,635.18,1,Moderate Activity,649.8849999999999,113.07150849499324,350.845,-522.19
2,23.53,44.44,82.27,607.58,500.62,756.51,724.27,658.52,1,Moderate Activity,659.98,113.79658196390024,344.925,-525.3100000000001
2,23.8,44.09,91.82,606.73,494.09,759.72,712.18,635.0,1,Moderate Activity,650.2475,116.09983329732505,349.275,-514.9100000000001
2,23.44,45.61,92.53,599.89,462.45,753.95,713.44,646.34,2,Low Activity,644.0450000000001,128.94027829451383,346.21,-507.36
2,23.61,45.03,100.6,603.98,462.75,750.83,712.11,639.73,1,Moderate Activity,641.355,127.66287936070793,352.29,-503.38
0,20.24,55.82,110.21,599.38,426.92,703.93,636.73,549.34,2,Low Activity,579.23,119.64961094796755,354.795,-489.17
2,24.3,44.1,91.38,610.8,488.57,881.33,727.26,642.69,1,High Activity,684.9625,164.01854760463323,351.09,-519.42
2,24.84,43.3,91.46,578.93,461.32,747.79,706.0600000000001,639.03,1,Low Activity,638.55,126.36149334350239,335.195,-487.46999999999997
3,21.31,49.02,122.33,589.12,428.47,698.58,628.69,562.26,2,Low Activity,579.5,115.04633993888436,355.725,-466.79
2,24.8,43.77,91.02,612.12,465.24,751.35,711.19,648.9,1,Low Activity,644.1700000000001,126.5142292392441,351.57,-521.1
2,24.97,43.52,91.39,613.77,461.55,748.95,713.45,622.43,1,Moderate Activity,636.595,128.2857959141749,352.58,-522.38
2,25.17,43.17,88.82,609.71,463.38,737.98,898.91,625.41,1,High Activity,681.42,183.64775649777664,349.265,-520.8900000000001
2,25.2,43.1,93.34,613.19,470.22,737.77,691.7239999999999,628.22,1,Low Activity,631.9835,116.82080977149003,353.26500000000004,-519.85
2,16.36,48.43,97.13,598.05,508.12,760.96,488.62,665.4,1,Moderate Activity,605.775,130.25528511350316,347.59,-500.91999999999996
3,24.22,49.52,109.9,551.73,450.24,728.38,670.76,615.33,1,Low Activity,616.1775,119.8674580178735,330.815,-441.83000000000004
2,22.71,49.44,105.04,535.03,525.76,768.65,724.76,650.3,1,High Activity,667.3675,106.29522954958985,320.03499999999997,-429.98999999999995
2,24.59,44.03,96.41,604.12,473.57,731.72,702.16,632.83,1,Moderate Activity,635.0699999999999,115.36833505487255,350.265,-507.71000000000004
2,24.3,44.81,93.65,604.16,476.61,744.15,700.47,628.93,1,Low Activity,637.54,117.32927171000422,348.905,-510.51
1,16.35,50.2,112.5,580.07,515.32,747.39,527.75,640.34,1,Moderate Activity,607.7,108.78837652371996,346.285,-467.57000000000005
2,23.98,45.35,100.07,604.97,455.58,747.16,702.406,627.12,1,Moderate Activity,633.0665,128.27329099361774,352.52,-504.90000000000003
2,24.33,44.6,99.29,601.85,469.66,833.17,713.14,625.53,1,High Activity,660.375,153.00178920522464,350.57,-502.56
3,23.03,45.03,90.32,561.96,520.39,607.82,702.66,658.31,1,Low Activity,622.295,78.20862718822434,326.14,-471.64000000000004
0,21.21,51.57,103.88,555.28,477.82,746.57,703.43,638.72,1,Moderate Activity,641.635,117.86125699312731,329.58,-451.4
2,25.15,43.3,98.22,602.0,450.4,740.02,688.838,622.87,1,Moderate Activity,625.532,126.21866667018789,350.11,-503.78
2,18.16,54.02,85.88,592.74,547.74,754.62,721.29,666.88,0,Moderate Activity,672.6325,90.77578655676854,339.31,-506.86
2,24.78,44.08,94.92,578.93,454.38,738.73,696.27,616.83,1,Moderate Activity,626.5525,125.40895512283004,336.92499999999995,-484.00999999999993
2,24.67,44.45,97.5,607.03,446.58,730.58,646.068,616.26,1,Moderate Activity,609.8720000000001,119.14368844382822,352.265,-509.53
2,17.93,46.35,63.68,626.21,602.77,781.91,765.82,700.04,0,Moderate Activity,712.635,81.35646276315936,344.945,-562.5300000000001
2,24.35,48.95,148.08,565.87,382.45,686.74,645.51,553.49,2,Low Activity,567.0475,135.08355596321363,356.975,-417.78999999999996
2,24.52,44.59,97.68,604.42,439.63,731.21,678.93,614.35,1,Low Activity,616.03,126.94175147155748,351.04999999999995,-506.73999999999995
2,24.36,44.91,101.97,612.04,440.65,722.0,690.27,615.58,1,High Activity,617.125,125.82364549903434,357.005,-510.06999999999994
3,23.67,46.46,99.16,604.31,456.45,726.19,635.0899999999999,601.93,1,Moderate Activity,604.915,112.05493102343453,351.73499999999996,-505.15
3,24.2,45.75,105.78,601.65,462.53,729.33,694.35,617.54,1,Moderate Activity,625.9375,118.52258332627305,353.715,-495.87
0,21.15,52.19,125.32,571.72,424.2,726.89,670.51,596.64,1,Low Activity,604.56,131.53768458759893,348.52,-446.40000000000003
1,19.9,58.34,129.67,548.75,467.21,686.68,610.34,548.65,2,Low Activity,578.22,93.08216979278755,339.21,-419.08000000000004
3,24.88,47.32,98.74,601.61,448.05,711.83,622.38,579.6,1,Low Activity,590.465,109.76962375812356,350.175,-502.87
3,24.55,46.78,99.44,599.43,447.67,715.74,676.53,589.99,1,Moderate Activity,607.4825000000001,118.79010378955535,349.43499999999995,-499.98999999999995
3,24.54,46.42,107.73,598.55,442.96,716.34,686.94,605.17,1,Moderate Activity,612.8525,122.63917627876233,353.14,-490.81999999999994
3,24.3,46.81,107.51,600.1,467.65,725.03,659.442,585.04,1,Moderate Activity,609.2905,110.39462970483059,353.805,-492.59000000000003
3,24.02,47.45,102.48,603.72,459.14,715.63,667.2879999999999,589.0,1,Moderate Activity,607.7645,111.98119128228632,353.1,-501.24
3,24.08,47.24,100.87,604.63,437.82,720.54,677.98,587.21,1,High Activity,605.8875,125.08404890978971,352.75,-503.76
3,24.76,45.31,111.05,601.84,476.82,722.4,672.25,589.37,1,Low Activity,615.21,107.3355414886731,356.445,-490.79
0,20.05,48.86,114.98,587.5,446.34,744.14,844.37,645.46,1,High Activity,670.0775,169.83091559450145,351.24,-472.52
3,21.66,48.57,147.32,570.48,427.49,702.27,660.56,589.33,3,Moderate Activity,594.9125,120.96374784069259,358.9,-423.16
3,24.31,46.63,101.36,598.5,459.98,717.61,672.64,590.35,1,Moderate Activity,610.145,113.13078051529565,349.93,-497.14
3,24.56,46.23,104.22,597.18,458.2,719.26,674.72,592.1,1,Moderate Activity,611.07,114.72502836492713,350.7,-492.9599999999999
3,24.82,45.57,107.46,598.95,458.4,718.37,670.18,586.28,1,Low Activity,608.3074999999999,113.87043730339613,353.20500000000004,-491.49000000000007
3,25.04,45.05,100.45,597.43,477.23,714.9,671.85,592.42,1,Moderate Activity,614.1,104.40166314128652,348.94,-496.97999999999996
1,20.22,56.98,126.56,550.86,478.84,713.73,667.96,593.56,2,Low Activity,613.5225,102.53919848038605,338.71000000000004,-424.3
3,24.22,46.43,100.96,603.27,470.14,596.13,662.868,588.91,1,Moderate Activity,579.512,80.1559676464163,352.115,-502.31
3,23.07,50.08,125.35,548.05,455.42,896.72,651.0,587.61,2,Low Activity,647.6875,184.93625593250593,336.7,-422.69999999999993
0,20.06,55.37,135.13,578.93,458.9,702.7,833.6,593.26,1,Low Activity,647.115,159.36498433888588,357.03,-443.79999999999995
3,23.34,52.91,147.94,557.05,426.12,658.36,579.29,510.21,3,Low Activity,543.495,98.92763702154555,352.495,-409.10999999999996
3,23.85,47.95,134.95,591.77,463.34,708.06,669.49,570.68,2,Low Activity,602.8924999999999,109.55664512783635,363.36,-456.82
3,23.92,46.81,120.67,599.12,466.2,718.68,684.55,593.73,1,High Activity,615.79,112.80972387165919,359.895,-478.45
2,16.86,46.12,85.16,590.81,436.11,739.87,705.77,634.27,1,Moderate Activity,629.005,135.9167817698266,337.98499999999996,-505.65
2,18.91,53.32,102.34,563.6,503.14,701.22,613.25,545.94,2,Low Activity,590.8875,86.39684306539601,332.97,-461.26
3,24.67,45.36,97.65,602.54,487.58,722.15,631.644,599.26,1,Moderate Activity,610.1585,96.86414669869686,350.09499999999997,-504.89
1,16.74,50.48,85.12,608.79,580.31,772.3,739.19,687.43,0,Moderate Activity,694.8075,83.94243836304338,346.955,-523.67
1,18.45,53.55,72.23,567.44,569.73,751.45,726.146,658.57,0,Moderate Activity,676.474,81.24765209325538,319.83500000000004,-495.21000000000004
0,19.99,50.87,113.19,578.93,431.74,729.17,693.38,618.7,2,Moderate Activity,618.2475,132.5819820274736,346.05999999999995,-465.73999999999995
0,22.27,50.5,100.61,554.58,458.01,578.54,682.4,639.71,1,Moderate Activity,589.665,97.57234393002969,327.595,-453.97
2,17.56,56.2,111.88,592.0,507.34,759.03,714.01,631.01,1,Low Activity,652.8475,110.5514716847617,351.94,-480.12
3,23.87,47.47,108.74,598.82,379.31,713.05,670.26,593.53,1,Low Activity,589.0374999999999,148.30374402444014,353.78000000000003,-490.08000000000004
3,23.28,48.65,105.07,601.92,401.88,716.19,679.16,603.65,1,Low Activity,600.22,140.27483143220434,353.495,-496.84999999999997
3,21.76,47.39,111.29,597.04,453.5,732.41,686.57,614.33,2,Moderate Activity,621.7025,122.21617169998412,354.16499999999996,-485.74999999999994
3,23.44,51.22,138.83,570.77,348.78,662.3,600.99,537.4,2,Low Activity,537.3675,135.67264312184187,354.8,-431.93999999999994
3,25.23,44.91,115.3,597.46,386.58,601.47,661.45,587.21,2,Low Activity,559.1775,119.47668932334321,356.38,-482.16
3,23.33,49.73,126.09,547.99,385.14,623.4,557.77,477.41,4,Low Activity,510.93,102.94043747073677,337.04,-421.9
3,24.81,45.89,110.64,604.28,398.65,715.41,660.84,584.66,1,Low Activity,589.89,138.31035560169263,357.46,-493.64
3,25.19,45.17,103.97,597.73,406.0,717.48,709.5820000000001,580.88,1,Low Activity,603.4855,145.78836794362806,350.85,-493.76
3,25.19,45.5,107.8,600.16,393.07,709.7,658.97,577.05,1,Low Activity,584.6975,138.9503655686687,353.97999999999996,-492.35999999999996
3,25.07,45.59,106.7,595.43,420.18,710.43,655.36,574.41,1,Low Activity,590.0949999999999,126.30275650198612,351.065,-488.72999999999996
2,17.17,46.53,89.19,590.34,447.01,740.0,694.6,633.19,1,Moderate Activity,628.7,128.79171324273935,339.765,-501.15000000000003
2,18.38,52.3,91.26,593.49,516.13,751.36,717.16,651.59,0,Moderate Activity,659.0600000000001,103.89046443249737,342.375,-502.23
2,19.74,47.33,106.4,599.54,551.69,760.22,719.4000000000001,635.57,0,Moderate Activity,666.72,92.59167673176677,352.96999999999997,-493.14
3,23.7,47.36,100.65,596.94,418.18,703.37,830.56,571.51,1,Low Activity,630.905,176.91145327536032,348.795,-496.2900000000001
0,18.34,53.92,140.41,579.24,481.38,735.52,899.87,617.58,1,Low Activity,683.5875,177.68883614810096,359.825,-438.83000000000004
3,23.29,48.63,97.54,578.93,430.78,707.86,634.472,564.34,1,Low Activity,584.3629999999999,117.97044729931307,338.23499999999996,-481.38999999999993
3,23.02,48.99,96.0,608.29,436.47,708.6,672.67,573.95,1,Moderate Activity,597.9225000000001,121.76245764465605,352.145,-512.29
3,22.56,47.67,151.24,574.7,434.82,898.11,672.21,591.68,2,Moderate Activity,649.205,193.00516651115848,362.97,-423.46000000000004
3,22.32,49.91,92.24,611.06,446.74,717.81,666.01,569.97,1,Moderate Activity,600.1324999999999,119.20133454929658,351.65,-518.8199999999999
0,20.28,53.18,121.08,574.44,422.35,723.73,684.08,607.94,1,Moderate Activity,609.525,133.71390216927082,347.76000000000005,-453.36000000000007
3,22.2,49.94,86.4,604.34,439.56,709.87,656.3839999999999,581.41,1,Low Activity,596.8059999999999,117.32625098700915,345.37,-517.94
0,21.68,46.78,107.46,589.41,375.77,683.55,607.63,522.51,2,Low Activity,547.365,131.9606500691273,348.435,-481.95
2,17.27,47.65,66.13,618.12,538.21,778.25,477.6,672.96,0,Low Activity,616.755,135.12101748679464,342.125,-551.99
0,20.98,52.41,92.38,608.12,438.88,723.95,684.29,582.2,1,High Activity,607.3299999999999,127.1875064619163,350.25,-515.74
0,20.83,52.75,89.81,597.85,445.6,720.13,498.0,590.31,1,Low Activity,563.51,120.33618546943113,343.83000000000004,-508.04
2,18.88,50.83,103.39,595.5,476.39,739.2,699.16,639.87,1,Low Activity,638.655,115.61654797937304,349.445,-492.11
1,16.88,49.22,65.95,618.67,564.6,785.08,751.51,696.91,1,Moderate Activity,699.525,97.01149777217131,342.31,-552.7199999999999
2,21.28,52.17,122.28,573.85,467.76,713.68,640.77,568.8,1,Low Activity,597.7525,104.92217413397417,348.065,-451.57000000000005
1,16.84,45.23,78.51,607.48,479.31,776.08,725.9379999999999,657.03,0,Moderate Activity,659.5895,129.71688299652183,342.995,-528.97
0,20.46,53.21,95.21,606.11,458.01,726.04,684.46,597.96,1,Moderate Activity,616.6175000000001,118.43469322091957,350.66,-510.90000000000003
0,20.48,53.08,96.54,612.93,443.56,722.36,671.19,598.04,1,Moderate Activity,608.7875,121.39250426474722,354.73499999999996,-516.39
0,20.37,53.23,95.56,606.59,437.25,727.07,683.31,585.37,1,Low Activity,608.25,128.4739797261168,351.07500000000005,-511.03000000000003
0,20.34,53.24,95.1,610.13,452.26,724.85,901.36,610.34,1,Low Activity,672.2025000000001,189.2851387677684,352.615,-515.03
0,20.51,55.45,142.79,565.1,349.57,857.72,627.21,557.0,2,Low Activity,597.875,209.52812452429072,353.945,-422.31000000000006
0,20.2,53.36,93.54,603.93,455.1,729.16,471.87,602.22,1,Low Activity,564.5875000000001,127.91189712063532,348.73499999999996,-510.38999999999993
0,20.12,53.36,100.99,600.28,464.87,721.14,680.89,606.08,1,Moderate Activity,618.245,112.81792839201871,350.635,-499.28999999999996
0,20.24,53.01,93.66,600.11,455.84,731.5,637.592,609.51,1,Moderate Activity,608.6105,114.42813075317916,346.885,-506.45000000000005
0,20.16,53.08,179.9,602.92,466.08,727.88,684.3639999999999,611.96,1,Moderate Activity,622.571,114.76118207245281,391.40999999999997,-423.02
0,19.99,53.5,97.04,600.15,462.22,733.79,691.46,611.25,1,Moderate Activity,624.6800000000001,119.63580428394613,348.59499999999997,-503.10999999999996
0,19.99,53.49,99.48,598.71,466.91,727.31,720.9060000000001,615.55,1,Moderate Activity,632.6690000000001,121.80831018722273,349.095,-499.23
2,24.43,52.22,116.49,542.74,476.79,700.08,648.0840000000001,586.5,1,Low Activity,602.8635,96.0177640283297,329.615,-426.25
0,19.68,54.37,103.25,598.48,464.39,729.68,683.9300000000001,606.69,1,Moderate Activity,621.1725,116.19362643880257,350.865,-495.23
0,19.7,54.29,100.98,603.55,469.45,731.76,704.42,612.59,1,High Activity,629.5550000000001,118.28222253012777,352.265,-502.56999999999994
0,19.62,54.52,96.55,606.36,467.47,736.64,701.11,615.65,1,Moderate Activity,630.2175000000001,119.79211976725904,351.455,-509.81
0,19.61,54.54,102.2,602.72,485.87,741.14,682.75,615.23,1,Moderate Activity,631.2475,109.72700499421278,352.46000000000004,-500.52000000000004
0,19.55,54.7,103.08,599.02,466.06,748.1,684.6,610.03,1,High Activity,627.1975,121.3431476914402,351.05,-495.94
0,19.71,54.3,104.39,600.37,479.64,735.43,697.004,624.58,1,High Activity,634.1635,112.80246449287652,352.38,-495.98
3,22.42,44.68,111.13,587.18,424.98,735.63,689.16,639.35,1,Low Activity,622.28,137.282958155774,349.155,-476.04999999999995
3,24.01,44.89,102.04,599.07,460.38,740.24,467.85,619.04,1,Low Activity,571.8774999999999,133.9448220661528,350.555,-497.03000000000003
0,19.5,54.71,104.9,601.94,477.74,734.43,699.86,625.38,1,Low Activity,634.3525000000001,113.89281434020904,353.42,-497.0400000000001
1,17.16,40.96,55.32,630.56,587.27,794.03,762.7,722.1,0,Low Activity,716.525,91.06241687253127,342.94,-575.2399999999999
2,19.26,45.61,77.21,601.24,548.97,754.25,720.82,665.99,0,Moderate Activity,672.5074999999999,90.03689183699461,339.225,-524.03
0,19.34,54.88,108.11,600.69,456.32,744.49,702.03,626.71,1,Low Activity,632.3875,127.08140025852197,354.40000000000003,-492.58000000000004
0,19.23,55.14,110.72,599.96,476.61,732.6,552.87,636.27,1,High Activity,599.5875,110.0665272687387,355.34000000000003,-489.24
3,23.38,44.87,115.39,585.57,420.7,720.88,661.39,597.92,1,High Activity,600.2225,129.78613803099313,350.48,-470.18000000000006
0,19.15,55.35,107.58,597.74,481.32,748.55,697.91,632.44,1,Low Activity,640.055,116.00740565440925,352.66,-490.16
3,23.69,49.37,107.56,579.75,470.63,730.15,680.9,600.76,1,Low Activity,620.6099999999999,113.31654571744292,343.655,-472.19
0,18.97,55.74,106.98,599.61,485.32,732.91,700.81,614.2,1,Moderate Activity,633.31,110.66863783385064,353.295,-492.63
3,23.67,44.07,112.26,585.92,490.48,732.96,692.88,620.65,1,Moderate Activity,634.2425000000001,106.51433968406947,349.09,-473.65999999999997
0,18.9,55.94,105.67,599.96,481.32,735.92,700.34,614.52,1,Moderate Activity,633.025,113.2482999136558,352.815,-494.29
2,19.64,51.34,137.84,575.0,451.58,722.28,673.9,599.39,2,Low Activity,611.7874999999999,118.16188933690366,356.42,-437.15999999999997
0,18.82,56.13,104.71,598.87,489.58,739.73,697.4280000000001,635.28,1,Moderate Activity,640.5045,109.37928628248893,351.79,-494.16
2,16.17,48.19,81.4,613.55,579.47,776.23,751.53,690.21,0,Moderate Activity,699.36,87.726925551205,347.47499999999997,-532.15
0,18.88,55.89,108.8,599.91,491.35,738.35,698.65,632.9,1,High Activity,640.3125,108.41184879123377,354.35499999999996,-491.10999999999996
0,18.78,56.13,110.69,604.03,494.2,745.83,700.92,631.32,1,Low Activity,643.0675,109.8583625628928,357.36,-493.34
0,18.82,56.04,113.47,602.43,492.11,745.99,696.052,617.61,1,Low Activity,637.9405,110.65186373336269,357.95,-488.9599999999999
0,18.72,56.34,105.83,600.49,490.98,736.16,695.088,637.72,1,Low Activity,639.987,107.22809250689234,353.16,-494.66
3,22.95,50.92,109.24,572.13,466.18,727.85,720.214,617.17,1,Moderate Activity,632.8535,122.04127682468749,340.685,-462.89
1,18.89,56.0,104.79,599.53,495.36,748.57,703.336,636.96,1,Moderate Activity,646.0565,110.42665775225353,352.15999999999997,-494.73999999999995
1,18.88,55.92,108.42,600.4,491.63,742.01,699.08,635.63,1,Moderate Activity,642.0875,109.41025191909577,354.40999999999997,-491.97999999999996
2,23.11,51.81,110.63,560.55,417.03,646.58,564.3199999999999,497.71,3,Low Activity,531.41,97.5801745574718,335.59,-449.91999999999996
0,17.6,53.09,109.85,586.52,488.79,755.46,719.62,647.37,0,Low Activity,652.81,118.22683367154852,348.185,-476.66999999999996
1,18.6,56.68,119.0,596.05,517.16,748.75,698.14,616.98,1,Low Activity,645.2574999999999,101.18603802732207,357.525,-477.04999999999995
1,18.46,57.08,104.08,605.7,492.01,739.77,710.96,634.93,1,Low Activity,644.4175,110.81224702922808,354.89000000000004,-501.62000000000006
3,25.92,46.6,125.8,571.57,430.56,718.89,674.232,603.76,2,Low Activity,606.8605,126.72938002294494,348.685,-445.77000000000004
1,16.81,54.23,122.4,587.82,481.25,761.62,725.9799999999999,675.9,0,Moderate Activity,661.1875,125.00495546843997,355.11,-465.4200000000001
0,20.24,55.82,110.21,599.38,426.92,703.93,636.73,549.34,2,Low Activity,579.23,119.64961094796755,354.795,-489.17
1,18.6,56.57,109.2,595.68,487.34,743.93,694.78,625.3,1,Low Activity,637.8375,111.51196240015388,352.44,-486.47999999999996
0,20.11,53.35,116.38,574.34,426.25,724.37,673.27,599.68,1,Moderate Activity,605.8924999999999,130.23909868008147,345.36,-457.96000000000004
1,18.48,56.83,111.02,600.62,497.88,749.02,694.2180000000001,625.87,1,Moderate Activity,641.7470000000001,108.33665921253682,355.82,-489.6
1,18.47,56.83,111.05,604.17,490.88,743.25,702.44,642.54,1,Low Activity,644.7775,110.62134223708071,357.60999999999996,-493.11999999999995
1,18.34,57.21,114.86,603.21,483.14,742.02,701.04,633.74,1,Low Activity,639.9849999999999,113.69287327415616,359.035,-488.35
2,23.86,49.82,124.31,550.39,406.28,724.97,642.8439999999999,608.59,1,Low Activity,595.671,135.37524979601454,337.35,-426.08
1,18.28,57.25,109.81,600.1,505.45,741.82,705.1,641.75,1,Moderate Activity,648.53,103.95679198590156,354.95500000000004,-490.29
1,18.32,57.14,110.46,601.8,499.89,739.46,710.07,633.91,1,Low Activity,645.8325,106.97963119990025,356.13,-491.34
2,22.43,50.47,119.77,575.98,399.12,704.99,628.65,565.99,2,Low Activity,574.6875,130.11570040416592,347.875,-456.21000000000004
3,22.9,47.21,155.13,575.3,437.42,686.71,656.96,545.88,1,Low Activity,581.7425000000001,113.71155214694183,365.215,-420.16999999999996
2,19.46,53.35,92.13,579.55,453.71,732.2,674.82,591.1,1,Low Activity,612.9575,120.94524832198525,335.84,-487.41999999999996
3,24.15,44.49,134.33,577.22,446.91,697.07,661.75,576.61,1,Low Activity,595.585,111.26742365430535,355.77500000000003,-442.89
1,18.39,55.55,103.07,608.25,490.81,738.08,690.67,628.65,1,Moderate Activity,637.0525,107.29843564407949,355.65999999999997,-505.18
1,18.39,55.65,110.13,601.6,492.43,730.69,726.866,618.07,1,Moderate Activity,642.014,112.56403077360015,355.865,-491.47
0,19.31,56.5,102.31,599.47,487.77,730.83,660.21,580.06,1,High Activity,614.7175,104.67169352312976,350.89,-497.16
1,18.39,55.79,101.03,606.44,498.19,876.53,703.49,624.75,1,High Activity,675.74,158.33579212125937,353.735,-505.4100000000001
3,23.15,46.45,138.22,581.94,443.36,708.18,663.2,570.36,1,Low Activity,596.275,116.9847128189548,360.08000000000004,-443.72
1,18.55,53.0,94.23,578.93,504.54,748.84,701.3,640.11,1,Moderate Activity,648.6975,105.90982528390208,336.58,-484.69999999999993
1,18.35,48.33,78.14,616.2,543.72,773.8,723.35,673.06,1,Low Activity,678.4825,98.80764692910496,347.17,-538.0600000000001
1,18.13,46.78,78.42,615.71,563.48,778.47,752.2,703.48,1,Low Activity,699.4075,95.79630729661069,347.065,-537.2900000000001
1,18.05,45.57,67.1,624.54,573.05,782.08,756.02,707.78,0,Moderate Activity,704.7325000000001,93.02797334673052,345.82,-557.4399999999999
1,19.79,55.66,114.08,553.46,530.95,724.56,686.79,604.26,1,High Activity,636.64,86.53282498566652,333.77000000000004,-439.38000000000005
1,17.95,45.1,62.12,626.16,606.51,789.52,765.16,712.03,0,Low Activity,718.3050000000001,81.24954338333231,344.14,-564.04
0,17.77,48.55,113.43,587.08,480.84,739.76,692.342,633.89,2,Low Activity,636.708,112.5723933120372,350.255,-473.65000000000003
3,21.08,52.91,128.62,578.93,458.17,720.45,665.06,586.1,2,Low Activity,607.445,113.76621188501736,353.775,-450.30999999999995
1,18.8,51.59,105.1,614.08,514.43,763.02,716.54,638.28,1,Moderate Activity,658.0674999999999,108.71574107889498,359.59000000000003,-508.98
0,19.4,52.73,123.27,591.79,442.04,742.5,694.2,612.48,1,Moderate Activity,622.8050000000001,131.91756251538308,357.53,-468.52
1,19.06,47.88,74.49,623.16,548.77,775.74,744.13,694.31,0,Moderate Activity,690.7375,100.40537481463166,348.825,-548.67
1,18.93,48.16,66.39,623.99,547.26,784.59,748.33,686.98,0,Moderate Activity,691.79,104.43605475760437,345.19,-557.6
3,22.4,49.45,102.05,557.43,450.73,742.13,488.86,632.69,1,Low Activity,578.6025000000001,134.2532351875862,329.73999999999995,-455.37999999999994
1,19.46,48.79,78.57,620.24,550.3,629.96,735.388,674.1,0,Low Activity,647.437,77.8617070366857,349.405,-541.6700000000001
1,19.35,49.22,81.47,620.88,543.4,773.06,732.01,672.27,0,Low Activity,680.1850000000001,100.14053408418923,351.175,-539.41
1,19.86,48.41,83.2,610.02,533.12,767.69,732.88,668.72,0,Moderate Activity,675.6025,103.45603136115363,346.61,-526.8199999999999
1,20.01,48.39,83.47,619.2,534.29,770.63,737.51,666.74,0,Low Activity,677.2925,104.72043174567224,351.33500000000004,-535.73
1,19.95,48.69,79.66,613.59,538.94,761.68,709.266,663.97,0,Low Activity,668.4639999999999,95.13269412072096,346.625,-533.9300000000001
1,19.81,49.14,80.19,619.54,533.62,776.13,731.79,667.65,0,Low Activity,677.2975,105.63079392393111,349.865,-539.3499999999999
1,20.07,48.64,82.73,616.16,523.3,773.08,728.17,660.88,0,Moderate Activity,671.3575000000001,108.94330096430897,349.445,-533.43
0,19.61,55.71,107.2,602.61,462.84,721.76,665.31,581.63,1,Moderate Activity,607.885,112.53521419241771,354.90500000000003,-495.41
1,19.93,49.01,81.15,615.19,547.72,766.47,722.282,657.49,0,Low Activity,673.4905000000001,95.04390663091803,348.17,-534.0400000000001
1,19.25,54.26,122.9,576.46,474.67,850.27,686.89,630.83,1,Low Activity,660.665,155.05060883466402,349.68,-453.56000000000006
1,18.82,46.91,78.18,620.43,581.0,890.36,747.79,680.58,0,Moderate Activity,724.9325,129.83634811433456,349.30499999999995,-542.25
3,23.72,50.78,156.59,548.08,445.93,598.49,662.06,606.81,1,Low Activity,578.3225,92.66068687240919,352.33500000000004,-391.49
1,18.53,46.4,68.5,578.93,596.14,790.82,756.538,698.43,0,Moderate Activity,710.482,85.23436913984095,323.715,-510.42999999999995
1,18.25,46.22,60.98,628.06,577.64,788.81,691.1,711.65,0,Low Activity,692.3,87.24860686566862,344.52,-567.0799999999999
1,18.22,45.89,58.76,631.04,593.61,792.07,766.49,704.64,0,Low Activity,714.2025,88.37669880498291,344.9,-572.28
1,18.26,45.94,57.84,628.29,592.39,791.94,720.6479999999999,702.54,0,Moderate Activity,701.8795,82.56621004381878,343.065,-570.4499999999999
2,18.23,47.55,70.39,631.24,592.2,789.15,751.36,697.34,0,Low Activity,707.5125,85.61101384557166,350.815,-560.85
3,22.4,46.01,106.89,600.81,448.24,732.83,685.88,624.01,2,Moderate Activity,622.74,124.57705861567504,353.84999999999997,-493.91999999999996
2,18.42,47.7,65.67,622.91,560.29,792.26,743.07,691.17,0,Moderate Activity,696.6975,99.86684380547266,344.28999999999996,-557.24
2,18.51,47.9,65.79,618.25,562.69,778.16,747.92,697.54,0,Moderate Activity,696.5775,95.2515016067113,342.02,-552.46
0,19.2,48.27,118.58,582.96,459.01,727.29,686.87,610.65,1,Moderate Activity,620.955,118.29947238541119,350.77000000000004,-464.38000000000005
2,18.85,47.34,69.03,620.49,557.61,774.4,733.06,676.6,0,Moderate Activity,685.4174999999999,94.16333057512354,344.76,-551.46
1,20.08,55.69,125.33,562.15,480.76,726.3,680.5959999999999,605.03,1,Low Activity,623.1714999999999,107.30518792521944,343.74,-436.82
2,18.22,46.46,69.37,625.6,590.24,784.53,757.75,699.64,0,Moderate Activity,708.04,86.1572287545663,347.485,-556.23
2,18.23,45.76,65.5,627.06,587.66,790.67,767.24,711.93,0,Moderate Activity,714.3749999999999,90.69785829885952,346.28,-561.56
2,18.07,45.86,64.2,634.26,600.54,794.8,760.7360000000001,701.35,0,Moderate Activity,714.3565,85.13827855710186,349.23,-570.06
2,18.02,45.74,53.81,632.45,596.25,795.8,755.38,706.53,0,Low Activity,713.49,86.26194100915342,343.13,-578.6400000000001
2,18.03,45.77,58.99,628.14,611.65,797.77,762.97,715.72,0,Moderate Activity,722.0275000000001,80.90362924492325,343.565,-569.15
2,17.98,45.95,54.03,627.0,605.5,792.28,765.02,704.27,0,Moderate Activity,716.7675,82.79912534763476,340.515,-572.97
3,23.12,47.89,100.41,556.41,470.66,739.94,695.1299999999999,639.43,1,Moderate Activity,636.29,117.8256120996902,328.40999999999997,-456.0
2,17.85,46.29,55.35,634.91,596.76,798.25,763.33,708.97,0,Low Activity,716.8275000000001,88.07203656666515,345.13,-579.56
2,17.91,46.09,62.87,629.96,610.43,822.06,768.55,709.69,0,Low Activity,727.6825,90.6442568046463,346.415,-567.09
1,18.69,54.64,98.89,588.43,528.65,749.85,702.75,638.02,0,Low Activity,654.8175,95.79334471489483,343.65999999999997,-489.53999999999996
3,23.06,46.69,138.83,583.72,374.45,696.85,662.66,570.15,1,Low Activity,576.0275,144.65049841485742,361.27500000000003,-444.89
2,19.52,44.55,67.31,632.43,592.91,787.03,752.51,703.75,0,Moderate Activity,709.05,84.62907616967902,349.87,-565.1199999999999
2,18.75,47.45,71.04,625.54,585.77,776.1,751.84,689.89,0,Moderate Activity,700.9,84.90398616476537,348.28999999999996,-554.5
2,19.4,46.48,72.31,617.8,565.51,771.81,737.0,675.75,0,Moderate Activity,687.5174999999999,90.51343818277296,345.05499999999995,-545.49
2,19.53,46.5,70.11,625.55,554.13,777.13,746.0060000000001,682.03,0,Low Activity,689.8240000000001,98.7460764317584,347.83,-555.4399999999999
2,19.55,47.09,66.89,628.74,567.34,775.24,732.47,665.0,0,Moderate Activity,685.0125,90.62842356751733,347.815,-561.85
2,19.32,47.97,80.02,617.15,555.51,771.94,732.28,678.82,0,Moderate Activity,684.6375,94.16172059281841,348.585,-537.13
2,19.45,47.93,76.13,616.14,529.36,765.67,722.7180000000001,672.9,0,Moderate Activity,672.662,102.78069054707373,346.135,-540.01
1,18.33,52.79,67.49,561.93,590.44,759.87,740.816,676.27,0,Moderate Activity,691.849,76.48772026061873,314.71,-494.43999999999994
2,19.36,48.82,80.2,613.53,541.99,764.38,722.82,657.21,0,High Activity,671.6,97.01793820388751,346.865,-533.3299999999999
2,19.68,48.6,78.61,625.1,542.52,765.16,721.96,674.72,0,Moderate Activity,676.0899999999999,96.40253039555895,351.855,-546.49
2,19.6,48.5,84.98,622.35,537.69,759.9,722.3299999999999,653.56,0,Low Activity,668.37,97.61492542980638,353.665,-537.37
1,17.34,44.64,67.11,622.85,505.14,778.37,747.02,675.47,0,Moderate Activity,676.5,122.08723356682303,344.98,-555.74
3,23.5,43.28,89.63,578.93,512.37,740.74,698.91,627.7,1,Moderate Activity,644.9300000000001,99.93735204283398,334.28,-489.29999999999995
2,19.48,48.99,76.45,618.76,531.2,754.71,723.47,649.35,0,Low Activity,664.6825,99.35388647825174,347.605,-542.31
3,23.51,50.66,118.56,559.66,447.19,712.84,665.67,615.55,1,Low Activity,610.3125,115.77668515292706,339.11,-441.09999999999997
2,19.13,49.93,82.36,611.98,531.49,756.56,683.6020000000001,653.13,0,Low Activity,656.1955,93.78167575633665,347.17,-529.62
2,17.04,42.94,62.56,634.42,607.82,801.21,768.296,718.05,0,Low Activity,723.844,84.57071453720451,348.49,-571.8599999999999
2,18.78,50.72,85.62,611.62,544.45,762.31,725.79,660.56,0,Low Activity,673.2774999999999,95.64275242623802,348.62,-526.0
2,18.8,50.98,83.2,613.55,536.27,751.64,714.13,652.82,0,Moderate Activity,663.715,94.2220902973395,348.375,-530.3499999999999
1,17.51,44.43,63.08,629.23,608.42,799.86,770.74,712.82,0,Low Activity,722.96,84.496093795315,346.15500000000003,-566.15
2,19.39,50.78,95.33,578.93,483.33,746.7,704.324,646.05,1,Moderate Activity,645.1009999999999,115.47074315167458,337.13,-483.59999999999997
2,20.11,48.91,96.2,608.75,433.39,743.0,697.576,620.15,1,High Activity,623.529,136.52903843993533,352.475,-512.55
2,21.21,46.56,96.52,614.24,477.63,757.39,699.56,642.02,1,High Activity,644.15,120.59161524196723,355.38,-517.72
0,19.34,55.43,113.99,596.73,496.6,733.57,691.45,616.66,1,Moderate Activity,634.57,103.91153833910845,355.36,-482.74
2,21.5,46.74,89.81,612.56,504.57,748.11,707.9,632.63,1,High Activity,648.3025,107.11062486202448,351.18499999999995,-522.75
2,21.7,46.74,94.45,610.06,487.1,751.4,708.18,629.55,1,Low Activity,644.0574999999999,116.16114048309498,352.255,-515.6099999999999
2,22.75,45.33,89.09,611.27,415.63,735.52,700.72,618.19,1,Low Activity,617.5150000000001,143.30185030208088,350.18,-522.18
2,22.88,45.51,89.04,606.04,424.98,738.24,666.5219999999999,620.85,1,Moderate Activity,612.648,134.1172489130313,347.53999999999996,-517.0
2,23.25,44.86,89.4,609.11,420.21,742.71,688.72,621.54,1,Low Activity,618.2950000000001,141.05196453789648,349.255,-519.71
2,23.21,44.84,88.06,602.96,438.6,734.48,728.738,621.53,1,Moderate Activity,630.837,138.28492526663925,345.51,-514.9000000000001
2,23.11,45.12,90.88,610.36,419.03,742.99,703.14,614.91,1,High Activity,620.0174999999999,144.28403408439434,350.62,-519.48
1,18.87,42.89,82.03,608.65,462.15,760.47,717.45,645.15,1,Moderate Activity,646.305,131.6683412973673,345.34,-526.62
3,21.22,47.79,115.15,578.93,440.35,720.06,665.27,597.85,2,Low Activity,605.8824999999999,121.14578858411323,347.03999999999996,-463.78
3,24.2,49.7,111.47,543.29,402.64,724.13,646.3520000000001,597.25,2,Low Activity,592.5930000000001,136.98642549294198,327.38,-431.81999999999994
2,22.37,47.38,97.62,604.78,450.07,735.31,689.3900000000001,621.79,1,Low Activity,624.14,125.06294255294011,351.2,-507.15999999999997
3,22.3,47.95,96.81,606.91,436.4,860.56,696.96,623.91,1,Low Activity,654.4575,175.84740171997612,351.86,-510.09999999999997
1,19.8,56.11,131.46,567.91,400.98,701.46,687.234,567.36,2,Low Activity,589.2585,139.184186203031,349.685,-436.44999999999993
3,23.13,46.02,89.29,600.17,434.33,739.42,534.65,619.77,1,Low Activity,582.0425,129.42961211278762,344.72999999999996,-510.87999999999994
3,23.24,45.92,92.16,603.79,438.74,729.66,684.2359999999999,616.46,1,High Activity,617.274,127.78833305118269,347.97499999999997,-511.63
0,21.66,57.44,135.49,545.63,466.23,707.17,652.52,588.93,1,Low Activity,603.7125,103.61078849071009,340.56,-410.14
2,21.17,45.17,94.14,584.83,459.84,727.26,680.1279999999999,621.91,2,High Activity,622.2845,116.5533953788277,339.485,-490.69000000000005
1,19.26,52.87,120.89,580.49,494.78,733.08,680.55,614.19,1,Moderate Activity,630.6500000000001,102.81618452364395,350.69,-459.6
3,23.28,45.7,89.37,600.16,451.73,734.56,700.23,615.91,1,Low Activity,625.6075,126.18318862537379,344.765,-510.78999999999996
2,20.71,52.15,152.82,569.41,425.02,724.09,724.078,627.63,2,Low Activity,625.2045,140.98939464016433,361.115,-416.59
3,23.58,45.94,95.63,602.2,463.44,738.37,690.62,601.45,1,Low Activity,623.47,120.83820284440955,348.915,-506.57000000000005
3,22.07,54.19,118.62,594.71,417.79,722.29,677.2560000000001,591.38,3,Low Activity,602.179,134.3864204101987,356.665,-476.09000000000003
3,23.66,45.69,94.01,601.52,456.69,734.51,694.05,610.31,1,High Activity,623.89,122.88133354311115,347.765,-507.51
2,18.71,45.71,70.96,616.41,460.9,772.98,729.7,675.75,0,Low Activity,659.8325,138.45737090647555,343.685,-545.4499999999999
1,16.56,47.32,75.12,610.69,530.91,785.04,741.85,697.01,0,Low Activity,688.7024999999999,111.16512983695323,342.90500000000003,-535.57
3,23.77,45.93,99.16,601.24,450.91,732.65,871.16,600.3,1,High Activity,663.7549999999999,179.9007931240623,350.2,-502.08000000000004
3,23.63,46.19,95.31,603.58,447.58,726.49,681.518,601.94,1,Moderate Activity,614.3820000000001,122.54680293395391,349.44500000000005,-508.27000000000004
0,20.43,53.85,114.85,597.93,479.1,736.6,691.27,619.0,1,Moderate Activity,631.4925000000001,112.54698674331534,356.39,-483.0799999999999
3,23.48,46.22,102.33,609.35,447.02,715.8,671.9,602.95,1,Moderate Activity,609.4175,117.80786005893948,355.84000000000003,-507.02000000000004
2,18.81,53.59,93.56,572.83,495.54,593.22,626.72,567.06,2,Low Activity,570.635,55.700535904064694,333.19500000000005,-479.27000000000004
3,22.75,47.69,95.82,600.27,462.32,731.49,700.96,603.94,1,High Activity,624.6775,121.13068930566965,348.04499999999996,-504.45
2,21.17,47.65,96.5,607.9,476.22,754.77,702.85,654.25,1,Low Activity,647.0225,121.03988912062556,352.2,-511.4
3,23.51,46.53,95.54,606.14,464.33,725.63,691.43,620.13,1,High Activity,625.38,116.01340439794016,350.84,-510.59999999999997
3,22.2,48.67,110.15,593.03,494.73,730.48,894.14,620.22,1,High Activity,684.8924999999999,169.51602193204823,351.59,-482.88
3,23.99,46.03,102.57,595.75,439.57,732.74,694.17,603.34,1,Low Activity,617.455,130.4072197643469,349.15999999999997,-493.18
3,23.25,47.46,105.73,598.24,442.76,722.51,685.55,599.9,1,High Activity,612.68,124.37684752396645,351.985,-492.51
0,18.4,53.81,140.13,583.48,486.11,735.85,696.17,625.27,1,Moderate Activity,635.85,109.8066579645029,361.805,-443.35
3,22.61,51.02,151.72,590.73,413.07,712.21,661.28,572.72,2,Low Activity,589.8199999999999,131.17268033651928,371.225,-439.01
3,22.29,53.71,136.19,570.34,414.97,692.35,881.92,562.95,2,Low Activity,638.0475000000001,198.17985373140223,353.265,-434.15000000000003
2,18.27,47.44,61.66,578.93,589.73,775.6,522.8,704.25,0,Low Activity,648.095,113.3081628421654,320.29499999999996,-517.27
3,23.33,50.1,136.91,590.8,444.51,716.4,801.71,578.73,2,Low Activity,635.3375,156.91874911877167,363.85499999999996,-453.89
3,23.68,48.7,138.11,585.62,438.35,731.56,668.06,578.02,2,Low Activity,603.9975,127.13525615789399,361.865,-447.51
3,23.48,48.58,132.57,589.46,437.63,716.16,680.43,594.98,2,Low Activity,607.3,124.01369252358116,361.015,-456.89000000000004
3,24.05,47.18,127.05,592.6,455.75,718.52,682.88,589.78,2,Low Activity,611.7325000000001,117.3001697569104,359.825,-465.55
3,24.46,46.28,131.2,590.5,450.74,729.03,675.97,605.69,2,Low Activity,615.3575000000001,120.81348472611269,360.85,-459.3
3,24.53,46.05,119.47,593.76,441.82,724.65,678.066,594.53,2,Low Activity,609.7665,124.23260182281729,356.615,-474.28999999999996
3,24.24,46.62,122.6,585.4,452.98,719.33,674.77,588.35,2,Low Activity,608.8575,117.28453077168076,354.0,-462.79999999999995
3,24.3,46.56,124.99,595.83,448.24,719.66,673.05,579.76,1,Low Activity,605.1775,119.7056769400126,360.41,-470.84000000000003
3,24.23,46.71,120.49,593.5,440.0,727.15,681.04,590.47,1,Low Activity,609.665,126.55930902150183,356.995,-473.01
3,24.13,47.03,123.65,600.05,441.39,714.96,675.21,589.56,1,Low Activity,605.28,121.14310793437654,361.84999999999997,-476.4
0,20.56,55.37,143.43,556.8,348.02,689.57,715.342,542.21,2,Low Activity,573.7855000000001,168.73190404010737,350.115,-413.36999999999995
0,19.88,54.32,100.53,549.32,490.48,737.25,679.13,603.5,1,Low Activity,627.59,106.55384773280909,324.925,-448.7900000000001
3,23.83,47.42,125.12,590.48,450.31,723.1,532.59,585.23,1,Low Activity,572.8075,114.55019114635587,357.8,-465.36
3,23.43,48.35,127.17,592.69,448.22,712.24,665.25,587.92,1,Low Activity,603.4075,115.45855053510184,359.93,-465.52000000000004
3,23.3,48.7,121.24,596.4,451.35,707.06,702.926,580.59,1,Low Activity,610.4815,121.22943579153262,358.82,-475.15999999999997
2,19.5,57.57,129.93,543.13,499.04,722.12,671.82,606.15,2,Low Activity,624.7825,96.34220548821442,336.53,-413.2
3,23.27,48.51,125.15,593.68,468.83,618.18,673.99,579.91,1,Low Activity,585.2275,86.68199058435765,359.41499999999996,-468.53
3,23.16,48.77,116.84,597.64,441.98,717.99,674.14,584.76,1,Low Activity,604.7175,121.83587112039977,357.24,-480.79999999999995
3,24.97,47.45,112.55,592.95,388.26,714.14,660.294,583.02,2,Low Activity,586.4285,142.65192087385293,352.75,-480.40000000000003
3,22.07,50.79,115.61,597.6,454.64,720.12,680.38,592.62,1,Moderate Activity,611.9399999999999,117.62014906752444,356.605,-481.99
2,18.8,45.0,65.78,584.27,558.43,779.78,743.33,694.15,0,Moderate Activity,693.9225,96.90352706859197,325.025,-518.49
1,19.89,53.67,122.72,573.05,474.31,737.11,691.91,634.51,1,Low Activity,634.46,114.72510623224544,347.885,-450.3299999999999
2,23.25,47.56,107.54,582.76,475.05,727.0,690.66,624.96,1,Moderate Activity,629.4175,111.2387559486351,345.15,-475.21999999999997
3,22.83,43.86,112.84,597.58,487.02,748.97,715.17,635.77,1,Moderate Activity,646.7325,116.56823019874098,355.21000000000004,-484.74
0,21.01,56.19,134.98,564.37,452.18,712.45,500.11,577.31,2,Low Activity,560.5125,113.65379077854524,349.675,-429.39
0,21.23,52.24,111.54,597.81,464.7,727.47,535.31,603.77,1,High Activity,582.8125,111.91076694551484,354.67499999999995,-486.2699999999999
0,21.47,51.79,113.36,597.6,460.91,727.56,693.8480000000001,603.76,1,Low Activity,621.5195000000001,119.14530468158057,355.48,-484.24
0,20.49,55.48,126.44,558.15,379.79,679.9,636.076,546.11,2,Moderate Activity,560.469,132.70426284537106,342.29499999999996,-431.71
2,22.47,53.13,141.7,562.95,328.61,685.42,637.65,562.29,2,Low Activity,553.4925,158.25810655908487,352.32500000000005,-421.25000000000006
1,18.99,53.79,74.55,561.23,524.27,750.93,721.64,647.46,0,Moderate Activity,661.0749999999999,101.06601225601676,317.89,-486.68
3,21.49,49.14,126.15,567.54,407.14,715.14,672.9080000000001,585.82,3,Low Activity,595.2520000000001,136.47792745593213,346.84499999999997,-441.39
3,21.73,47.76,134.48,588.49,478.67,705.4,670.71,570.11,1,Low Activity,606.2225,102.58097139170923,361.485,-454.01
0,20.59,53.87,110.89,593.05,466.82,727.44,679.194,611.01,1,High Activity,621.116,113.41257119032265,351.96999999999997,-482.15999999999997
0,20.87,53.0,117.0,600.22,472.33,739.86,691.13,619.2,1,Low Activity,630.6300000000001,116.59184905758494,358.61,-483.22
1,19.75,54.62,111.27,548.14,480.9,744.05,732.7220000000001,610.49,1,Low Activity,642.0405000000001,123.27579827768305,329.705,-436.87
3,24.53,47.41,112.22,578.93,397.81,678.88,581.38,489.21,2,Low Activity,536.82,120.7713119908863,345.575,-466.7099999999999
2,23.2,48.08,114.59,583.37,473.23,726.66,674.59,609.79,1,Moderate Activity,621.0675,109.54077243200359,348.98,-468.78
0,20.46,53.44,114.28,595.93,466.71,733.6,697.25,608.36,1,Moderate Activity,626.48,118.79656925461556,355.10499999999996,-481.65
1,18.41,56.98,106.79,604.4,497.17,741.77,741.6480000000001,632.78,1,Low Activity,653.3420000000001,116.08897485406042,355.59499999999997,-497.60999999999996
0,20.28,54.38,114.58,597.93,456.42,729.68,689.54,613.92,1,Low Activity,622.39,120.60686602898413,356.255,-483.34999999999997
2,16.04,45.19,68.18,619.46,593.08,788.65,760.39,717.81,0,Low Activity,714.9825,86.32681289726845,343.82000000000005,-551.28
0,20.06,54.77,118.07,598.6,475.7,734.45,690.5,605.38,1,High Activity,626.5075,113.92380008145797,358.33500000000004,-480.53000000000003
0,19.88,51.06,122.39,586.56,463.11,713.34,609.12,562.66,2,Low Activity,587.0575,103.91060978071489,354.47499999999997,-464.16999999999996
0,20.22,54.06,117.01,598.2,480.5,731.53,692.69,607.6,1,Moderate Activity,628.08,111.16900257415882,357.605,-481.19000000000005
0,20.29,53.91,120.95,596.11,475.08,739.29,690.79,594.51,1,Low Activity,624.9175,116.61353191203841,358.53000000000003,-475.16
0,20.16,53.8,120.92,598.29,472.26,735.36,698.75,613.38,1,Low Activity,629.9375,116.88371496919493,359.60499999999996,-477.36999999999995
0,20.6,52.93,91.31,605.81,445.13,722.31,681.63,590.69,1,Low Activity,609.94,122.88120496371008,348.55999999999995,-514.5
0,19.94,52.19,104.36,551.3,497.13,739.4,723.6400000000001,626.57,1,Low Activity,646.6850000000001,111.4890943844584,327.83,-446.93999999999994
0,19.94,54.12,114.87,578.93,485.47,743.87,484.29,618.66,1,Moderate Activity,583.0725,124.37381352867918,346.9,-464.05999999999995
0,19.82,54.6,115.83,600.83,471.87,732.18,701.54,613.71,1,Moderate Activity,629.825,116.66056531664842,358.33000000000004,-485.00000000000006
0,21.28,57.96,125.93,548.82,463.19,699.19,651.778,582.58,1,Low Activity,599.1845000000001,102.53030401300877,337.375,-422.89000000000004
1,19.2,53.5,115.62,576.59,500.5,741.31,702.82,640.1,1,High Activity,646.1825,105.699945245965,346.105,-460.97
0,19.52,55.45,119.42,600.92,485.25,737.32,679.6,614.11,1,Moderate Activity,629.07,108.28871501684745,360.16999999999996,-481.49999999999994
0,19.45,55.63,116.2,597.54,497.29,729.53,702.0999999999999,619.62,1,Low Activity,637.135,104.27637396201816,356.87,-481.34
0,19.44,55.66,120.14,596.1,486.47,861.67,696.67,601.9,1,Moderate Activity,661.6775,158.63216642598056,358.12,-475.96000000000004
3,22.53,47.23,105.39,591.21,474.92,739.47,692.056,611.94,1,Low Activity,629.5965000000001,115.77268933417184,348.3,-485.82000000000005
0,19.46,55.67,120.11,596.25,485.95,746.66,693.58,616.82,1,Low Activity,635.7525,113.20147507136704,358.18,-476.14
0,19.43,55.53,114.69,597.48,478.15,737.83,687.704,608.45,1,Low Activity,628.0335,113.23194046881532,356.08500000000004,-482.79
0,19.45,55.53,115.32,593.53,486.43,740.44,688.8,611.36,1,Low Activity,631.7575,110.45643617130995,354.42499999999995,-478.21
0,19.39,55.64,122.77,597.25,499.36,735.41,700.72,620.79,1,Low Activity,639.0699999999999,104.77779758453919,360.01,-474.48
0,19.59,55.11,116.24,594.33,491.11,744.55,699.926,619.85,1,Moderate Activity,638.8589999999999,111.19183880723139,355.285,-478.09000000000003
0,19.62,55.01,116.19,600.22,493.53,733.04,688.254,624.15,1,Low Activity,634.7435,104.20980495615564,358.20500000000004,-484.03000000000003
3,22.75,51.66,115.04,554.82,420.04,690.57,632.47,554.7,3,Moderate Activity,574.445,117.02234159908669,334.93,-439.78000000000003
0,19.51,55.26,118.49,605.16,481.85,746.2,699.5020000000001,610.51,1,Moderate Activity,634.5155,116.30375695135562,361.825,-486.66999999999996
0,19.61,54.79,115.94,599.13,499.37,742.06,695.04,617.62,1,Low Activity,638.5224999999999,106.01033672084368,357.53499999999997,-483.19
0,19.56,55.15,120.27,595.8,505.32,733.13,699.59,608.02,1,High Activity,636.515,102.20405552944888,358.03499999999997,-475.53
0,19.12,56.28,122.01,598.12,502.29,731.23,685.19,610.17,1,Low Activity,632.22,99.96133986030135,360.065,-476.11
0,19.01,56.49,123.74,599.29,498.81,734.35,690.07,615.42,1,Moderate Activity,634.6625,103.0109448472993,361.515,-475.54999999999995
3,23.12,46.21,117.9,581.88,448.57,705.88,661.82,563.45,2,Low Activity,594.9300000000001,114.30429359098169,349.89,-463.98
0,18.99,56.64,122.87,593.75,498.92,728.33,682.79,606.71,1,Moderate Activity,629.1875,100.29510269699114,358.31,-470.88
0,19.04,56.46,126.48,592.63,503.61,728.07,865.38,607.81,1,Moderate Activity,676.2175,155.9316819155107,359.555,-466.15
0,19.16,56.17,118.03,596.64,488.66,731.46,690.42,609.74,1,Low Activity,630.0699999999999,106.97686915092127,357.335,-478.61
2,18.84,52.18,86.11,579.98,498.99,701.57,635.438,572.87,1,Low Activity,602.217,86.58659131759376,333.045,-493.87
0,19.36,55.54,117.58,600.74,496.86,730.32,699.02,606.62,1,Moderate Activity,633.205,104.9756459057687,359.16,-483.16
3,23.5,52.73,129.57,557.57,384.68,684.54,626.98,569.43,2,Low Activity,566.4075,129.94657245062933,343.57000000000005,-428.00000000000006
0,19.42,55.38,124.43,602.08,483.89,738.97,704.63,612.01,1,Moderate Activity,634.875,114.04795409534245,363.255,-477.65000000000003
3,23.54,50.53,103.77,540.0,425.3,591.6,656.63,588.67,2,Low Activity,565.5500000000001,98.62177886586038,321.885,-436.23
0,19.22,55.8,114.85,600.26,499.81,732.12,694.67,612.15,1,Moderate Activity,634.6875,102.94152267995003,357.555,-485.40999999999997
3,23.55,49.76,128.57,566.3,405.72,662.96,575.862,512.28,1,Low Activity,539.2055,108.32395321903647,347.43499999999995,-437.72999999999996
1,19.17,55.7,126.44,597.32,488.32,734.6,698.8,609.19,1,Low Activity,632.7275,109.77419471351178,361.88,-470.88000000000005
1,18.32,52.65,71.83,578.93,582.9,769.16,732.74,683.79,0,Moderate Activity,692.1475,80.79509117720788,325.38,-507.09999999999997
1,18.85,56.53,120.72,599.78,494.93,738.68,649.642,619.7,1,Moderate Activity,625.738,100.78770905224503,360.25,-479.05999999999995
1,18.96,56.24,126.54,596.53,503.98,738.15,701.13,619.36,1,Moderate Activity,640.6550000000001,103.75617780803864,361.53499999999997,-469.98999999999995
1,18.8,56.65,120.72,595.45,499.1,726.56,690.292,629.2,1,High Activity,636.288,99.89369864677815,358.08500000000004,-474.73
1,18.68,56.95,118.84,599.31,495.88,740.59,695.15,632.17,1,Moderate Activity,640.9475,106.439596133206,359.075,-480.4699999999999
1,18.81,56.6,121.43,594.1,506.89,743.31,701.73,624.35,1,High Activity,644.0699999999999,103.89174493994537,357.765,-472.67
2,22.48,46.36,89.79,605.32,490.83,746.92,709.53,645.79,1,Moderate Activity,648.2674999999999,112.95738735617662,347.555,-515.5300000000001
0,18.4,53.71,120.16,588.58,508.6,732.62,695.16,604.3,1,High Activity,635.1700000000001,100.11364275994887,354.37,-468.4200000000001
1,19.03,55.82,115.1,599.41,506.9,745.15,692.21,610.96,1,High Activity,638.8050000000001,103.81975743245279,357.255,-484.30999999999995
1,18.9,56.05,115.16,598.39,504.84,734.98,701.31,622.07,1,High Activity,640.8,102.25338951187226,356.775,-483.23
1,19.11,55.56,120.01,578.93,503.46,738.13,704.81,616.29,1,Moderate Activity,640.6724999999999,104.93388342983722,349.46999999999997,-458.91999999999996
1,19.08,55.68,121.22,595.21,500.85,747.2,703.25,626.05,1,High Activity,644.3375000000001,107.97294703612877,358.21500000000003,-473.99
1,19.69,59.18,128.9,549.89,484.8,733.11,696.91,628.78,1,High Activity,635.9000000000001,109.62650014176924,339.395,-420.99
1,18.96,55.78,121.88,590.85,507.95,739.57,692.9300000000001,617.08,1,Moderate Activity,639.3825,101.12166512836573,356.365,-468.97
2,16.65,47.24,93.65,595.08,455.03,735.11,695.64,631.16,1,Moderate Activity,629.2349999999999,123.78775828004966,344.365,-501.43000000000006
1,19.64,48.12,93.55,587.13,456.6,740.51,706.09,640.29,1,High Activity,635.8725000000001,126.54070132438284,340.34,-493.58
2,18.21,53.59,101.11,557.91,487.02,702.64,625.91,570.16,1,Low Activity,596.4324999999999,90.94008187629186,329.51,-456.79999999999995
1,18.17,43.73,77.0,619.87,592.83,793.62,757.384,697.96,0,Moderate Activity,710.4485,87.76961081338649,348.435,-542.87
1,17.01,54.08,121.19,593.19,494.34,759.63,739.5120000000001,665.69,0,Low Activity,664.793,120.59852866432495,357.19000000000005,-472.00000000000006
1,17.69,42.26,58.09,632.73,614.36,802.97,769.81,720.86,0,Moderate Activity,727.0,82.31971452817362,345.41,-574.64
2,18.98,52.82,102.78,578.61,452.57,725.61,725.72,608.77,2,Moderate Activity,628.1675,129.38608384083147,340.695,-475.83000000000004
1,17.5,42.3,61.85,631.78,627.21,799.94,774.73,723.39,0,Moderate Activity,731.3175,76.36515233839756,346.815,-569.93
1,17.53,42.24,61.33,629.53,625.26,806.37,711.182,728.26,0,Low Activity,717.768,74.30007161952582,345.43,-568.1999999999999
1,19.49,52.12,101.63,574.38,444.24,715.89,646.23,579.53,2,Low Activity,596.4725000000001,115.75567729057612,338.005,-472.75
1,17.56,42.44,58.01,632.77,625.32,801.98,457.81,733.14,0,Low Activity,654.5625,149.9700113078167,345.39,-574.76
1,16.93,47.2,81.2,610.12,535.96,779.04,740.72,679.87,0,Moderate Activity,683.8975,106.74364379983784,345.66,-528.92
1,17.55,42.76,61.92,637.9,623.73,807.73,771.93,721.49,0,Moderate Activity,731.22,79.9163254076829,349.90999999999997,-575.98
1,17.29,43.73,66.81,626.45,620.79,793.11,771.45,718.76,0,Low Activity,726.0275000000001,76.79195547060907,346.63,-559.6400000000001
1,18.74,43.48,65.14,581.48,589.3,783.38,754.39,699.86,0,Low Activity,706.7325,85.60315390412515,323.31,-516.34
1,15.97,44.96,74.31,578.93,583.31,789.32,755.87,700.36,0,Moderate Activity,707.215,90.3843277344032,326.62,-504.61999999999995
3,24.0,50.32,158.1,560.25,401.85,683.74,642.15,550.45,2,Low Activity,569.5475000000001,124.8975794734763,359.175,-402.15
1,17.41,44.23,62.1,631.43,611.09,790.89,763.35,711.22,0,Moderate Activity,719.1375,79.2466938847714,346.765,-569.3299999999999
1,17.31,44.74,62.49,578.93,620.06,797.74,769.592,714.81,0,Moderate Activity,725.5504999999999,78.30406878104529,320.71,-516.4399999999999
1,17.22,45.24,61.66,634.65,624.78,797.04,756.62,719.6,0,Low Activity,724.51,73.62480107500008,348.155,-572.99
0,21.44,47.06,109.29,589.94,366.87,688.74,610.22,525.02,2,Low Activity,547.7125000000001,137.85850557123175,349.615,-480.65000000000003
1,19.2,53.45,116.43,579.18,500.87,727.31,684.884,611.82,1,High Activity,631.221,99.13054606931205,347.80499999999995,-462.74999999999994
1,17.29,44.8,63.8,627.72,623.88,796.09,766.46,719.67,0,Low Activity,726.5250000000001,75.31507263932413,345.76,-563.9200000000001
1,19.75,57.4,119.24,562.43,417.6,701.31,665.8,584.47,2,Low Activity,592.295,126.31551620182425,340.835,-443.18999999999994
3,23.33,52.8,166.65,548.38,448.18,714.6,656.95,585.91,1,Low Activity,601.41,114.91496943392536,357.515,-381.73
2,19.61,55.0,93.97,577.33,435.2,716.23,672.52,615.36,1,High Activity,609.8275,123.5276134783906,335.65000000000003,-483.36
1,19.09,44.55,70.81,621.64,586.02,780.66,743.71,695.75,0,Moderate Activity,701.535,84.49196746831421,346.225,-550.8299999999999
1,19.08,45.37,70.41,626.38,566.47,784.92,749.996,694.89,0,Moderate Activity,699.069,95.85390336687735,348.395,-555.97
3,23.87,52.64,119.27,554.25,472.0,719.01,674.05,600.25,1,Low Activity,616.3275,107.9575473276417,336.76,-434.98
1,18.88,46.63,80.99,617.24,554.03,785.79,747.28,693.73,0,Moderate Activity,695.2075,101.406778331957,349.115,-536.25
1,19.39,46.05,76.62,619.38,554.76,781.22,740.6560000000001,692.31,0,Moderate Activity,692.2365,98.59395638509834,348.0,-542.76
1,19.33,46.52,70.67,619.3,545.4,771.43,745.39,690.92,0,Low Activity,688.285,100.9903270945622,344.98499999999996,-548.63
0,21.0,53.88,111.19,551.52,506.5,722.79,679.924,599.18,1,Moderate Activity,627.0985,95.34295545905144,331.355,-440.33
1,19.53,46.44,83.69,611.96,556.36,766.94,735.6,686.69,0,Low Activity,686.3975,92.76820086466412,347.82500000000005,-528.27
1,19.38,46.96,80.95,618.26,556.97,776.33,744.6220000000001,678.17,0,Low Activity,689.0230000000001,97.0730712195715,349.605,-537.31
1,18.11,47.4,77.92,623.72,572.2,784.43,754.53,702.83,0,Low Activity,703.4975,93.79741409903932,350.82,-545.8000000000001
2,22.41,54.43,121.33,548.27,487.29,703.48,646.98,570.31,1,Low Activity,602.015,93.95749056532605,334.8,-426.94
1,17.74,52.01,124.63,578.03,470.13,715.42,654.7,600.08,2,Moderate Activity,610.0825,104.52027311324184,351.33,-453.4
1,18.09,44.33,67.91,578.93,587.77,795.25,760.02,712.44,0,Moderate Activity,713.87,90.65646106777683,323.41999999999996,-511.02
1,17.96,45.01,64.32,627.39,596.02,789.26,759.01,713.37,0,Low Activity,714.415,84.87040336104612,345.855,-563.0699999999999
1,18.02,45.57,67.89,628.99,585.44,784.32,759.832,699.71,0,Moderate Activity,707.3255,88.69264629982953,348.44,-561.1
0,21.76,52.41,121.68,578.93,412.03,654.66,582.1780000000001,511.77,4,Low Activity,540.1595,103.43927578213865,350.30499999999995,-457.24999999999994
2,17.96,46.57,71.24,620.2,581.24,781.98,760.82,702.49,0,Moderate Activity,706.6324999999999,90.09988952083498,345.72,-548.96
2,18.14,47.17,86.47,610.25,558.69,781.08,749.92,685.23,0,Low Activity,693.73,98.48077680440989,348.36,-523.78
2,18.05,47.89,89.86,611.02,566.66,768.68,738.38,670.88,0,Low Activity,686.15,89.53622507119674,350.44,-521.16
2,17.96,48.11,100.02,609.09,561.36,766.86,724.59,651.87,0,Moderate Activity,676.17,90.07589133613943,354.555,-509.07000000000005
2,18.03,48.22,100.48,607.69,551.18,767.78,707.19,641.77,1,Low Activity,666.98,92.77691559146957,354.08500000000004,-507.21000000000004
2,18.2,47.79,102.33,605.39,553.08,771.13,503.9,627.51,1,Moderate Activity,613.905,116.48401506930753,353.86,-503.06
3,24.05,50.24,149.35,559.18,412.31,680.07,646.78,554.04,2,Low Activity,573.3,119.84416409098387,354.265,-409.8299999999999
2,18.42,46.41,80.69,618.16,506.15,746.68,690.02,612.56,1,Low Activity,638.8525,104.15714389805434,349.42499999999995,-537.47
2,18.44,46.44,74.7,618.98,507.67,755.65,702.8500000000001,628.59,1,Low Activity,648.69,107.49325188122276,346.84000000000003,-544.28
0,21.54,51.39,109.45,549.86,458.66,744.63,704.2239999999999,640.09,1,High Activity,636.901,126.38294659750048,329.65500000000003,-440.41
2,19.87,52.93,92.65,566.12,542.58,739.93,712.35,650.1,0,Moderate Activity,661.24,87.57595446239793,329.385,-473.47
1,17.43,42.6,89.42,595.38,518.17,763.78,726.05,668.42,1,Moderate Activity,669.1049999999999,107.99372219408559,342.4,-505.96
2,18.32,45.6,72.56,617.56,546.44,769.3,755.528,668.84,1,Moderate Activity,685.027,102.53569308294547,345.05999999999995,-545.0
2,18.28,46.33,78.48,614.55,501.23,756.36,711.5,623.37,1,Moderate Activity,648.115,112.4309514027758,346.515,-536.0699999999999
2,18.17,46.86,76.68,615.13,454.63,747.17,696.44,592.3,1,Low Activity,622.635,129.23110629153237,345.905,-538.45
3,24.1,52.05,117.43,554.06,482.28,706.25,672.8,593.26,1,Low Activity,613.6475,99.5779618774489,335.745,-436.62999999999994
2,18.37,46.53,72.97,620.1,492.17,754.29,714.09,633.04,2,Low Activity,648.3975,115.71748740647053,346.535,-547.13
2,20.0,43.95,78.89,578.93,504.74,762.83,737.846,644.48,2,Low Activity,662.474,116.84186451781743,328.90999999999997,-500.03999999999996
1,18.44,48.34,65.89,624.93,565.59,798.93,785.2239999999999,707.82,1,Low Activity,714.391,107.00322744665225,345.40999999999997,-559.04
2,19.45,45.72,77.42,578.93,495.49,758.73,712.95,640.94,2,Moderate Activity,652.0275,115.07084205682459,328.17499999999995,-501.50999999999993
2,18.75,50.48,125.64,577.87,483.92,732.55,676.74,615.99,2,Low Activity,627.3,106.7826711909131,351.755,-452.23
2,19.13,47.16,85.07,611.5,495.71,753.32,706.21,643.47,2,High Activity,649.6775,112.07470049777815,348.28499999999997,-526.4300000000001
2,19.4,47.15,90.52,612.9,488.01,758.01,711.73,637.0,2,High Activity,648.6875,118.15191136132049,351.71,-522.38
2,18.53,47.25,81.45,613.64,516.99,756.97,725.55,647.48,2,Low Activity,661.7475,106.9211218219612,347.545,-532.1899999999999
0,20.84,52.19,119.77,576.88,439.63,714.72,684.22,598.8,1,High Activity,609.3425,123.3214424110152,348.325,-457.11
2,18.68,44.07,74.54,622.04,563.49,782.99,751.74,689.65,1,Moderate Activity,696.9675000000001,97.07331606402794,348.28999999999996,-547.5
2,18.27,43.56,63.25,617.93,572.92,781.05,753.16,689.0,1,Low Activity,699.0324999999999,92.48724285903795,340.59,-554.68
2,18.02,44.23,63.81,628.97,562.07,782.38,747.288,691.49,1,Moderate Activity,695.807,96.69436272434223,346.39,-565.1600000000001
2,18.81,53.32,98.33,572.45,509.96,685.14,501.19,560.75,2,Low Activity,564.26,84.75574592124516,335.39000000000004,-474.12000000000006
2,17.93,44.46,62.53,631.73,587.38,893.14,758.99,696.51,1,Low Activity,734.0050000000001,127.6100363085391,347.13,-569.2
2,20.43,44.62,98.26,605.49,459.39,762.18,709.5,639.36,1,Moderate Activity,642.6075,132.1001991860724,351.875,-507.23
0,20.59,55.39,124.94,563.7,356.02,686.42,629.53,549.15,3,Low Activity,555.28,144.28315517296767,344.32000000000005,-438.76000000000005
2,18.04,44.2,63.88,625.18,578.97,780.49,752.25,708.62,0,Low Activity,705.0825,89.12152877765655,344.53,-561.3
3,24.17,49.35,44.91,574.94,428.79,716.97,666.012,587.93,2,Low Activity,599.9254999999999,125.82804648010712,309.925,-530.0300000000001
2,18.17,44.22,67.62,627.22,594.37,786.52,756.962,706.54,0,Moderate Activity,711.098,84.53438339516056,347.42,-559.6
2,18.11,43.95,13.73,625.95,575.94,789.85,752.4559999999999,699.0,0,Moderate Activity,704.3115,93.34913302043388,319.84000000000003,-612.22
2,18.11,44.21,62.9,627.27,586.1,789.59,758.5,693.15,0,Moderate Activity,706.835,89.96644133601522,345.085,-564.37
0,22.04,50.53,118.57,567.12,386.65,694.92,641.73,558.15,3,Low Activity,570.3625,134.79282705322268,342.845,-448.55
2,18.17,43.8,63.36,619.78,587.56,788.18,468.67,700.8,0,Low Activity,636.3025,138.68812599378023,341.57,-556.42
2,21.82,47.38,92.13,603.88,490.53,749.02,708.36,645.65,1,Moderate Activity,648.39,113.50489710433936,348.005,-511.75
1,16.92,46.44,76.35,619.55,554.89,788.53,753.1,698.48,0,Low Activity,698.75,102.81073776605244,347.95,-543.1999999999999
0,21.1,57.33,137.64,553.31,439.84,702.31,652.408,584.67,1,Low Activity,594.807,114.00628647579046,345.47499999999997,-415.66999999999996
2,20.78,42.08,67.76,618.7,559.9,776.76,732.87,674.55,0,Low Activity,686.02,93.92636371115408,343.23,-550.94
2,22.57,53.09,111.6,545.3,479.8,701.84,668.93,598.44,1,Low Activity,612.2525,98.27293468532761,328.45,-433.69999999999993
1,18.87,57.54,138.71,567.48,442.82,829.75,686.96,616.4,1,Low Activity,643.9825,160.81436013304287,353.095,-428.77
2,22.23,42.33,73.66,611.71,538.65,754.36,715.87,656.67,0,Moderate Activity,666.3875,94.16116905780926,342.685,-538.0500000000001
2,22.63,42.06,80.73,578.93,543.28,758.45,730.17,661.59,0,Low Activity,673.3725000000001,95.78974001252259,329.83,-498.19999999999993
2,23.07,41.94,83.11,611.08,524.46,750.4,704.0880000000001,639.0,1,Moderate Activity,654.4870000000001,97.99052788917916,347.095,-527.97
2,23.56,41.05,76.24,606.92,519.8,742.91,704.05,641.83,1,Low Activity,652.1475,97.56025911370537,341.58,-530.68
2,22.86,42.91,79.15,611.64,513.26,740.63,705.2639999999999,644.15,1,Moderate Activity,650.8259999999999,99.99537921324163,345.395,-532.49
2,23.26,42.58,81.21,609.15,521.08,743.52,703.92,633.05,1,Moderate Activity,650.3924999999999,97.57118679029512,345.18,-527.9399999999999
3,23.17,51.8,144.43,566.56,354.25,675.89,605.76,523.45,2,Low Activity,539.8375,138.52476201627874,355.495,-422.12999999999994
2,23.63,42.13,85.8,610.82,519.33,748.26,707.1,640.47,1,High Activity,653.79,100.03907736479779,348.31,-525.0200000000001
2,23.5,42.56,78.56,608.57,505.3,750.44,702.69,641.77,1,Moderate Activity,650.05,106.25479220565381,343.56500000000005,-530.01
2,23.54,42.58,89.82,610.18,512.72,742.12,704.92,643.41,1,Low Activity,650.7925,100.64627013290986,350.0,-520.3599999999999
2,23.66,42.47,91.39,607.27,492.51,738.78,703.79,620.15,1,Moderate Activity,638.8075,109.4962508871118,349.33,-515.88
1,16.5,46.84,84.5,608.59,558.21,772.68,740.22,687.05,1,Moderate Activity,689.54,94.40072563280431,346.545,-524.09
3,23.03,43.75,90.25,609.92,478.24,740.92,695.61,610.96,1,Low Activity,631.4325,115.4604253629788,350.085,-519.67
3,23.35,43.03,85.39,613.42,487.0,738.18,700.03,634.9,1,Moderate Activity,640.0274999999999,110.57112382986796,349.405,-528.03
3,23.65,42.7,93.58,578.93,504.83,739.58,470.29,631.63,1,Moderate Activity,586.5825,123.34900225917248,336.255,-485.34999999999997
3,23.77,42.75,91.41,599.54,503.53,743.59,701.8,626.29,1,Moderate Activity,643.8025,105.36336661762476,345.47499999999997,-508.13
3,23.52,43.25,88.69,603.7,496.31,747.5,702.3,630.52,1,Moderate Activity,644.1575,109.70428018845328,346.19500000000005,-515.01
0,20.44,55.18,108.07,597.21,438.53,708.26,635.63,563.89,2,Low Activity,586.5775,114.95733045352088,352.64,-489.14000000000004
3,23.49,43.42,93.22,607.43,504.06,747.21,696.33,621.1,1,Moderate Activity,642.175,105.64882725331125,350.325,-514.2099999999999
2,22.78,45.92,172.03,573.6,401.79,717.27,667.66,598.16,2,Low Activity,596.2199999999999,138.52023269785053,372.815,-401.57000000000005
3,23.5,43.56,88.46,602.99,501.94,743.2,697.49,623.58,1,Moderate Activity,641.5525,105.31837300142207,345.725,-514.53
3,23.31,44.3,99.03,605.69,505.63,738.96,701.8,631.61,1,Moderate Activity,644.5,102.72456797994658,352.36,-506.6600000000001
1,19.41,53.95,87.99,551.98,533.92,736.56,661.01,597.37,2,Moderate Activity,632.215,86.78154969039596,319.985,-463.99
3,23.68,43.92,90.02,599.05,496.19,738.78,694.5,618.92,1,High Activity,637.0975,106.17551958117905,344.53499999999997,-509.03
3,23.75,43.9,96.74,603.32,478.41,738.22,706.41,621.05,1,Moderate Activity,636.0225,116.13871745316747,350.03000000000003,-506.58000000000004
2,22.29,53.76,110.68,545.62,503.63,725.44,670.71,597.38,2,High Activity,624.2900000000001,96.03666417919081,328.15,-434.94
3,23.77,43.48,103.02,603.38,481.78,746.67,702.47,620.87,1,Low Activity,637.9475,116.42402970034436,353.2,-500.36
2,23.22,50.71,119.72,564.93,411.36,706.15,649.02,567.72,2,Low Activity,583.5625,128.0846923914017,342.325,-445.2099999999999
3,24.63,43.08,116.66,599.54,473.74,742.02,697.73,632.16,1,Moderate Activity,636.4125,117.4637616104076,358.09999999999997,-482.88
0,18.91,51.62,123.16,594.01,484.33,727.0,670.41,591.99,1,Moderate Activity,618.4324999999999,105.15266500823141,358.585,-470.85
3,23.95,44.19,107.59,599.17,447.11,733.83,869.59,621.22,1,Moderate Activity,667.9375,178.8415144525081,353.38,-491.5799999999999
3,21.37,50.88,116.62,586.24,469.77,705.09,668.3,558.61,1,Low Activity,600.4425,107.05294620731682,351.43,-469.62
3,23.75,44.97,108.22,600.6,415.94,726.54,663.986,580.33,1,Low Activity,596.699,134.57090558759967,354.41,-492.38
0,21.14,54.02,119.14,547.25,441.09,706.49,665.9839999999999,588.21,2,Low Activity,600.4435,117.02508817485818,333.195,-428.11
3,20.31,49.77,112.17,583.72,450.62,712.94,854.3,606.88,2,High Activity,656.185,170.44904957200552,347.945,-471.55
3,24.45,43.17,99.42,602.6,344.95,722.07,657.27,572.79,3,Moderate Activity,574.27,164.64476183589932,351.01,-503.18
0,21.25,51.67,108.64,555.74,466.02,745.82,707.03,639.26,1,High Activity,639.5325,123.77345848363456,332.19,-447.1
3,24.04,44.2,112.69,603.67,442.51,735.23,682.67,604.42,3,Low Activity,616.2075,127.66281901295042,358.17999999999995,-490.97999999999996
2,21.44,45.68,124.94,584.12,490.36,739.98,703.096,648.11,1,Moderate Activity,645.3865000000001,110.02870805233816,354.53,-459.18
3,23.2,48.06,100.48,564.46,459.47,733.74,661.77,623.81,1,Moderate Activity,619.6975,116.14007559121586,332.47,-463.98
3,21.68,45.84,111.58,588.64,430.37,733.34,695.528,637.17,1,Moderate Activity,624.102,135.07710707592165,350.11,-477.06
0,19.89,55.7,145.55,573.46,462.68,711.62,653.97,586.22,1,Low Activity,603.6225,107.02953809579859,359.505,-427.91
3,23.83,50.23,128.69,557.73,460.47,712.31,659.61,597.1,1,Low Activity,607.3725,108.6684622678846,343.21000000000004,-429.04
3,23.35,45.82,109.59,597.97,363.91,713.25,516.21,569.1,4,Low Activity,540.6175000000001,144.26191397940065,353.78000000000003,-488.38
3,23.28,46.32,108.31,596.52,440.63,728.71,683.62,585.56,4,Low Activity,609.63,127.53421946024265,352.41499999999996,-488.21
3,23.4,45.97,103.65,597.08,447.11,730.38,685.9,614.24,4,Low Activity,619.4075,124.43107847988244,350.365,-493.43000000000006
2,19.35,51.15,107.39,563.22,507.04,738.69,706.9559999999999,644.82,1,Low Activity,649.3765,102.58775272419217,335.305,-455.83000000000004
3,22.84,47.0,108.29,598.27,454.8,561.11,672.986,601.01,3,Moderate Activity,572.4765,91.09203438830423,353.28,-489.97999999999996
3,23.58,50.32,109.73,551.08,462.77,734.2,654.0439999999999,617.26,1,Low Activity,617.0685,113.86401197188397,330.40500000000003,-441.35
3,22.81,46.91,108.8,600.02,458.13,730.07,677.52,610.29,3,Low Activity,619.0025,117.92109830306026,354.40999999999997,-491.21999999999997
3,22.44,47.11,111.24,596.93,457.4,730.55,640.2679999999999,609.24,3,Moderate Activity,609.3644999999999,113.6283070409834,354.085,-485.68999999999994
3,24.28,51.47,135.58,555.81,411.62,687.94,625.91,563.79,2,Low Activity,572.3149999999999,118.51458883473657,345.695,-420.2299999999999
3,22.53,46.76,106.28,593.49,458.14,737.68,695.22,627.26,3,High Activity,629.575,123.00579322400496,349.885,-487.21000000000004
3,22.3,47.22,107.05,599.67,459.71,735.21,689.13,611.8,2,Moderate Activity,623.9625000000001,120.76094770937611,353.35999999999996,-492.61999999999995
2,18.47,51.49,70.07,585.71,578.96,770.18,743.85,676.86,0,Moderate Activity,692.4625,85.25831430619145,327.89,-515.6400000000001
3,21.93,48.62,107.61,601.47,467.93,729.92,818.11,608.21,2,Moderate Activity,656.0425,152.09429123080196,354.54,-493.86
3,23.82,53.56,123.83,545.08,446.65,697.73,639.676,564.74,2,Low Activity,587.1990000000001,108.36568579275148,334.45500000000004,-421.25000000000006
3,21.48,49.16,108.41,597.47,449.75,731.07,681.92,613.86,2,High Activity,619.1500000000001,122.73345563998977,352.94,-489.06000000000006
0,20.91,55.97,107.39,604.7,422.89,721.65,888.18,604.38,3,Low Activity,659.275,195.94171658939808,356.045,-497.31000000000006
3,22.99,51.95,192.64,555.48,337.93,675.19,587.82,524.16,2,Low Activity,531.275,142.99391187506322,374.06,-362.84000000000003
3,21.48,48.7,103.56,601.6,458.36,567.31,687.59,606.93,2,Moderate Activity,580.0475,95.32077366275762,352.58000000000004,-498.04
3,21.42,48.48,105.78,601.64,467.91,731.23,679.13,609.35,2,High Activity,621.905,114.16179206138395,353.71,-495.86
3,21.69,48.0,100.92,599.5,445.39,730.78,683.7139999999999,604.58,2,High Activity,616.116,125.16358478940002,350.21,-498.58
3,21.65,48.08,104.3,598.51,460.98,727.71,683.65,607.15,2,Moderate Activity,619.8725000000001,117.05438120093298,351.405,-494.21
2,22.03,45.88,82.02,595.02,501.84,747.97,701.68,649.65,0,Moderate Activity,650.285,106.80219489005522,338.52,-513.0
0,20.81,49.62,99.99,598.62,460.14,725.06,677.248,613.49,2,High Activity,618.9845,115.33778196092842,349.305,-498.63
2,22.02,49.51,103.6,580.48,477.12,721.28,677.824,610.06,2,High Activity,621.571,106.62219783265894,342.04,-476.88
3,25.76,48.11,113.19,550.95,472.24,677.25,590.21,545.04,2,Low Activity,571.185,85.80094968394388,332.07000000000005,-437.76000000000005
3,22.21,51.93,96.84,603.22,473.49,737.88,684.414,608.71,1,High Activity,626.1234999999999,114.72795792220832,350.03000000000003,-506.38
0,20.69,49.31,106.38,598.78,465.56,732.07,689.596,618.88,2,Moderate Activity,626.5265,117.02688481284974,352.58,-492.4
0,20.53,49.7,103.35,596.71,463.82,735.98,532.3,616.3,2,High Activity,587.0999999999999,117.2161718080459,350.03000000000003,-493.36
0,20.77,48.97,105.03,600.13,469.52,738.12,686.43,612.08,2,Moderate Activity,626.5374999999999,116.76369366516859,352.58,-495.1
0,20.34,48.59,111.72,586.57,370.63,703.24,633.35,538.55,2,Low Activity,561.4424999999999,144.00312065484323,349.14500000000004,-474.85
2,20.16,51.11,89.92,616.71,375.21,890.33,703.96,612.23,1,Moderate Activity,645.4325,214.10500482629237,353.315,-526.7900000000001
3,24.57,43.66,136.26,581.47,445.44,703.88,651.2180000000001,559.02,1,Low Activity,589.8895,113.39253808929993,358.865,-445.21000000000004
0,19.53,52.39,111.46,593.86,459.96,712.45,642.512,589.07,1,Low Activity,600.998,106.73792691759883,352.66,-482.40000000000003
0,20.0,50.74,110.18,596.16,491.35,726.95,687.592,619.55,2,Moderate Activity,631.3605,103.3469272612076,353.16999999999996,-485.97999999999996
0,20.06,50.52,111.22,601.64,474.04,736.73,690.39,609.16,2,Low Activity,627.5799999999999,115.14142984463354,356.43,-490.41999999999996
2,17.04,42.94,62.56,634.42,607.82,801.21,778.26,718.05,0,Low Activity,726.335,86.44250054226796,348.49,-571.8599999999999
0,20.16,50.06,109.04,594.91,470.18,732.41,692.63,619.42,2,Low Activity,628.66,115.55303457720181,351.97499999999997,-485.86999999999995
0,20.07,50.34,106.55,600.47,466.78,741.35,687.77,613.53,2,Low Activity,627.3575000000001,119.19213267521758,353.51,-493.92
0,20.0,50.09,117.57,592.65,474.03,740.39,694.05,617.93,2,Low Activity,631.6,116.54818803110298,355.11,-475.08
1,20.39,58.31,122.12,544.38,483.56,724.2,676.89,605.09,1,Low Activity,622.4350000000001,104.73550321325304,333.25,-422.26
0,19.76,50.71,112.82,591.11,476.9,729.51,696.07,620.71,1,High Activity,630.7975,112.23614253736035,351.96500000000003,-478.29
3,21.23,49.11,112.84,595.1,401.24,723.36,684.71,612.87,2,Moderate Activity,605.545,143.6914055653063,353.97,-482.26
0,19.59,51.09,112.51,594.66,491.82,725.55,693.89,635.08,1,High Activity,636.5849999999999,103.53389863550326,353.585,-482.15
2,17.87,48.5,84.88,604.52,449.59,759.84,729.44,652.17,0,Moderate Activity,647.76,139.67145473097455,344.7,-519.64
0,19.42,51.23,112.27,600.42,469.95,742.52,693.11,624.31,1,Moderate Activity,632.4725,118.69786304591446,356.34499999999997,-488.15
0,19.66,50.72,111.1,598.85,472.79,853.9,696.43,607.66,1,Low Activity,657.6949999999999,159.88554500016565,354.975,-487.75
3,24.24,51.92,119.15,552.08,476.51,719.33,679.9979999999999,600.03,1,Low Activity,618.9670000000001,107.16050508155202,335.615,-432.93000000000006
0,19.59,50.72,109.53,594.24,471.38,734.56,700.21,613.22,1,Moderate Activity,629.8425,117.33713716608793,351.885,-484.71000000000004
1,17.62,55.08,131.39,582.59,497.93,737.92,690.76,617.74,1,Moderate Activity,636.0875,104.53558544820991,356.99,-451.20000000000005
0,19.56,50.71,111.7,578.93,485.13,736.98,691.28,623.44,1,Moderate Activity,634.2075,109.78691038401011,345.315,-467.22999999999996
0,19.47,51.03,117.93,598.19,486.98,734.87,697.02,616.68,1,High Activity,633.8874999999999,109.63741678064716,358.06000000000006,-480.26000000000005
2,16.68,42.11,70.47,604.86,554.98,792.77,882.86,702.73,0,Moderate Activity,733.335,139.80631471193757,337.665,-534.39
0,19.43,50.87,112.34,590.84,480.58,733.11,694.74,615.57,1,Moderate Activity,631.0,111.58479735161059,351.59000000000003,-478.5
0,19.23,51.37,109.89,596.79,481.95,738.67,694.49,618.86,1,Low Activity,633.4925,112.49035643852616,353.34,-486.9
3,23.6,51.59,112.03,537.84,490.18,716.48,678.37,601.81,1,Moderate Activity,621.71,99.81292401287521,324.935,-425.81000000000006
0,20.76,54.95,186.54,565.77,358.11,692.67,619.31,541.43,2,Low Activity,552.88,143.78298972177942,376.155,-379.23
3,23.63,51.3,151.14,563.27,405.42,684.85,614.4979999999999,549.09,2,Low Activity,563.4645,119.05677631981585,357.205,-412.13
0,19.19,51.47,107.28,600.21,481.51,741.28,681.58,641.67,1,High Activity,636.51,111.1450754644577,353.745,-492.93000000000006
0,19.01,51.82,113.8,597.64,475.8,741.66,689.38,629.73,1,Low Activity,634.1425,115.04058946737015,355.71999999999997,-483.84
2,20.05,49.79,109.05,584.31,437.92,712.58,670.77,604.66,2,Moderate Activity,606.4825,120.83901146428941,346.67999999999995,-475.25999999999993
0,19.22,51.11,111.08,596.2,476.02,749.17,706.98,628.49,1,Low Activity,640.165,120.31378543902052,353.64000000000004,-485.12000000000006
1,20.68,56.39,134.33,566.56,457.83,707.67,673.2099999999999,581.16,1,Low Activity,604.9675,111.68569480913835,350.445,-432.2299999999999
2,19.95,46.63,91.92,578.93,455.21,720.46,677.25,610.21,2,Low Activity,615.7825,116.26150563134244,335.42499999999995,-487.00999999999993
2,21.46,46.66,132.47,584.26,456.79,750.34,698.9,642.78,1,High Activity,637.2025000000001,128.0448542178352,358.365,-451.78999999999996
1,18.83,51.65,110.75,593.14,469.59,748.57,703.58,617.4,1,Low Activity,634.7850000000001,122.84326667207559,351.945,-482.39
0,19.18,50.89,102.51,594.51,486.07,746.47,707.57,637.57,1,Low Activity,644.4200000000001,114.78061683054332,348.51,-492.0
0,19.11,51.15,109.2,600.51,489.36,740.99,699.18,631.1,1,High Activity,640.1574999999999,110.26146633495009,354.855,-491.31
3,23.35,46.64,100.66,578.93,438.69,720.78,682.38,607.59,1,Moderate Activity,612.36,124.95561692056903,339.79499999999996,-478.27
0,20.25,50.79,114.84,591.06,432.22,731.52,691.17,596.93,2,Moderate Activity,612.9599999999999,133.03782194047926,352.95,-476.2199999999999
1,18.97,51.57,114.92,599.21,487.02,742.87,695.946,635.08,1,Low Activity,640.2289999999999,111.26405357227165,357.065,-484.29
1,18.88,51.68,108.32,604.95,490.34,747.46,708.29,640.49,1,Moderate Activity,646.645,113.18555163977425,356.635,-496.63000000000005
2,18.38,45.77,73.61,606.99,558.92,830.01,735.6279999999999,683.17,0,Low Activity,701.932,113.054322175964,340.3,-533.38
0,20.58,57.19,126.46,559.77,447.48,701.61,628.1500000000001,577.84,1,Low Activity,588.7700000000001,107.02955822263928,343.115,-433.31
1,19.04,51.29,111.74,578.93,470.79,742.68,701.4,637.79,1,Moderate Activity,638.165,119.63358182383404,345.335,-467.18999999999994
2,19.94,56.57,135.23,539.24,501.53,714.12,699.866,598.55,2,Moderate Activity,628.5165,99.06609353860686,337.235,-404.01
1,19.42,57.25,136.44,561.53,405.87,690.47,640.27,571.01,2,Low Activity,576.905,124.09654131629402,348.985,-425.09
1,17.06,41.66,60.42,631.41,609.12,803.02,776.3,722.48,0,Moderate Activity,727.7299999999999,85.87495482774162,345.91499999999996,-570.99
1,18.86,51.59,110.84,599.85,483.56,750.08,700.74,638.2,1,Low Activity,643.145,115.82185098964129,355.345,-489.01
1,18.86,51.49,111.62,597.39,484.31,746.6,705.15,649.53,1,High Activity,646.3975,115.14421026839923,354.505,-485.77
3,24.85,48.59,137.08,578.93,445.28,710.84,673.79,606.36,2,Low Activity,609.0675,117.44547596650969,358.005,-441.8499999999999
3,22.3,48.12,164.84,567.42,420.39,703.05,652.52,567.31,2,Low Activity,585.8175,123.69514659705393,366.13,-402.5799999999999
0,21.22,52.39,126.23,571.5,421.22,710.08,660.5,588.35,1,Low Activity,595.0375,126.19741370170784,348.865,-445.27
1,18.47,52.56,113.41,595.46,504.79,746.87,695.0459999999999,626.81,1,Low Activity,643.379,104.660257742214,354.435,-482.05000000000007
2,17.91,47.16,77.38,606.68,481.8,771.78,736.47,673.05,0,Low Activity,665.775,129.27305635746373,342.03,-529.3
1,18.48,41.16,82.24,616.64,515.97,782.05,746.13,684.97,1,Low Activity,682.28,117.89420059245208,349.44,-534.4
1,18.98,56.46,108.8,602.48,497.11,731.22,679.28,600.02,1,Moderate Activity,626.9075,101.97108262476507,355.64,-493.68
1,17.9,39.69,61.03,624.61,561.74,892.25,768.17,712.03,1,Moderate Activity,733.5474999999999,137.0717827453922,342.82,-563.58
1,17.58,39.9,60.7,625.77,555.72,800.27,770.85,723.79,0,Moderate Activity,712.6575,109.2636393850519,343.235,-565.0699999999999
1,17.46,40.04,67.97,629.78,575.92,795.58,758.872,717.45,0,Low Activity,711.9555,96.14236278041021,348.875,-561.81
2,24.13,53.06,117.39,553.87,478.81,699.29,648.66,578.62,1,Low Activity,601.3449999999999,95.50424789854462,335.63,-436.48
1,17.37,44.26,60.77,621.14,602.6,800.02,765.436,722.84,0,Moderate Activity,722.724,86.07898580567344,340.955,-560.37
1,17.1,41.08,62.89,629.96,595.24,795.6,772.26,731.08,0,Low Activity,723.5450000000001,89.59915085163102,346.425,-567.07
3,22.79,48.37,86.07,604.94,498.86,739.69,681.7299999999999,609.66,1,Low Activity,632.485,103.75388073063421,345.505,-518.8700000000001
1,19.18,54.97,96.92,576.68,474.95,728.35,694.45,620.32,1,Moderate Activity,629.5175,112.48673799608558,336.79999999999995,-479.75999999999993
3,23.54,50.53,103.77,540.0,425.3,719.67,656.63,588.67,2,Low Activity,597.5675,126.69208930184497,321.885,-436.23
1,18.47,44.2,74.9,617.94,556.77,777.18,489.23,690.51,0,Moderate Activity,628.4224999999999,129.73342447110534,346.42,-543.0400000000001
1,18.55,45.21,70.41,620.77,533.08,775.42,796.67,677.62,0,Low Activity,695.6975,120.1698382498703,345.59,-550.36
1,19.57,56.21,112.23,552.44,510.42,724.5,695.23,621.45,1,Low Activity,637.9000000000001,95.40796926881946,332.33500000000004,-440.21000000000004
3,24.13,46.88,100.8,602.82,459.83,712.83,674.18,583.7,1,High Activity,607.635,112.41801056770218,351.81,-502.02000000000004
1,19.09,44.86,77.79,617.76,532.67,764.49,742.31,655.58,0,Low Activity,673.7624999999999,105.14741378179494,347.775,-539.97
1,18.96,45.58,80.86,617.47,517.57,767.03,719.76,664.39,0,Low Activity,667.1875,108.20599933306221,349.165,-536.61
1,18.33,47.02,84.12,613.45,528.93,771.45,737.4,668.29,0,Moderate Activity,676.5175,107.34464786378503,348.785,-529.33
1,18.79,46.57,77.49,607.58,519.45,769.43,759.192,661.38,0,Moderate Activity,677.363,115.99466882576972,342.535,-530.09
1,18.12,48.12,87.88,617.29,505.14,762.88,724.14,658.25,0,Moderate Activity,662.6025,113.51332385084433,352.585,-529.41
1,18.12,48.39,92.76,612.16,500.19,764.41,561.17,658.95,0,Moderate Activity,621.1800000000001,115.73127782352819,352.46,-519.4
0,18.88,55.94,110.03,601.34,476.09,738.75,698.222,638.22,1,Moderate Activity,637.8205,115.45853426374914,355.685,-491.31000000000006
1,18.36,48.48,92.81,605.89,514.02,766.24,723.03,663.8,0,Low Activity,666.7725,110.15269988369177,349.35,-513.0799999999999
1,18.29,44.55,78.02,616.13,558.26,788.29,743.97,697.32,0,Moderate Activity,696.96,99.6475933812085,347.075,-538.11
1,18.27,43.49,75.77,621.85,568.69,789.25,749.25,699.74,0,Low Activity,701.7325000000001,95.95398632504364,348.81,-546.08
2,23.08,53.09,107.37,578.93,470.41,718.44,670.0360000000001,599.82,1,Low Activity,614.6765,107.80395290680828,343.15,-471.55999999999995
2,20.58,44.4,70.96,562.55,506.87,759.94,714.6479999999999,655.77,1,Moderate Activity,659.307,110.21067145547507,316.755,-491.59
0,20.66,52.92,125.89,568.02,375.16,688.98,657.95,555.13,2,Moderate Activity,569.3050000000001,141.50765974556526,346.955,-442.13
1,17.45,41.81,58.16,623.64,595.46,796.02,765.6940000000001,727.43,0,Moderate Activity,721.151,88.36873378444814,340.9,-565.48
1,17.35,42.07,62.04,631.49,609.67,800.81,771.7,727.28,0,Moderate Activity,727.365,84.08701941044964,346.765,-569.45
1,17.32,41.81,61.84,630.6,604.75,803.47,793.156,711.1,0,Low Activity,728.119,92.04553418824837,346.22,-568.76
0,21.25,51.6,105.74,554.36,459.14,745.58,705.12,632.45,1,Low Activity,635.5725,126.59210332797225,330.05,-448.62
2,17.46,41.31,59.33,626.66,619.72,796.47,765.318,722.59,0,Moderate Activity,726.0245,77.06921158499892,342.995,-567.3299999999999
0,19.91,48.15,113.04,588.73,458.61,735.14,678.35,620.15,1,High Activity,623.0625,119.26326771055705,350.885,-475.69
3,23.43,45.77,106.5,601.34,373.33,721.9,657.99,568.67,4,Low Activity,580.4725,151.72125194469848,353.92,-494.84000000000003
0,20.21,58.77,128.41,549.31,489.44,721.25,687.51,610.6,1,Low Activity,627.2,102.8527688818666,338.85999999999996,-420.9
3,23.38,49.8,141.36,589.26,434.59,704.95,650.288,567.09,2,Low Activity,589.2295,117.64764760787473,365.31,-447.9
2,17.22,42.15,59.44,578.93,596.77,800.11,762.6,718.77,0,Low Activity,719.5625,88.35298952685946,319.18499999999995,-519.49
2,17.17,42.34,57.03,630.47,605.64,799.41,769.522,719.74,0,Low Activity,723.578,85.21628453138128,343.75,-573.44
2,17.14,42.61,56.35,633.35,615.99,792.5,764.95,711.05,0,Low Activity,721.1225,77.82436438331294,344.85,-577.0
3,22.29,51.33,123.66,544.29,402.86,878.56,583.81,493.94,4,Low Activity,589.7925,206.19886895502924,333.97499999999997,-420.63
0,21.82,57.31,138.45,540.7,454.11,703.35,661.92,592.06,1,Low Activity,602.86,109.28483609357704,339.57500000000005,-402.25000000000006
2,16.9,43.75,60.49,632.64,590.19,796.68,768.94,705.93,0,Low Activity,715.435,91.72456977277133,346.565,-572.15
1,20.08,58.94,129.35,547.57,471.76,724.47,688.33,619.4,1,Low Activity,625.99,111.67647767845594,338.46000000000004,-418.22
2,17.17,45.86,69.54,625.26,577.28,784.99,749.376,698.75,0,Moderate Activity,702.5989999999999,90.73042703893037,347.4,-555.72
2,17.09,46.48,63.26,614.01,566.23,784.5,846.38,700.94,0,Low Activity,724.5125,121.18745847515189,338.635,-550.75
3,20.09,51.41,107.69,587.92,445.42,822.77,670.27,579.41,2,Low Activity,629.4675,158.54540472159175,347.80499999999995,-480.22999999999996
2,17.14,46.99,68.63,624.19,559.19,777.52,753.96,679.24,0,Moderate Activity,692.4775,98.23969610939696,346.41,-555.5600000000001
0,19.63,57.04,125.21,564.92,398.54,696.17,873.66,561.5,2,Low Activity,632.4675,201.65175581928364,345.065,-439.71
0,20.55,58.37,123.83,549.97,458.31,713.41,690.19,609.27,1,Low Activity,617.7950000000001,115.31320407192463,336.90000000000003,-426.14000000000004
2,17.23,47.45,73.14,623.48,531.26,778.01,739.53,680.54,0,Moderate Activity,682.335,108.4002633760638,348.31,-550.34
1,18.76,56.51,125.83,575.67,432.46,717.79,675.87,604.68,2,Low Activity,607.6999999999999,125.81088320703155,350.75,-449.84
0,21.24,52.22,128.64,568.67,408.14,717.42,660.86,598.73,1,Low Activity,596.2875,134.47197709931982,348.655,-440.03
2,17.53,47.55,101.01,602.11,347.33,726.99,482.28,631.4,1,Low Activity,547.0,166.90970353257876,351.56,-501.1
2,17.89,47.19,74.47,578.93,496.55,770.2,687.586,660.76,0,Moderate Activity,653.774,114.69736293394021,326.7,-504.4599999999999
0,19.65,56.91,136.6,562.47,390.58,696.25,648.85,570.76,2,Low Activity,576.6099999999999,134.379723916966,349.535,-425.87
2,17.89,47.52,75.34,611.53,495.62,775.58,730.852,664.79,0,Moderate Activity,666.7105,122.8038375662585,343.435,-536.1899999999999
1,18.41,56.98,106.79,604.4,497.17,741.77,706.36,632.78,1,Low Activity,644.52,108.21521488835721,355.59499999999997,-497.60999999999996
2,18.04,47.14,78.97,613.59,486.01,775.43,722.67,672.24,0,Moderate Activity,664.0875000000001,125.97237908234749,346.28000000000003,-534.62
2,17.78,48.03,77.96,620.22,495.05,767.73,729.29,672.94,0,Low Activity,666.2525,120.59080682898953,349.09000000000003,-542.26
2,17.59,48.64,80.02,621.18,492.49,768.49,729.82,667.84,0,Low Activity,664.6600000000001,122.03703782049121,350.59999999999997,-541.16
2,19.21,54.09,98.68,586.99,473.39,731.99,680.62,612.89,1,Moderate Activity,624.7225,112.06007417898671,342.83500000000004,-488.31
2,17.76,48.41,87.43,614.41,463.29,765.05,738.12,652.53,0,Moderate Activity,654.7475,136.3555485669725,350.91999999999996,-526.98
2,17.67,49.14,88.04,578.93,470.34,765.81,721.242,648.91,0,Moderate Activity,651.5754999999999,130.0722280927024,333.48499999999996,-490.88999999999993
3,24.27,45.18,117.58,593.43,394.92,710.15,659.08,583.78,2,Low Activity,586.9825000000001,138.16239536019438,355.505,-475.84999999999997
2,17.9,48.89,89.68,607.43,438.06,765.7,718.6279999999999,638.88,0,Moderate Activity,640.317,144.6414744900876,348.55499999999995,-517.75
2,17.82,49.24,87.3,608.42,430.78,760.17,720.83,646.09,0,Moderate Activity,639.4675,146.95042256375675,347.85999999999996,-521.12
2,17.73,49.36,90.76,612.51,431.84,767.88,726.39,651.71,0,Moderate Activity,644.455,149.67169416203365,351.635,-521.75
2,17.76,49.34,93.91,603.61,433.37,764.74,725.88,648.92,0,Moderate Activity,643.2275000000001,147.95190465711033,348.76,-509.70000000000005
2,22.38,52.05,110.97,546.16,464.22,693.3,621.94,558.49,4,Low Activity,584.4875,97.26765730875464,328.565,-435.18999999999994
2,17.37,41.38,63.18,631.29,596.79,796.76,775.75,711.29,0,Moderate Activity,720.1475,89.9196702155133,347.23499999999996,-568.11
1,16.02,45.05,73.42,612.24,578.65,778.34,743.518,675.65,0,Moderate Activity,694.0395,87.95378840239538,342.83,-538.82
2,17.65,49.84,92.66,615.22,427.97,765.65,716.07,646.38,0,Low Activity,639.0175,148.96099206951237,353.94,-522.5600000000001
1,17.02,53.97,115.2,587.34,500.63,760.89,722.98,671.53,0,High Activity,664.0074999999999,114.90977631022812,351.27000000000004,-472.14000000000004
2,17.45,50.53,93.77,578.93,446.18,762.16,719.7,649.95,0,High Activity,644.4975,140.07074459596004,336.34999999999997,-485.15999999999997
2,17.76,50.14,100.54,611.91,478.86,777.97,725.9379999999999,654.06,1,Moderate Activity,659.2069999999999,130.52357200648981,356.22499999999997,-511.36999999999995
2,22.29,50.8,119.57,566.61,380.0,693.15,637.67,561.52,2,Low Activity,568.085,136.50688981390888,343.09000000000003,-447.04
2,18.43,46.26,81.34,614.31,539.93,765.77,721.34,660.5,1,Moderate Activity,671.885,97.98287350348531,347.825,-532.9699999999999
2,17.98,49.93,87.25,611.93,407.21,752.31,705.3979999999999,634.7,1,Low Activity,624.9045,152.9686374424509,349.59,-524.68
2,18.24,49.73,96.29,606.18,441.64,752.14,713.7,650.73,1,High Activity,639.5525,138.40531188626156,351.23499999999996,-509.88999999999993
0,19.38,48.09,117.08,578.93,465.0,720.31,679.0640000000001,612.67,2,High Activity,619.261,111.99285187308459,348.005,-461.84999999999997
3,24.44,50.09,138.92,557.81,423.65,685.26,605.36,556.57,2,Low Activity,567.71,109.71616137409596,348.36499999999995,-418.89
0,21.1,50.61,107.37,560.58,436.61,708.04,848.83,590.97,2,Low Activity,646.1125,174.9870403534692,333.975,-453.21000000000004
2,20.16,46.34,103.18,598.09,516.98,757.43,471.25,656.51,1,Moderate Activity,600.5425,130.95201497113356,350.635,-494.91
2,20.45,46.23,97.83,609.37,484.8,758.89,724.0,648.22,1,Low Activity,653.9775,121.87966534660323,353.6,-511.54
2,20.98,45.4,98.96,606.59,498.58,755.51,720.1,665.96,1,Moderate Activity,660.0375,113.76306148453168,352.77500000000003,-507.63000000000005
2,21.49,44.59,97.55,599.01,512.67,760.23,721.25,669.13,1,Moderate Activity,665.82,108.70696328509352,348.28,-501.46
3,21.81,44.23,95.31,604.32,507.92,757.22,725.95,665.81,1,Moderate Activity,664.225,110.89305794322746,349.81500000000005,-509.01000000000005
1,19.88,48.96,86.94,614.7,514.46,752.81,728.19,655.74,0,Moderate Activity,662.8,107.13270804629802,350.82000000000005,-527.76
3,21.97,44.56,105.19,604.18,488.0,749.05,710.48,645.09,1,Moderate Activity,648.155,115.0698699341694,354.68499999999995,-498.98999999999995
3,24.09,51.67,117.28,554.76,485.18,715.65,669.336,589.35,1,Moderate Activity,614.879,100.9850149477634,336.02,-437.48
2,21.23,49.57,109.69,595.19,499.47,749.48,693.41,633.37,1,Low Activity,643.9325,107.34566917983541,352.44000000000005,-485.50000000000006
1,19.36,55.35,123.44,597.05,486.54,731.76,701.32,607.32,1,Moderate Activity,631.735,110.34000951604091,360.245,-473.60999999999996
3,23.16,43.15,103.63,605.33,498.57,751.74,701.6,648.05,1,Moderate Activity,649.99,109.46602912928438,354.48,-501.70000000000005
3,23.56,52.06,123.96,558.88,483.16,705.76,640.086,574.43,2,High Activity,600.859,95.0342464097373,341.42,-434.92
3,23.07,43.53,109.23,597.96,481.81,746.6,700.33,653.67,1,Moderate Activity,645.6025000000001,115.59795539570182,353.595,-488.73
2,19.88,46.56,92.83,597.82,447.67,723.09,681.31,605.25,2,Moderate Activity,614.3299999999999,121.34394642228071,345.32500000000005,-504.99000000000007
3,23.16,43.69,98.06,605.31,482.63,742.44,717.49,641.54,1,Low Activity,646.0250000000001,117.0770966784993,351.68499999999995,-507.24999999999994
3,23.12,43.86,104.76,599.03,484.55,752.34,706.09,641.65,1,Moderate Activity,646.1575,116.91012142524987,351.895,-494.27
3,23.17,43.91,102.16,605.1,490.62,750.75,703.11,633.13,1,Moderate Activity,644.4025,113.33209000543492,353.63,-502.94000000000005
3,23.55,43.27,109.13,599.78,493.37,745.04,730.142,640.71,1,Moderate Activity,652.3154999999999,115.54675331224153,354.455,-490.65
3,23.72,42.99,102.93,599.35,494.19,744.03,708.01,638.21,1,Moderate Activity,646.11,110.39630549373771,351.14,-496.42
3,24.15,42.18,105.99,593.04,476.56,748.81,704.128,638.11,1,High Activity,641.902,119.23890831435853,349.515,-487.04999999999995
1,17.8,51.52,112.44,590.42,446.08,745.86,677.66,600.81,1,Moderate Activity,617.6025,128.7877396791584,351.42999999999995,-477.97999999999996
3,24.18,41.96,110.29,578.93,476.07,751.88,706.15,637.59,1,Low Activity,642.9225,120.74442136871859,344.60999999999996,-468.63999999999993
3,24.15,42.09,110.92,596.13,473.69,735.91,702.23,652.1,1,Low Activity,640.9825,116.72312806380748,353.525,-485.21
3,24.22,42.06,115.43,596.5,476.21,743.06,692.45,640.9,1,Low Activity,638.155,115.73925306480943,355.96500000000003,-481.07
3,23.66,43.69,108.74,598.04,482.76,749.68,700.1,639.89,1,High Activity,643.1075,115.94181856287517,353.39,-489.29999999999995
3,23.6,44.03,106.91,602.87,480.53,745.42,699.3900000000001,630.63,1,Moderate Activity,638.9925,115.6935118823293,354.89,-495.96000000000004
2,17.93,46.55,95.97,594.96,480.91,737.44,697.862,620.03,2,Low Activity,634.0605,113.15164309161989,345.46500000000003,-498.99
3,23.49,44.3,110.65,596.05,471.98,734.14,687.394,627.64,1,High Activity,630.2885,114.18518279093833,353.34999999999997,-485.4
3,21.92,53.46,150.94,558.17,347.53,687.03,663.6220000000001,539.93,2,Low Activity,559.528,155.37004692882948,354.55499999999995,-407.22999999999996
3,23.61,43.97,109.89,594.86,468.71,740.54,682.99,621.97,1,Low Activity,628.5525,117.04357546799967,352.375,-484.97
3,23.82,43.62,117.04,578.93,466.46,737.07,698.98,637.83,1,Moderate Activity,635.085,119.61805451798098,347.98499999999996,-461.88999999999993
3,23.91,43.64,112.54,592.87,481.75,732.55,696.11,631.21,1,High Activity,635.405,110.6792740308681,352.705,-480.33
3,24.86,42.15,112.55,597.8,464.72,737.14,707.38,631.13,1,Low Activity,635.0925000000001,122.04051932998864,355.17499999999995,-485.24999999999994
1,15.95,47.15,77.05,578.93,532.7,756.33,714.58,619.68,0,Low Activity,655.8225,100.03271410726927,327.98999999999995,-501.87999999999994
3,23.54,44.36,124.89,592.95,444.0,725.08,691.84,603.08,1,Moderate Activity,616.0,125.69948077325805,358.92,-468.06000000000006
0,21.55,52.76,128.54,574.53,444.44,714.62,668.06,590.16,1,Low Activity,604.3199999999999,118.30891428797746,351.53499999999997,-445.99
3,23.96,43.81,111.57,596.25,479.89,732.79,691.18,624.98,1,Moderate Activity,632.2099999999999,110.82636960579372,353.90999999999997,-484.68
3,22.92,43.65,128.71,572.49,477.89,712.58,710.812,598.39,2,Low Activity,624.918,111.6294062930254,350.6,-443.78
3,23.65,44.39,113.61,592.08,471.92,733.57,697.514,631.31,1,Moderate Activity,633.5785,115.79387569729239,352.845,-478.47
3,23.43,44.64,112.46,593.07,435.12,736.12,695.76,617.31,1,High Activity,621.0775,133.4249332958424,352.76500000000004,-480.61000000000007
0,19.23,52.8,118.78,589.4,474.89,714.09,663.884,583.52,1,Moderate Activity,609.096,104.38845273304901,354.09,-470.62
3,23.55,44.31,114.32,595.11,407.0,722.4,690.7300000000001,618.63,1,High Activity,609.69,141.93212626698255,354.71500000000003,-480.79
3,23.56,44.31,113.71,591.28,422.42,725.96,680.76,605.95,1,Moderate Activity,608.7725,133.72899345940905,352.495,-477.57
3,23.4,44.52,116.97,593.88,418.01,723.46,631.452,602.55,1,Low Activity,593.8679999999999,128.07296983620967,355.425,-476.90999999999997
3,23.05,45.39,116.04,593.42,423.12,728.18,683.03,615.19,1,High Activity,612.38,134.44739516504833,354.72999999999996,-477.37999999999994
3,23.78,51.7,106.96,552.76,430.81,590.92,661.12,599.89,2,Low Activity,570.685,98.32919556266084,329.86,-445.8
2,15.05,45.28,70.14,604.19,567.13,782.75,746.142,687.95,0,Moderate Activity,695.9929999999999,94.36111817198156,337.165,-534.0500000000001
3,22.98,45.12,115.47,601.52,426.55,735.87,691.3879999999999,614.43,1,High Activity,617.0595,136.5545613579666,358.495,-486.04999999999995
1,15.96,41.36,77.66,601.96,557.54,779.36,754.21,703.37,1,Low Activity,698.62,99.222518613468,339.81,-524.3000000000001
3,22.88,45.27,116.29,597.18,448.09,741.32,694.96,619.36,2,Moderate Activity,625.9325,128.77658104251722,356.73499999999996,-480.88999999999993
3,22.58,45.85,109.58,599.19,444.4,727.9,683.42,614.81,2,Moderate Activity,617.6324999999999,124.50486238831532,354.38500000000005,-489.61000000000007
3,22.46,45.96,110.16,598.45,441.24,738.7,684.97,621.59,2,Moderate Activity,621.625,129.43195651255013,354.305,-488.2900000000001
0,19.11,47.16,113.58,587.06,449.12,716.68,669.25,597.36,3,Moderate Activity,608.1025,116.7888791438066,350.32,-473.47999999999996
3,22.35,46.2,119.67,594.28,443.26,736.08,686.79,626.59,2,Moderate Activity,623.1800000000001,128.03056484032763,356.97499999999997,-474.60999999999996
3,23.36,46.48,121.67,581.63,476.27,711.24,632.7679999999999,586.84,1,Moderate Activity,601.7795,98.17961676267976,351.65,-459.96
3,21.96,47.16,106.53,596.73,433.78,736.72,682.63,617.67,2,Moderate Activity,617.7,131.91946103589115,351.63,-490.20000000000005
3,21.94,47.13,112.38,597.35,436.42,730.81,694.14,611.65,2,Moderate Activity,618.255,131.06582887999448,354.865,-484.97
2,18.21,53.75,82.29,594.6,524.74,748.91,705.076,636.71,1,Moderate Activity,653.859,97.67919951214449,338.445,-512.3100000000001
3,22.02,46.48,104.16,607.2,451.44,729.3,686.42,621.28,3,High Activity,622.1099999999999,122.139824245275,355.68,-503.0400000000001
3,21.92,46.6,108.74,604.0,453.71,735.06,685.83,637.47,3,Moderate Activity,628.0174999999999,122.84520920654577,356.37,-495.26
3,21.79,46.75,109.12,597.14,442.03,734.69,688.0379999999999,626.8,3,High Activity,622.8895,128.41226525401174,353.13,-488.02
0,18.47,51.35,126.91,586.61,480.24,750.03,631.8639999999999,658.57,1,Moderate Activity,630.176,112.03400375481246,356.76,-459.70000000000005
0,21.67,46.53,109.17,595.09,453.05,733.93,690.208,622.99,3,Low Activity,625.0445,123.40808029055468,352.13,-485.92
0,21.54,46.97,111.49,596.68,450.92,882.31,651.874,625.0,3,High Activity,652.5260000000001,177.2039988939301,354.085,-485.18999999999994
0,21.55,47.28,108.94,598.58,440.88,733.55,693.7059999999999,623.69,3,Low Activity,622.9565,129.6004164949583,353.76,-489.64000000000004
3,23.74,44.89,110.93,592.43,335.39,723.12,662.32,562.32,4,Low Activity,570.7875,170.35949310697856,351.67999999999995,-481.49999999999994
0,21.23,47.8,115.81,591.48,440.51,737.71,688.54,630.51,3,Moderate Activity,624.3175,130.13574025480727,353.645,-475.67
0,21.3,47.24,110.59,601.75,443.38,732.65,698.32,635.49,3,Low Activity,627.46,129.14591618269108,356.17,-491.15999999999997
0,21.2,47.66,111.12,596.66,459.07,733.33,697.26,617.84,3,Low Activity,626.875,121.82892992498402,353.89,-485.53999999999996
2,19.77,55.03,107.39,568.74,361.57,716.14,666.87,599.46,1,Low Activity,586.01,157.084237061945,338.065,-461.35
3,24.2,48.5,133.83,570.43,432.32,698.73,886.81,581.6,2,Low Activity,649.865,191.93458824992086,352.13,-436.5999999999999
1,18.72,50.7,86.01,584.87,520.8,761.91,726.25,674.06,1,Low Activity,670.755,106.28006100236614,335.44,-498.86
1,18.54,56.91,121.09,569.31,429.32,715.74,668.19,597.86,2,High Activity,602.7775,125.36747009624682,345.2,-448.2199999999999
0,20.98,47.96,110.99,578.93,443.82,730.42,722.7819999999999,630.16,2,High Activity,631.7955,133.3451644455096,344.96,-467.93999999999994
3,23.94,51.44,124.85,554.42,411.87,681.48,625.55,551.99,2,Low Activity,567.7225,116.65090637596148,339.635,-429.56999999999994
0,20.79,48.36,118.44,598.94,470.66,738.84,686.002,607.36,2,High Activity,625.7155,116.63439607451424,358.69000000000005,-480.50000000000006
0,20.87,48.14,115.13,593.67,461.3,739.5,860.78,628.78,2,Moderate Activity,672.5899999999999,169.75983466847117,354.4,-478.53999999999996
0,20.91,47.97,114.9,605.37,455.14,739.01,693.866,612.05,2,Moderate Activity,625.0165,124.84781010894824,360.135,-490.47
2,23.3,51.05,113.45,544.14,482.51,717.37,678.244,610.94,2,Low Activity,622.2660000000001,103.01832379403838,328.795,-430.69
0,20.84,47.89,116.3,593.55,457.71,733.01,696.57,622.78,2,Low Activity,627.5174999999999,122.1391914647656,354.92499999999995,-477.24999999999994
0,20.65,48.21,118.16,597.89,459.77,737.39,686.986,622.54,2,Moderate Activity,626.6714999999999,120.78852752779684,358.025,-479.73
0,20.82,47.91,114.11,599.58,455.55,738.45,688.92,614.79,2,High Activity,624.4275,123.52179898706139,356.845,-485.47
0,20.64,48.14,120.75,597.49,460.25,730.99,697.89,623.4,2,Moderate Activity,628.1325,120.62711756345115,359.12,-476.74
0,20.64,48.2,120.06,599.0,458.78,732.92,643.15,608.74,2,High Activity,610.8975,114.12581197228492,359.53,-478.94
0,20.5,48.36,121.12,578.93,460.07,734.4,680.6,615.59,2,Low Activity,622.6650000000001,118.78322566760006,350.025,-457.80999999999995
0,20.3,48.67,115.36,592.22,462.11,737.51,697.53,613.68,1,High Activity,627.7075,121.86204396092054,353.79,-476.86
0,20.22,49.01,125.32,595.9,464.69,729.73,689.97,605.1,1,High Activity,622.3725000000001,117.27057726329598,360.61,-470.58
0,20.16,49.0,122.66,591.11,463.3,733.48,700.26,621.61,1,Moderate Activity,629.6625,120.42065780006352,356.885,-468.45000000000005
1,19.25,48.86,81.13,616.88,530.37,775.97,851.0,679.0,1,Moderate Activity,709.085,138.39271283802,349.005,-535.75
3,22.19,50.09,192.27,558.89,431.6,699.75,660.16,577.42,2,Low Activity,592.2325,118.59787557821878,375.58,-366.62
0,20.16,48.9,116.53,596.09,452.6,735.8,731.008,623.85,1,Moderate Activity,635.8145000000001,132.62680086493324,356.31,-479.56000000000006
1,19.69,54.64,121.81,554.51,486.82,699.47,638.67,573.77,2,Low Activity,599.6825,91.08049896474364,338.15999999999997,-432.7
2,15.49,47.08,79.07,603.29,544.04,763.62,722.906,652.5,1,Moderate Activity,670.7665,96.1484455533907,341.17999999999995,-524.22
1,18.58,45.77,74.73,615.17,428.11,769.68,719.35,626.44,0,Moderate Activity,635.895,150.69524046896768,344.95,-540.4399999999999
0,20.08,48.86,116.49,601.4,466.48,736.98,802.27,622.48,1,Moderate Activity,657.0525,147.18430971064814,358.945,-484.90999999999997
1,20.2,56.43,131.72,560.86,428.24,710.95,668.94,585.67,2,Low Activity,598.45,124.84638908140944,346.29,-429.14
0,19.89,49.29,113.97,602.41,463.61,737.11,687.47,623.39,1,Moderate Activity,627.895,119.00553642583189,358.19,-488.43999999999994
0,19.77,49.6,114.38,595.08,460.45,733.55,516.84,625.87,1,Moderate Activity,584.1775,120.95900335099766,354.73,-480.70000000000005
3,22.55,49.2,108.91,564.77,438.03,729.35,685.34,636.95,1,Moderate Activity,622.4175,128.58686334536668,336.84,-455.86
0,22.27,51.59,122.96,571.66,432.63,710.2,682.94,594.09,1,Low Activity,604.965,125.12943125686569,347.31,-448.7
0,19.37,50.53,116.35,599.46,467.05,731.26,705.56,627.64,1,High Activity,632.8774999999999,119.00707720551746,357.90500000000003,-483.11
0,19.39,50.41,115.65,603.06,458.85,733.35,688.21,617.34,1,Moderate Activity,624.4375,120.27532176219692,359.35499999999996,-487.40999999999997
0,19.22,50.94,117.63,593.29,456.89,740.62,690.96,625.11,1,Low Activity,628.395,123.73841508063157,355.46,-475.65999999999997
0,21.21,52.47,127.07,570.0,369.27,868.93,649.48,547.71,3,Low Activity,608.8475,208.50985530265308,348.53499999999997,-442.93
0,19.34,50.45,113.52,578.93,462.55,740.41,702.44,622.12,1,Low Activity,631.88,123.1873654235693,346.22499999999997,-465.40999999999997
0,19.53,49.62,109.17,591.51,453.27,735.22,683.01,617.43,1,Moderate Activity,622.2325,122.51730500219145,350.34,-482.34
0,19.39,50.05,110.99,603.09,441.35,732.73,691.318,616.72,1,High Activity,620.5295,128.73716045105238,357.04,-492.1
0,19.28,50.39,109.45,598.19,445.72,729.76,695.11,610.34,1,Moderate Activity,620.2325000000001,126.69568195088574,353.82000000000005,-488.74000000000007
2,20.8,51.06,94.31,577.11,422.66,719.71,656.7,600.44,2,Moderate Activity,599.8775,127.7953875993444,335.71000000000004,-482.8
2,17.9,48.25,87.18,602.49,489.99,760.64,716.47,643.49,0,Low Activity,652.6475,118.7111531898611,344.83500000000004,-515.31
3,20.88,47.91,112.84,588.11,423.47,737.69,696.5,622.45,1,Moderate Activity,620.0275,139.44321003548362,350.475,-475.27
0,19.06,51.01,115.52,597.45,463.75,737.42,735.1360000000001,625.42,1,High Activity,640.4315,128.86350534189268,356.485,-481.93000000000006
0,19.05,51.05,113.04,599.41,458.8,737.67,688.25,619.5,1,High Activity,626.0550000000001,121.57758743562344,356.22499999999997,-486.36999999999995
0,18.85,51.44,112.03,597.43,457.11,736.98,665.8820000000001,622.51,1,Low Activity,620.6205,118.78185950584655,354.72999999999996,-485.4
1,18.92,51.33,112.88,595.98,462.7,741.58,686.96,622.77,1,Moderate Activity,628.5025,120.72990636816824,354.43,-483.1
1,19.08,50.87,116.21,590.32,450.5,738.42,699.89,617.46,1,Low Activity,626.5675,127.76264696042162,353.26500000000004,-474.11000000000007
1,19.21,50.39,114.34,594.78,429.8,736.76,696.18,621.66,1,Moderate Activity,621.0999999999999,136.14972836305378,354.56,-480.43999999999994
0,20.67,51.83,109.05,578.93,494.89,748.61,693.68,640.1,1,High Activity,644.3199999999999,109.02590976460596,343.98999999999995,-469.87999999999994
1,18.9,51.07,110.16,603.43,435.41,736.05,695.32,619.77,1,Moderate Activity,621.6375,133.17094312073735,356.79499999999996,-493.27
3,23.55,49.22,118.63,578.93,406.47,717.52,683.44,582.92,2,Low Activity,597.5875,139.63701834279715,348.78,-460.29999999999995
1,18.92,50.89,116.38,593.25,441.18,738.29,693.89,628.57,1,Moderate Activity,625.4825000000001,130.87151749585036,354.815,-476.87
1,19.01,50.72,117.55,600.55,427.57,738.25,700.05,634.45,1,Low Activity,625.0799999999999,138.47496380212561,359.04999999999995,-482.99999999999994
1,18.96,50.71,114.19,597.59,448.23,738.44,699.99,624.08,1,Low Activity,627.6850000000001,128.72681163352618,355.89,-483.40000000000003
1,18.9,50.98,112.17,578.93,450.61,732.22,699.85,627.03,1,High Activity,627.4275,125.81874909964732,345.54999999999995,-466.75999999999993
1,18.67,51.48,117.45,598.4,453.3,740.02,457.89,633.1,1,Low Activity,571.0775,140.32261456491372,357.925,-480.95
0,21.07,56.02,128.95,578.93,444.44,697.6,669.06,597.15,1,Low Activity,602.0625,113.26232688615693,353.93999999999994,-449.97999999999996
1,18.69,51.5,113.25,600.78,443.55,744.72,691.12,625.98,1,Moderate Activity,626.3425,131.17747072191932,357.015,-487.53
1,18.8,51.18,112.38,601.01,452.61,736.94,832.95,631.01,1,High Activity,663.3775,162.9282748890853,356.695,-488.63
1,18.8,51.11,114.7,597.64,441.99,748.6,703.5419999999999,629.26,1,High Activity,630.848,135.17866824811276,356.17,-482.94
3,24.02,51.04,171.48,548.55,443.63,701.19,840.89,596.93,1,Low Activity,645.66,167.7190782230811,360.015,-377.06999999999994
1,18.63,51.46,119.26,596.02,445.7,737.13,662.0840000000001,628.03,1,High Activity,618.236,123.72418797739861,357.64,-476.76
1,18.0,45.61,89.69,597.07,472.74,766.15,730.02,671.99,1,Low Activity,660.2249999999999,130.8695127471126,343.38,-507.38000000000005
1,19.09,50.31,113.21,595.15,450.81,736.07,726.304,627.57,1,Low Activity,635.1885000000001,132.3286114023217,354.18,-481.94
1,19.17,50.23,120.55,591.16,424.72,735.42,691.75,628.84,1,Moderate Activity,620.1825,137.45560456016332,355.85499999999996,-470.60999999999996
1,18.78,48.01,103.65,605.29,440.77,746.54,694.1,618.96,1,Moderate Activity,625.0925,133.5713565539658,354.46999999999997,-501.64
1,19.01,44.21,90.66,578.93,459.52,753.45,705.98,638.15,1,Moderate Activity,639.275,128.83919344154043,334.79499999999996,-488.27
2,19.29,53.75,88.39,574.96,463.86,726.64,689.85,612.63,1,Moderate Activity,623.245,116.39445648311606,331.675,-486.57000000000005
1,18.68,42.57,78.51,621.55,448.91,764.9,713.92,650.51,1,Low Activity,644.56,138.57230387057868,350.03,-543.04
1,18.2,45.33,79.79,608.04,482.93,756.7,709.83,638.47,1,High Activity,646.9825000000001,119.68489667316705,343.91499999999996,-528.25
1,18.18,43.11,74.8,578.93,488.81,777.32,720.91,659.42,1,Moderate Activity,661.615,124.85982820747434,326.86499999999995,-504.12999999999994
1,18.13,41.81,79.8,620.52,523.88,782.69,462.54,687.17,1,Low Activity,614.07,147.05088847062436,350.15999999999997,-540.72
3,22.32,45.63,111.83,591.79,413.99,740.27,687.4,623.31,1,Low Activity,616.2425,143.06436066213928,351.81,-479.96
1,17.7,41.73,63.26,623.69,541.35,789.44,757.92,703.53,1,Moderate Activity,698.06,110.33504882855674,343.475,-560.4300000000001
1,17.59,41.96,69.87,624.62,552.25,794.16,756.88,694.44,1,Moderate Activity,699.4325,106.3972554078973,347.245,-554.75
3,25.33,45.67,104.97,600.19,419.76,725.7,662.77,599.68,2,Low Activity,601.9775,131.92356483332816,352.58000000000004,-495.22
1,17.18,42.5,62.04,622.59,565.36,803.8,766.21,697.57,0,Moderate Activity,708.235,104.91389755413722,342.315,-560.5500000000001
1,17.07,43.29,59.59,622.11,574.11,799.15,758.66,711.77,0,Moderate Activity,710.9225,97.94784168968023,340.85,-562.52
1,17.34,44.64,67.11,578.93,505.14,778.37,747.02,675.47,0,Moderate Activity,676.5,122.08723356682303,323.02,-511.81999999999994
1,16.91,48.16,85.95,607.8,523.75,769.38,733.25,685.38,0,Low Activity,677.94,108.39800028905823,346.875,-521.8499999999999
1,18.25,44.69,69.21,617.36,452.81,764.99,736.59,664.41,0,Low Activity,654.6999999999999,141.09537247313725,343.285,-548.15
1,17.93,45.94,77.06,622.65,483.36,774.45,734.07,660.84,0,Moderate Activity,663.1800000000001,128.77255530585703,349.855,-545.5899999999999
1,18.78,44.93,72.92,620.33,456.55,769.16,728.56,650.22,0,Low Activity,651.1225,138.79083792407428,346.625,-547.4100000000001
1,18.38,51.28,79.65,596.15,563.59,764.88,731.08,656.23,0,Moderate Activity,678.945,89.30403070410651,337.9,-516.5
3,24.18,50.84,142.13,555.83,426.21,659.53,559.016,511.78,3,Low Activity,539.134,97.2806281366782,348.98,-413.70000000000005
1,19.24,45.34,82.35,578.93,413.34,752.22,706.88,630.93,0,Moderate Activity,625.8425,150.24595843149996,330.64,-496.5799999999999
1,19.1,45.78,80.59,613.37,426.75,756.26,712.45,638.89,0,Moderate Activity,633.5875,146.14798900999858,346.98,-532.78
1,19.78,45.06,79.35,616.83,418.12,754.02,706.95,639.85,0,Moderate Activity,629.735,148.6518739650911,348.09000000000003,-537.48
1,19.3,45.99,84.91,615.4,411.27,761.97,716.18,640.23,1,High Activity,632.4125,155.74258513650017,350.155,-530.49
1,19.08,56.27,110.84,578.93,484.39,728.64,685.7,599.62,1,Low Activity,624.5875,107.76575750982622,344.885,-468.0899999999999
1,19.99,45.73,96.97,606.1,409.21,746.83,705.01,616.74,1,Low Activity,619.4475,150.282378291668,351.535,-509.13
1,19.62,46.54,88.87,603.52,410.89,748.2,708.01,632.23,1,Moderate Activity,624.8325,150.51484187614193,346.195,-514.65
1,19.51,47.0,95.72,604.03,372.96,744.21,690.65,615.32,1,High Activity,605.7850000000001,163.97351991505622,349.875,-508.30999999999995
1,19.39,47.29,101.79,596.16,398.88,749.81,714.35,623.6,1,High Activity,621.66,157.7429877997751,348.97499999999997,-494.36999999999995
1,19.16,47.97,99.08,604.0,431.18,747.7,727.78,619.8,1,Low Activity,631.615,144.95656579357373,351.54,-504.92
3,22.89,54.84,131.83,561.71,400.44,822.59,629.46,550.68,2,Low Activity,600.7925,175.75394113646502,346.77000000000004,-429.88
1,18.25,44.18,75.52,609.64,536.98,786.69,746.7719999999999,680.91,1,Moderate Activity,687.838,109.6221808577078,342.58,-534.12
2,19.2,52.37,88.58,567.97,523.21,749.55,717.04,663.83,1,Low Activity,663.4075,99.92079008728193,328.27500000000003,-479.39000000000004
1,17.87,43.78,72.31,621.37,542.33,792.67,759.74,696.55,0,Low Activity,697.8225,111.06959061027158,346.84000000000003,-549.06
1,17.08,50.86,121.71,585.07,501.48,737.36,713.67,641.09,1,Low Activity,648.4000000000001,106.16492986543781,353.39000000000004,-463.36000000000007
0,21.58,57.55,128.65,542.72,460.06,701.97,658.67,598.79,1,Low Activity,604.8725,105.40359335272524,335.685,-414.07000000000005
2,18.14,42.79,63.06,621.09,561.14,838.16,846.46,686.27,0,Moderate Activity,733.0075,136.20003606827717,342.07500000000005,-558.03
2,21.46,46.79,187.74,588.63,463.51,739.77,689.78,637.07,1,Moderate Activity,632.5325,120.23082255256621,388.185,-400.89
2,17.98,41.83,67.89,622.09,514.35,784.84,803.29,688.41,0,Moderate Activity,697.7225,132.2197063917982,344.99,-554.2
2,18.08,41.92,65.72,629.0,486.27,793.78,753.14,678.64,0,Moderate Activity,677.9575,136.39626494763948,347.36,-563.28
2,18.09,41.84,58.4,624.38,475.0,784.75,756.59,683.81,0,Moderate Activity,675.0375,139.9757134589188,341.39,-565.98
2,17.93,42.13,59.97,618.6,512.61,786.77,765.52,696.83,0,Low Activity,690.4325,124.60713740258485,339.285,-558.63
0,19.89,49.29,113.97,602.41,463.61,737.11,731.042,623.39,1,Moderate Activity,638.788,127.9354606666971,358.19,-488.43999999999994
2,17.91,42.11,60.19,624.79,589.57,797.12,766.06,709.98,0,Low Activity,715.6825,91.48194735392694,342.49,-564.5999999999999
2,17.82,42.27,58.61,620.74,530.98,789.37,763.96,694.92,0,Moderate Activity,694.8075,116.2806906799233,339.675,-562.13
2,17.83,42.52,65.37,628.26,498.35,783.66,751.1,691.04,0,Low Activity,681.0375,127.69090815324323,346.815,-562.89
2,19.68,41.91,63.78,628.23,573.13,783.17,702.1099999999999,683.87,0,Moderate Activity,685.5699999999999,86.49658027922258,346.005,-564.45
2,18.2,42.3,59.91,622.39,462.14,785.6,753.75,698.55,0,Moderate Activity,675.01,146.39888911236088,341.15,-562.48
2,17.91,43.77,63.59,623.35,477.22,783.98,738.254,686.41,0,Moderate Activity,671.466,135.49276584870992,343.47,-559.76
2,18.91,42.84,63.76,618.36,521.53,783.89,742.88,682.05,0,Moderate Activity,682.5875000000001,115.23481718502734,341.06,-554.6
2,19.3,43.07,68.21,619.42,508.22,760.22,719.052,680.18,0,Moderate Activity,666.918,110.73113535045147,343.815,-551.2099999999999
1,18.73,50.11,100.74,578.8,502.34,747.71,703.66,630.11,2,Moderate Activity,645.955,107.3316966231318,339.77,-478.05999999999995
2,18.62,51.83,106.84,596.56,467.66,747.32,703.82,630.21,1,Moderate Activity,637.2525,122.95974880016632,351.7,-489.7199999999999
2,18.28,47.21,87.11,612.7,495.16,754.96,719.19,650.5,0,Moderate Activity,654.9525000000001,115.00931016661217,349.90500000000003,-525.59
2,18.05,47.82,86.1,612.17,482.1,766.68,728.85,652.96,0,Moderate Activity,657.6475,126.22305583767174,349.135,-526.0699999999999
2,18.46,47.28,77.89,615.05,480.64,767.82,725.66,663.89,0,Low Activity,659.5024999999999,126.64983178696556,346.46999999999997,-537.16
2,21.07,40.23,66.99,631.51,571.23,777.23,743.89,692.22,0,Low Activity,696.1424999999999,90.32077109760891,349.25,-564.52
1,19.0,52.74,122.45,578.93,438.36,745.96,709.06,627.54,1,High Activity,630.23,137.14825895115598,350.69,-456.47999999999996
2,18.83,46.79,87.41,616.01,477.6,755.06,703.524,641.17,0,Low Activity,644.3385,120.51824308239254,351.71,-528.6
2,18.64,47.35,93.3,609.21,478.95,749.48,654.82,642.79,0,Low Activity,631.51,112.34184290221819,351.255,-515.9100000000001
1,19.42,57.25,114.47,596.93,475.61,731.78,691.86,621.09,2,High Activity,630.085,112.69643487410472,355.7,-482.4599999999999
2,19.18,54.13,85.44,583.18,459.91,728.24,682.81,607.44,1,Moderate Activity,619.6,117.5399441324806,334.30999999999995,-497.73999999999995
2,18.75,47.23,92.3,610.8,469.15,755.2,714.13,645.01,0,Low Activity,645.8725,126.28430157782877,351.54999999999995,-518.5
2,18.12,48.85,93.17,612.03,489.97,761.61,714.806,655.67,0,Low Activity,655.514,118.57029244573309,352.59999999999997,-518.86
2,18.52,48.51,96.78,608.11,506.33,755.29,717.64,642.67,1,Low Activity,655.4825,109.90256332315455,352.445,-511.33000000000004
1,19.28,56.07,143.19,564.69,460.06,719.48,682.49,612.19,1,Low Activity,618.5550000000001,114.65123651026767,353.94000000000005,-421.50000000000006
1,16.0,45.54,63.42,622.37,584.19,784.31,777.0,699.34,0,Low Activity,711.21,92.9998412185024,342.895,-558.95
2,17.8,52.13,105.19,599.41,410.02,728.86,682.18,587.01,1,Low Activity,602.0174999999999,140.95307880638862,352.29999999999995,-494.21999999999997
2,17.76,54.43,109.73,598.83,405.34,722.03,683.48,575.47,1,Moderate Activity,596.5799999999999,141.7834995101099,354.28000000000003,-489.1
2,19.29,45.92,61.7,627.04,566.72,783.08,750.68,694.39,0,Moderate Activity,698.7175,95.32261025066401,344.37,-565.3399999999999
3,25.59,48.19,114.48,543.77,473.68,690.46,617.17,553.09,2,Low Activity,583.6,92.30252975948167,329.125,-429.28999999999996
3,23.38,52.17,103.2,547.34,467.69,706.54,660.66,592.1,2,Low Activity,606.7475,103.94972867529123,325.27000000000004,-444.14000000000004
2,17.85,56.6,107.01,602.77,426.07,714.39,684.23,607.23,1,Low Activity,607.98,129.39469489382734,354.89,-495.76
2,17.76,55.78,114.21,598.38,436.27,897.13,668.588,595.92,1,Moderate Activity,649.477,191.5052791509066,356.295,-484.17
2,17.29,48.56,102.07,590.6,508.18,716.74,655.43,579.39,1,Low Activity,614.935,90.6718995426183,346.33500000000004,-488.53000000000003
2,18.35,51.83,99.09,607.65,467.26,747.23,701.67,619.85,1,Low Activity,634.0024999999999,123.0212879613389,353.37,-508.55999999999995
0,18.19,51.76,124.48,589.12,487.58,747.98,708.68,654.44,1,Low Activity,649.67,114.66321293248328,356.8,-464.64
2,18.25,52.2,103.08,599.28,482.48,735.06,688.126,613.64,1,High Activity,629.8265,110.22086170805716,351.18,-496.2
2,18.23,52.56,107.9,597.38,456.57,736.14,766.1379999999999,610.16,1,Low Activity,642.252,141.03238295748486,352.64,-489.48
1,18.31,52.82,73.61,572.69,604.09,765.78,740.004,682.9,0,Low Activity,698.1935,71.65987428354401,323.15000000000003,-499.08000000000004
2,18.47,52.57,111.38,595.79,445.14,730.16,686.82,603.98,1,Moderate Activity,616.525,125.67749135518793,353.585,-484.40999999999997
2,18.13,53.55,112.0,588.31,447.69,723.16,676.598,598.65,1,Moderate Activity,611.5245,120.69871775485713,350.155,-476.30999999999995
2,18.05,53.33,108.8,596.23,451.8,888.24,683.46,610.51,1,Low Activity,658.5025,181.13659604011553,352.515,-487.43
2,18.12,53.25,112.24,596.7,451.24,721.43,701.444,597.21,1,Moderate Activity,617.831,123.69542364480046,354.47,-484.46000000000004
3,23.12,45.81,115.24,578.93,450.67,732.45,719.918,609.57,1,Moderate Activity,628.152,130.56827410464865,347.085,-463.68999999999994
0,20.65,54.52,125.01,544.9,449.15,661.1,600.55,525.35,3,Low Activity,559.0375,91.9241569175372,334.955,-419.89
0,20.9,55.95,134.51,560.54,444.21,713.75,661.66,583.17,1,Low Activity,600.6975,117.32127552863832,347.525,-426.03
2,18.28,52.8,122.13,599.41,473.29,692.84,665.27,566.96,1,Low Activity,599.59,100.04304373618386,360.77,-477.28
2,18.24,53.1,125.5,591.44,467.32,709.32,695.406,555.67,1,High Activity,606.929,116.0894114781074,358.47,-465.94000000000005
3,18.21,53.41,129.12,587.75,474.1,698.05,661.74,560.65,1,Moderate Activity,598.635,101.35319383226162,358.435,-458.63
1,18.07,52.47,116.98,596.03,485.93,762.1,734.79,656.2,1,Low Activity,659.755,124.27458697041268,356.505,-479.04999999999995
3,21.58,44.01,95.83,593.35,494.82,815.9,691.226,611.69,1,High Activity,653.409,135.06096950636774,344.59000000000003,-497.52000000000004
2,16.3,47.15,78.83,604.72,532.62,761.44,723.25,673.26,0,Moderate Activity,672.6424999999999,100.08795611028,341.77500000000003,-525.89
1,16.95,53.22,84.61,605.5,530.84,759.46,708.34,654.31,1,Moderate Activity,663.2375000000001,98.15260783596123,345.055,-520.89
3,20.93,48.83,132.05,584.21,468.14,697.37,640.104,562.78,1,Low Activity,592.0985000000001,99.35106257945444,358.13,-452.16
3,21.58,47.64,136.34,585.01,467.77,706.13,663.32,567.94,1,Low Activity,601.2900000000001,106.1115127275704,360.675,-448.66999999999996
3,21.76,47.54,129.73,588.78,473.39,704.1,523.73,571.41,1,Low Activity,568.1575,99.07173137849834,359.255,-459.04999999999995
3,22.13,45.99,121.42,575.91,414.22,722.04,679.72,606.74,2,High Activity,605.6800000000001,136.23463387357364,348.66499999999996,-454.48999999999995
3,21.75,48.04,132.53,585.62,476.93,706.78,671.64,570.89,1,Low Activity,606.56,103.85204315114201,359.075,-453.09000000000003
0,21.37,57.89,123.72,550.6,470.24,704.35,657.46,590.44,1,Low Activity,605.6225000000001,101.64181435314897,337.16,-426.88
0,22.62,53.94,113.99,549.52,451.3,705.5,660.08,577.97,1,Low Activity,598.7125000000001,111.55004359030971,331.755,-435.53
3,22.25,47.61,178.33,586.05,452.67,699.44,658.27,558.51,1,Low Activity,592.2225000000001,110.25621293907508,382.19,-407.7199999999999
2,19.36,51.02,86.75,605.05,515.67,750.58,722.6,649.14,0,Low Activity,659.4975,104.99456315289224,345.9,-518.3
1,18.4,47.11,75.75,562.22,544.74,760.79,705.52,655.42,1,Moderate Activity,666.6175,91.94450006208453,318.985,-486.47
3,23.24,46.3,153.49,575.94,449.26,682.08,647.72,546.06,1,Low Activity,581.28,105.26892925581922,364.71500000000003,-422.45000000000005
3,23.72,44.97,148.74,584.9,454.7,688.85,649.26,557.03,1,Low Activity,587.46,104.32381415573342,366.82,-436.15999999999997
3,23.25,46.02,145.41,581.33,448.75,686.13,654.44,548.95,1,Low Activity,584.5675000000001,107.87663830351161,363.37,-435.9200000000001
2,17.33,47.63,82.59,613.07,438.34,757.98,725.52,649.64,0,Moderate Activity,642.87,143.71231494435915,347.83000000000004,-530.48
3,24.25,43.97,141.48,578.35,449.55,690.96,658.03,551.32,1,Low Activity,587.465,109.57135042214881,359.915,-436.87
2,16.04,45.13,64.1,613.3,606.8,798.37,753.96,708.83,0,Low Activity,716.99,82.0526396081605,338.7,-549.1999999999999
3,23.85,44.5,142.47,589.69,441.75,700.97,659.06,558.93,1,Low Activity,590.1775,115.50888259494737,366.08000000000004,-447.22
0,21.1,57.33,137.64,553.31,439.84,702.31,651.08,584.67,1,Low Activity,594.475,113.78434939246553,345.47499999999997,-415.66999999999996
3,24.68,46.94,101.8,602.65,482.04,571.36,676.62,607.77,1,High Activity,584.4475,81.03144960445911,352.22499999999997,-500.84999999999997
3,24.44,43.92,135.63,581.68,460.72,701.55,699.3499999999999,560.68,1,Low Activity,605.5749999999999,116.90948535797537,358.655,-446.04999999999995
2,20.03,49.59,103.92,594.74,501.58,747.55,701.63,643.81,1,Low Activity,648.6424999999999,106.83492043802906,349.33,-490.82
3,21.52,53.6,130.21,567.34,453.97,590.4,656.76,588.73,2,Low Activity,572.4649999999999,85.11350558714716,348.77500000000003,-437.13
3,23.02,45.42,104.71,593.3,488.79,738.57,689.47,637.07,1,Moderate Activity,638.475,108.05411036451444,349.005,-488.59
1,18.38,51.55,83.56,600.6,559.01,757.05,725.18,664.19,0,Low Activity,676.3575,87.20359295923531,342.08000000000004,-517.04
1,17.81,52.52,119.94,592.4,493.01,754.68,708.5060000000001,633.24,1,High Activity,647.359,114.42568565376104,356.16999999999996,-472.46
3,24.67,43.43,135.1,581.88,457.22,701.66,647.8,556.05,1,Low Activity,590.6825,107.37793577670723,358.49,-446.78
0,22.17,52.7,124.5,553.46,430.08,690.58,629.67,560.02,3,Low Activity,577.5875,111.87339790286758,338.98,-428.96000000000004
3,23.34,47.58,160.65,573.56,467.12,697.75,888.04,556.79,2,Moderate Activity,652.425,183.5327219689539,367.10499999999996,-412.90999999999997
3,24.44,48.92,141.84,561.39,401.18,684.03,608.59,528.81,2,Low Activity,555.6525,120.9206826463805,351.615,-419.54999999999995
3,23.8,46.1,151.7,584.53,460.51,700.61,698.54,558.64,1,Low Activity,604.5749999999999,116.78597361555596,368.115,-432.83
2,18.7,53.42,103.8,581.19,460.13,724.5,666.13,589.16,2,Low Activity,609.98,114.24556563239845,342.495,-477.39000000000004
3,23.2,46.84,146.58,582.73,448.04,708.47,655.85,567.97,1,Low Activity,595.0825,113.88005191867451,364.65500000000003,-436.15
3,22.75,47.87,147.97,577.83,455.09,703.1,647.2180000000001,561.8,1,Low Activity,591.802,108.08710809342625,362.90000000000003,-429.86
3,23.04,46.91,140.23,585.18,465.94,700.1,666.48,571.42,1,Low Activity,600.985,105.23722329416844,362.705,-444.94999999999993
2,16.12,44.94,65.13,615.62,617.26,792.81,785.4639999999999,715.32,0,Low Activity,727.7135,81.49897559069886,340.375,-550.49
3,23.09,46.7,142.03,579.08,395.46,696.14,661.38,570.04,1,Low Activity,580.755,134.49056608798503,360.555,-437.05000000000007
3,23.11,46.86,140.31,582.19,383.44,841.57,639.524,568.83,1,Low Activity,608.341,189.30550692113178,361.25,-441.88000000000005
3,22.86,47.04,138.38,578.1,380.22,705.17,653.74,570.06,1,Low Activity,577.2974999999999,142.6963611717785,358.24,-439.72
3,22.54,46.97,130.47,578.26,403.56,711.81,668.574,578.59,1,Low Activity,590.6335,136.50397550621003,354.365,-447.78999999999996
3,22.7,46.99,137.64,585.58,374.22,699.02,653.64,571.62,1,Low Activity,574.625,143.62994151638438,361.61,-447.94000000000005
3,22.72,46.96,129.29,588.24,385.82,702.58,663.93,569.34,1,Low Activity,580.4175,141.2903772083105,358.765,-458.95000000000005
3,22.63,47.25,132.33,578.93,399.08,704.12,663.39,578.2,1,Low Activity,586.1975,135.32838686567823,355.63,-446.5999999999999
3,23.53,52.57,131.4,557.17,390.19,694.5,484.53,566.3,2,Low Activity,533.88,129.0117299576541,344.28499999999997,-425.77
1,20.0,57.34,141.67,559.1,404.79,703.97,645.72,575.5,2,Low Activity,582.495,129.59111762256958,350.385,-417.43000000000006
1,19.2,55.39,78.04,590.2,536.81,752.3,705.05,640.09,0,Moderate Activity,658.5625,93.29650060425631,334.12,-512.1600000000001
3,22.36,47.72,129.94,584.22,393.56,707.77,670.36,564.81,1,Low Activity,584.125,140.7274549143367,357.08000000000004,-454.28000000000003
3,22.19,48.08,130.77,586.83,391.98,712.88,664.38,571.28,1,Low Activity,585.1300000000001,141.53841645762938,358.8,-456.06000000000006
3,21.89,48.89,127.82,577.85,402.34,711.42,667.4,577.4,1,Moderate Activity,589.64,136.75780733349984,352.83500000000004,-450.03000000000003
0,20.68,53.35,105.88,549.63,476.23,732.35,660.95,605.04,1,Moderate Activity,618.6424999999999,108.2984583993081,327.755,-443.75
3,21.63,49.38,135.67,589.8,406.01,703.04,661.96,579.39,1,Moderate Activity,587.6,131.5271016432228,362.73499999999996,-454.13
3,21.48,49.66,130.31,589.2,405.0,708.56,511.44,585.95,1,Low Activity,552.7375,127.69178265782544,359.755,-458.89000000000004
0,21.43,49.56,130.24,593.83,420.93,710.21,674.68,576.14,1,Low Activity,595.49,129.45700779280614,362.035,-463.59000000000003
0,21.28,50.0,129.32,588.92,406.9,712.38,675.79,581.32,1,Low Activity,594.0975,136.4680461683247,359.12,-459.59999999999997
1,18.32,50.46,83.47,557.67,507.69,758.24,703.59,638.25,2,Moderate Activity,651.9425,107.95506947336933,320.57,-474.19999999999993
0,20.57,51.72,133.16,580.49,410.42,707.77,665.6899999999999,585.36,1,Low Activity,592.3100000000001,131.46344308083013,356.825,-447.33000000000004
2,22.81,53.67,108.39,558.67,491.64,707.01,666.02,611.06,1,Low Activity,618.9325,93.52403519060398,333.53,-450.28
0,20.71,51.29,127.55,583.19,404.76,716.54,709.5820000000001,581.7,1,Low Activity,603.1455000000001,146.0636359525076,355.37,-455.64000000000004
0,20.73,51.18,134.15,589.73,431.17,716.92,549.07,592.74,1,Moderate Activity,572.4749999999999,118.02531550476785,361.94,-455.58000000000004
0,20.71,51.03,129.78,583.55,427.85,719.08,681.02,592.66,1,Low Activity,605.1525,129.52167370109657,356.66499999999996,-453.77
0,20.73,50.88,138.31,590.21,423.83,721.92,673.276,593.52,1,Low Activity,603.1365,130.73174486583838,364.26,-451.90000000000003
0,20.36,51.86,129.2,585.2,416.53,717.26,688.19,587.69,1,High Activity,602.4175,135.79001371603144,357.20000000000005,-456.00000000000006
0,19.53,56.47,141.74,570.16,426.68,621.63,680.42,612.7,2,Low Activity,585.3575000000001,109.96777478728332,355.95,-428.41999999999996
2,22.72,51.97,115.48,552.29,487.78,713.94,663.73,598.44,1,Low Activity,615.9725000000001,97.67141423330236,333.885,-436.80999999999995
3,22.94,49.09,128.79,598.39,451.33,851.16,668.4,594.34,2,Low Activity,641.3075,166.40259600839565,363.59,-469.6
3,25.64,45.29,105.89,598.69,377.73,718.26,666.6139999999999,603.73,2,Low Activity,591.5835,150.06372924749888,352.29,-492.80000000000007
0,20.1,52.5,134.95,595.79,425.05,718.19,681.47,608.71,1,High Activity,608.355,130.39731528422408,365.37,-460.84
0,20.17,53.12,98.85,597.37,456.64,727.82,679.23,594.74,1,High Activity,614.6075000000001,118.80177646679647,348.11,-498.52
2,18.08,47.48,82.05,620.95,490.85,751.16,708.85,643.94,2,Moderate Activity,648.7,114.09842856060725,351.5,-538.9000000000001
3,23.36,49.52,105.65,575.77,462.13,719.95,638.456,601.86,1,Low Activity,605.599,107.6306457783594,340.71,-470.12
0,19.94,52.76,125.99,589.5,429.54,721.61,677.32,591.96,1,Low Activity,605.1075000000001,128.820652426801,357.745,-463.51
0,19.89,52.86,130.73,582.59,440.14,731.69,686.244,599.28,1,Low Activity,614.3385000000001,128.4700371124204,356.66,-451.86
0,19.94,52.61,127.2,588.22,439.8,720.35,689.39,605.02,1,Low Activity,613.64,125.72421750270178,357.71000000000004,-461.02000000000004
3,24.35,50.71,137.34,558.86,401.83,676.12,599.1,532.96,3,Low Activity,552.5025,116.24216801574204,348.1,-421.52
1,17.8,47.22,72.35,631.94,588.29,788.26,754.084,708.89,0,Moderate Activity,709.881,87.33560978966904,352.14500000000004,-559.59
0,19.83,52.74,136.18,589.94,428.45,721.3,692.81,597.04,1,High Activity,609.9,132.12810727976589,363.06000000000006,-453.76000000000005
0,19.8,52.93,134.24,586.08,423.52,730.86,727.608,603.22,1,Moderate Activity,621.302,144.62434009990616,360.16,-451.84000000000003
0,20.88,54.78,139.78,578.93,453.73,707.39,652.76,582.31,2,Low Activity,599.0474999999999,109.5756202735505,359.35499999999996,-439.15
0,19.6,53.25,125.84,587.12,427.88,724.21,673.2059999999999,606.16,1,Moderate Activity,607.864,129.36139629219633,356.48,-461.28
0,19.54,53.4,129.77,586.29,441.09,729.08,685.616,612.49,1,High Activity,617.069,126.80001447423683,358.03,-456.52
0,19.51,53.37,130.38,581.48,438.58,851.25,677.808,609.03,1,High Activity,644.1669999999999,170.79784259761595,355.93,-451.1
0,19.49,53.46,127.56,588.3,439.16,731.15,690.8,610.99,1,Moderate Activity,618.025,129.27444411019525,357.92999999999995,-460.73999999999995
0,19.53,53.25,128.35,589.5,442.54,733.66,681.59,601.25,1,High Activity,614.76,127.07702047708442,358.925,-461.15
0,19.85,52.57,117.09,561.59,478.29,718.94,663.4,597.56,1,Low Activity,614.5475,103.50369119826921,339.34000000000003,-444.5
0,19.3,53.24,132.11,588.4,436.97,730.21,699.16,605.36,1,Low Activity,617.9250000000001,131.79483765813185,360.255,-456.28999999999996
0,19.39,52.9,127.34,591.22,437.46,735.14,691.11,604.13,1,Moderate Activity,616.96,131.465576990075,359.28000000000003,-463.88
0,19.25,53.08,130.36,589.65,432.38,736.61,694.44,605.68,1,Moderate Activity,617.2775,134.80341795246392,360.005,-459.28999999999996
0,19.37,52.74,121.9,585.51,440.97,731.18,699.18,618.51,1,Moderate Activity,622.46,129.9489892226946,353.705,-463.61
1,19.2,52.9,87.24,614.96,495.39,757.38,713.59,640.01,1,Low Activity,651.5925,114.84491060411284,351.1,-527.72
3,24.6,47.32,118.41,578.93,393.39,691.21,643.14,566.31,2,Low Activity,573.5124999999999,130.63521893042477,348.66999999999996,-460.52
3,19.03,53.61,84.16,585.04,453.75,735.55,700.82,624.27,1,Low Activity,628.5975,125.49276509690377,334.59999999999997,-500.88
1,19.35,49.24,95.04,554.94,504.64,748.95,706.518,645.53,2,Moderate Activity,651.4095,106.65669312174775,324.99,-459.90000000000003
2,17.54,50.14,93.92,601.65,459.61,759.86,719.2400000000001,651.21,0,Moderate Activity,647.48,133.0260773933693,347.78499999999997,-507.72999999999996
0,19.08,53.16,124.32,587.84,443.56,741.09,694.51,622.16,1,Moderate Activity,625.33,130.68617856019307,356.08000000000004,-463.52000000000004
0,19.11,53.12,124.37,588.9,444.0,732.07,706.85,624.44,1,Moderate Activity,626.84,130.27046045311528,356.635,-464.53
3,23.15,45.94,110.59,595.78,469.79,720.8,684.34,607.81,1,Low Activity,620.685,111.070606522758,353.185,-485.18999999999994
0,19.16,52.86,122.25,588.74,436.68,738.56,708.55,621.28,1,Moderate Activity,626.2674999999999,135.82870422582505,355.495,-466.49
0,19.04,53.0,121.93,582.73,447.77,606.08,701.62,617.79,1,Moderate Activity,593.3149999999999,105.94855811509031,352.33000000000004,-460.8
0,19.14,52.67,118.71,595.4,431.45,746.4,689.44,626.17,1,Low Activity,623.365,137.0434871369912,357.055,-476.69
0,18.92,53.25,119.67,586.54,437.81,733.22,861.69,620.0,1,High Activity,663.1800000000001,179.7850299663462,353.10499999999996,-466.86999999999995
2,22.41,51.39,116.94,564.44,482.76,705.97,634.34,578.71,2,Low Activity,600.445,94.17460043274232,340.69000000000005,-447.50000000000006
1,16.07,43.58,36.49,622.65,609.72,797.8,766.55,718.36,0,Low Activity,723.1075,82.3518554233398,329.57,-586.16
3,21.35,55.43,112.58,578.93,438.26,719.56,665.8240000000001,597.75,3,Low Activity,605.3485000000001,122.0353184765241,345.755,-466.34999999999997
1,19.47,53.18,121.42,562.53,411.68,705.39,680.3,594.32,2,Low Activity,597.9225,132.95934576027364,341.97499999999997,-441.10999999999996
2,21.84,47.49,125.51,575.52,478.56,723.84,674.2,592.78,2,Low Activity,617.345,107.14225979198561,350.515,-450.01
0,18.82,53.28,123.68,590.57,445.63,741.55,731.384,625.51,1,High Activity,636.0184999999999,137.34346918947404,357.125,-466.89000000000004
0,18.86,53.29,122.97,590.41,446.28,637.41,710.54,637.39,1,High Activity,607.905,113.13192019349209,356.69,-467.43999999999994
1,15.68,42.51,73.56,598.21,568.45,779.95,750.46,691.23,1,Low Activity,697.5225,93.62331881000587,335.885,-524.6500000000001
0,19.06,52.96,136.67,584.7,474.36,722.66,698.87,608.43,1,Moderate Activity,626.0799999999999,112.481941365418,360.685,-448.0300000000001
1,16.44,49.53,77.44,612.6,603.69,791.16,748.81,692.13,0,Low Activity,708.9475,81.05529732842878,345.02,-535.1600000000001
1,18.84,53.15,126.67,591.26,439.38,746.86,704.95,625.37,1,Moderate Activity,629.14,136.17173593175153,358.965,-464.59
1,18.85,53.14,122.5,591.82,442.85,741.86,698.13,631.65,1,High Activity,628.6225000000001,131.87697736274262,357.16,-469.32000000000005
3,23.32,45.73,93.64,606.3,454.95,734.73,722.052,609.6,1,High Activity,630.333,129.7435451804829,349.96999999999997,-512.66
1,18.44,54.15,123.31,589.26,462.66,742.14,706.5,637.89,1,Moderate Activity,637.2975,124.20352017958267,356.28499999999997,-465.95
1,19.88,59.19,130.26,578.93,490.54,720.04,682.88,631.7,1,Low Activity,631.29,100.57968847303779,354.59499999999997,-448.66999999999996
1,18.51,53.95,122.05,586.11,473.93,752.42,713.47,633.68,1,Moderate Activity,643.375,123.30142213291782,354.08,-464.06
0,19.86,54.71,127.69,551.94,460.13,695.66,645.266,572.4,2,Low Activity,593.364,102.22373708684299,339.81500000000005,-424.25000000000006
1,19.07,52.54,122.58,589.65,445.41,746.48,709.44,646.2,1,Moderate Activity,636.8825,134.19480476158532,356.115,-467.07
1,18.09,52.91,79.89,599.92,562.74,757.71,725.3919999999999,659.0,0,Moderate Activity,676.2105,86.08666974431446,339.905,-520.03
1,18.81,53.05,120.59,587.31,450.44,748.59,694.76,634.03,1,Low Activity,631.9549999999999,129.7435831425457,353.95,-466.7199999999999
0,18.81,46.9,110.2,585.32,467.57,854.74,673.82,618.98,3,High Activity,653.7775,159.86632673893524,347.76000000000005,-475.12000000000006
1,19.39,55.16,109.67,559.47,464.72,711.14,667.914,601.99,2,Low Activity,611.441,107.6188700492003,334.57,-449.8
2,22.11,49.43,113.32,581.05,439.95,716.79,673.83,594.69,1,Low Activity,606.315,121.89538506440677,347.18499999999995,-467.72999999999996
1,18.56,53.75,118.8,585.87,449.43,746.62,712.55,637.29,1,Low Activity,636.4725,132.7978700569654,352.335,-467.07
2,20.18,49.94,80.91,578.93,416.5,560.32,698.73,618.25,1,Moderate Activity,573.45,119.03475374864266,329.91999999999996,-498.02
1,18.4,54.18,118.9,593.69,480.22,750.29,718.85,638.8,1,Moderate Activity,647.04,120.71184504154233,356.295,-474.7900000000001
3,23.11,46.13,111.13,585.62,457.65,702.23,657.52,559.99,2,Low Activity,594.3475000000001,108.77506282078934,348.375,-474.49
1,18.33,53.98,114.49,589.98,464.34,745.57,706.166,644.3,1,High Activity,640.094,124.36217902025791,352.235,-475.49
1,17.9,51.46,106.19,596.94,497.89,757.23,722.204,671.43,1,Low Activity,662.1885,115.05672425228639,351.56500000000005,-490.75000000000006
3,23.3,45.28,127.34,578.22,440.47,721.97,683.3439999999999,613.51,2,Low Activity,614.8235,124.60109633947847,352.78000000000003,-450.88
1,17.25,50.73,81.76,607.41,543.93,773.12,728.61,684.8,1,Moderate Activity,682.615,99.2387667866411,344.585,-525.65
3,24.66,49.84,135.77,559.04,428.01,677.36,608.268,541.87,2,Low Activity,563.877,106.13372368228052,347.405,-423.27
1,17.14,49.49,74.15,621.03,569.85,774.18,744.0020000000001,699.58,1,Moderate Activity,696.903,90.0734545949397,347.59,-546.88
1,17.08,49.49,72.12,620.66,568.87,781.87,752.4359999999999,693.86,1,Low Activity,699.259,94.30943956289138,346.39,-548.54
1,16.96,50.02,69.86,618.13,571.06,774.68,745.35,693.07,1,High Activity,696.04,89.89725060682707,343.995,-548.27
1,16.91,50.24,68.21,615.42,561.31,776.17,743.5,694.51,1,Moderate Activity,693.8725,94.53216397078829,341.815,-547.2099999999999
1,16.95,49.83,70.64,613.31,573.19,781.38,752.13,696.91,1,High Activity,700.9025,92.06394059746373,341.97499999999997,-542.67
1,16.95,49.73,65.12,616.15,580.48,784.96,747.01,710.87,1,Moderate Activity,705.8299999999999,88.8732681969106,340.635,-551.03
3,23.57,46.97,137.34,583.7,464.45,716.76,671.36,581.02,1,Low Activity,608.3975,111.32103436308283,360.52000000000004,-446.36
0,19.13,52.64,128.07,593.16,462.6,740.31,695.12,624.29,1,Moderate Activity,630.5799999999999,121.74143227896298,360.615,-465.09
1,16.85,49.75,68.23,616.13,569.91,783.49,753.51,698.38,1,Moderate Activity,701.3225,94.43328628366872,342.18,-547.9
1,16.82,49.79,70.19,613.05,579.5,780.85,644.308,689.9,1,Moderate Activity,673.6395,84.61890553731675,341.62,-542.8599999999999
3,21.4,49.33,132.8,573.27,404.91,705.28,655.6,587.06,3,Low Activity,588.2125,131.4623006480058,353.03499999999997,-440.46999999999997
1,16.88,49.18,65.96,621.52,572.1,781.84,745.96,700.55,1,Moderate Activity,700.1125,91.59470340399966,343.74,-555.56
1,16.81,49.26,57.63,578.93,576.3,779.05,748.5,692.74,0,Moderate Activity,699.1475,89.35443110631579,318.28,-521.3
1,16.72,49.56,66.08,613.69,567.89,778.14,754.97,691.43,0,High Activity,698.1075,94.2332766330451,339.88500000000005,-547.61
1,16.73,49.79,69.37,621.06,590.52,796.48,760.34,699.87,0,Moderate Activity,711.8025,90.14432367967864,345.215,-551.6899999999999
1,19.71,54.05,125.58,566.39,413.59,691.38,638.8720000000001,558.38,2,Low Activity,575.5555,121.04009661127454,345.985,-440.81
3,24.82,48.1,149.56,564.68,393.13,672.01,633.946,551.3,2,Low Activity,562.5964999999999,123.70471651881347,357.12,-415.11999999999995
3,21.69,46.89,106.04,595.13,422.1,742.64,693.01,629.26,1,High Activity,621.7525,140.95968959836236,350.585,-489.09
2,24.81,43.99,96.33,607.49,476.66,743.69,694.06,626.14,1,Low Activity,635.1375,116.12002307239408,351.91,-511.16
0,19.01,52.84,113.69,578.93,494.96,714.87,702.9540000000001,581.07,1,Low Activity,623.4635000000001,104.85584737629087,346.30999999999995,-465.23999999999995
1,16.45,51.02,69.61,621.41,573.41,787.15,753.938,711.03,0,Low Activity,706.3820000000001,93.96488643459676,345.51,-551.8
1,16.82,52.06,79.21,607.03,584.12,782.88,746.37,694.7,1,Low Activity,702.0174999999999,86.52409004626013,343.12,-527.8199999999999
1,16.69,53.25,92.49,602.68,552.54,780.38,741.35,678.93,1,Low Activity,688.3,99.68551115048434,347.585,-510.18999999999994
1,16.88,52.7,87.08,598.4,546.56,773.38,744.32,682.45,1,Moderate Activity,686.6775,100.81462670829734,342.74,-511.32
1,17.92,51.05,99.29,598.33,538.48,768.52,728.508,662.32,1,Moderate Activity,674.457,100.67507117454647,348.81,-499.04
1,18.36,50.34,94.68,603.78,516.09,761.3,726.5,662.44,1,Low Activity,666.5825,108.36153141990317,349.23,-509.09999999999997
0,18.48,49.11,118.13,583.75,482.26,721.71,688.06,609.15,1,High Activity,625.295,106.38760845762694,350.94,-465.62
1,17.13,51.59,82.07,608.36,548.71,771.48,744.18,689.75,1,Low Activity,688.53,99.21146741514643,345.21500000000003,-526.29
1,17.48,50.42,83.92,612.05,577.64,773.98,740.77,701.11,1,Moderate Activity,698.375,85.8251565684561,347.98499999999996,-528.13
1,17.99,49.48,78.66,605.5,519.75,773.41,744.46,675.83,0,Low Activity,678.3625,113.3831931622437,342.08,-526.84
1,18.07,49.6,78.2,607.15,524.17,765.87,731.64,673.66,0,Moderate Activity,673.8349999999999,106.7887355170635,342.675,-528.9499999999999
0,20.98,52.58,122.18,569.75,377.98,685.48,642.79,554.53,2,High Activity,565.1949999999999,136.20164426320264,345.96500000000003,-447.57
3,23.48,49.41,127.51,578.93,459.48,674.5,585.06,522.87,2,Low Activity,560.4775,91.68832872836104,353.21999999999997,-451.41999999999996
2,17.34,52.33,89.14,603.4,520.05,767.61,721.87,674.84,1,Low Activity,671.0925,107.58231402822061,346.27,-514.26
2,17.5,52.49,87.17,598.73,527.71,764.99,721.026,663.08,1,Moderate Activity,669.2015,103.14800509785277,342.95,-511.56
0,19.0,49.85,125.58,583.14,468.37,744.29,694.71,626.54,1,High Activity,633.4775,120.19074378531263,354.36,-457.56
1,19.66,55.8,126.72,564.61,497.93,728.66,675.17,620.41,1,Low Activity,630.5424999999999,98.83892666859548,345.665,-437.89
2,17.81,54.78,133.29,586.22,511.07,759.85,720.69,673.65,2,High Activity,666.315,109.33168052612504,359.755,-452.93000000000006
1,16.95,50.96,119.99,584.79,494.0,734.23,701.14,646.04,1,Moderate Activity,643.8525,106.31793055892939,352.39,-464.79999999999995
2,21.3,50.86,126.69,578.93,483.4,727.83,684.11,614.09,2,Moderate Activity,627.3575000000001,106.79475310925471,352.80999999999995,-452.23999999999995
2,16.99,52.27,78.07,618.85,575.72,873.6,748.3,697.89,0,Moderate Activity,723.8774999999999,123.34136974943428,348.46000000000004,-540.78
0,21.08,57.48,136.35,560.49,433.79,698.73,493.68,580.19,1,Low Activity,551.5975000000001,115.03412171322617,348.42,-424.14
1,19.18,54.41,128.04,573.43,470.9,744.02,702.896,638.77,1,Low Activity,639.1465000000001,120.23515329969018,350.73499999999996,-445.39
3,22.98,47.15,121.02,580.49,448.07,723.53,677.56,619.24,2,Low Activity,617.0999999999999,120.49685611389755,350.755,-459.47
2,18.56,52.56,103.12,602.44,519.18,762.58,728.68,662.81,0,Low Activity,668.3125,107.70542647270226,352.78000000000003,-499.32000000000005
0,20.71,55.19,140.33,564.11,354.74,678.83,631.4,547.93,2,Low Activity,553.225,142.9595267899275,352.22,-423.78
2,18.7,52.47,115.66,596.87,482.55,764.23,724.92,652.93,0,High Activity,656.1574999999999,124.57651928968528,356.265,-481.21000000000004
2,19.01,51.69,113.66,594.81,487.29,758.51,679.2479999999999,651.92,0,Moderate Activity,644.242,113.9816912900196,354.23499999999996,-481.15
2,18.74,52.78,113.44,590.66,480.15,751.97,700.12,641.26,1,Moderate Activity,643.375,117.8413381062294,352.04999999999995,-477.21999999999997
1,18.64,48.23,79.75,614.79,533.43,772.26,742.59,695.83,2,Moderate Activity,686.0275,106.48543949761397,347.27,-535.04
2,18.62,52.82,112.19,578.93,463.86,612.22,692.536,625.5,1,Moderate Activity,598.529,96.41565213871309,345.55999999999995,-466.73999999999995
2,18.96,51.69,108.02,599.48,477.87,747.88,473.81,627.48,1,Moderate Activity,581.76,131.82375531999787,353.75,-491.46000000000004
2,18.68,52.6,122.76,578.93,459.36,748.45,695.16,627.15,1,Moderate Activity,632.53,125.66722802703974,350.84499999999997,-456.16999999999996
2,18.86,52.28,112.76,594.06,480.32,749.74,656.664,608.56,1,High Activity,623.8209999999999,112.18985743224147,353.40999999999997,-481.29999999999995
2,18.81,52.29,116.72,590.31,457.92,751.74,703.426,624.76,1,Low Activity,634.4615000000001,128.80394552316065,353.515,-473.5899999999999
2,18.57,52.92,115.25,596.46,465.78,743.02,699.83,620.99,1,Low Activity,632.405,122.03278480255489,355.855,-481.21000000000004
1,20.24,57.48,120.11,578.93,463.25,708.97,677.1,595.51,1,Low Activity,611.2075,109.60103599723257,349.52,-458.81999999999994
2,18.68,52.79,118.96,591.96,462.44,746.84,694.66,624.09,1,Moderate Activity,632.0075,123.7304363997261,355.46000000000004,-473.00000000000006
0,19.58,54.95,117.09,598.43,497.37,743.93,703.41,619.26,1,High Activity,640.9925000000001,108.92168023401031,357.76,-481.3399999999999
2,18.6,52.41,120.2,593.24,481.98,743.8,700.83,621.56,1,Low Activity,637.0425,115.10878286067776,356.72,-473.04
2,18.22,53.4,116.14,596.53,478.47,752.95,699.85,627.8,1,High Activity,639.7674999999999,119.13618212645001,356.335,-480.39
2,18.05,53.85,114.91,593.69,479.04,742.09,695.3059999999999,626.5,1,Low Activity,635.734,114.74420582611856,354.3,-478.7800000000001
2,18.06,53.61,106.26,598.81,477.54,749.7,704.41,630.28,1,High Activity,640.4825000000001,119.26096997062086,352.53499999999997,-492.54999999999995
2,18.02,53.55,21.84,578.93,469.7,747.06,695.5,627.47,1,Low Activity,634.9325,120.55215506852899,300.385,-557.0899999999999
2,17.63,53.79,106.23,599.97,480.23,752.72,699.104,630.59,1,Moderate Activity,640.6610000000001,118.05695593229568,353.1,-493.74
2,17.92,52.43,98.74,601.23,519.37,763.45,711.97,659.47,1,Moderate Activity,663.565,105.08571786879511,349.985,-502.49
2,18.85,50.88,97.88,595.26,479.99,749.89,706.384,636.59,1,Low Activity,643.2135000000001,118.40068894365999,346.57,-497.38
2,19.0,50.67,97.45,597.76,500.66,818.35,710.75,637.16,1,Low Activity,666.73,133.39167215384924,347.605,-500.31
2,19.3,50.62,105.48,597.9,520.52,756.58,707.12,647.39,1,Moderate Activity,657.9024999999999,101.88895143733693,351.69,-492.41999999999996
2,19.76,50.1,43.17,578.93,509.26,757.04,705.7,629.47,1,High Activity,650.3675000000001,107.6858701269577,311.04999999999995,-535.76
2,20.14,49.67,100.54,599.33,501.66,754.01,700.01,649.41,1,Moderate Activity,651.2725,108.5014698441147,349.935,-498.79
0,18.53,52.18,124.72,587.03,485.43,732.56,827.47,619.72,1,Moderate Activity,666.2950000000001,147.4785969782282,355.875,-462.30999999999995
2,20.48,49.64,111.52,596.74,519.22,756.09,712.38,648.22,1,Low Activity,658.9775,103.1674161658289,354.13,-485.22
2,19.77,49.97,89.28,617.95,531.76,763.74,700.26,616.22,0,Moderate Activity,652.995,100.9104571720229,353.615,-528.6700000000001
1,20.28,58.58,127.77,550.24,473.28,725.19,678.98,611.07,1,Low Activity,622.13,109.74505638068625,339.005,-422.47
1,18.81,56.74,143.91,575.52,477.75,599.74,673.81,617.92,1,Low Activity,592.305,82.61823951162356,359.715,-431.61
2,21.48,48.9,111.13,595.16,500.24,745.05,701.3820000000001,625.04,1,High Activity,642.928,107.27786178580058,353.145,-484.03
2,21.92,48.01,107.81,590.41,497.58,741.72,740.456,630.86,1,Low Activity,652.654,115.7077748352864,349.11,-482.59999999999997
0,21.4,57.11,144.26,555.7,440.27,696.04,636.49,558.3,2,Low Activity,582.775,110.48523596692306,349.98,-411.44000000000005
2,22.13,47.76,105.02,595.78,490.69,741.88,697.85,622.85,1,Low Activity,638.3175,110.00368520342094,350.4,-490.76
2,23.97,51.67,109.89,552.0,479.51,711.05,466.22,603.04,1,Low Activity,564.9549999999999,115.24418206573377,330.945,-442.11
3,22.38,47.99,114.05,584.14,496.17,742.55,669.2520000000001,618.31,1,High Activity,631.5705,103.6749425255045,349.09499999999997,-470.09
3,22.22,48.57,114.37,589.55,490.48,740.98,688.57,620.27,1,Low Activity,635.075,108.32741435112351,351.96,-475.17999999999995
3,22.22,48.5,110.46,586.6,498.37,742.49,685.674,612.13,1,High Activity,634.666,105.37599655835605,348.53000000000003,-476.14000000000004
0,20.47,44.66,111.72,590.73,443.39,640.21,671.54,604.63,3,Low Activity,589.9425,101.45332502354634,351.225,-479.01
3,21.99,48.91,113.95,594.6,500.25,731.21,697.95,612.97,1,Moderate Activity,635.595,103.05424768861627,354.27500000000003,-480.65000000000003
3,22.17,48.44,112.17,593.92,499.21,737.57,679.13,611.48,1,Low Activity,631.8475,102.3399942593315,353.04499999999996,-481.74999999999994
2,18.79,45.45,76.61,618.55,534.62,776.65,738.45,675.94,1,Low Activity,681.4150000000001,106.30372226157778,347.58,-541.9399999999999
2,19.19,54.47,115.58,572.06,414.18,720.85,648.742,605.2,1,High Activity,597.2429999999999,131.02953009150266,343.82,-456.47999999999996
3,22.62,47.89,117.26,584.83,490.7,728.95,693.3979999999999,588.39,1,Moderate Activity,625.3595,107.79634199575915,351.045,-467.57000000000005
3,22.58,46.91,152.69,578.16,426.03,708.1,666.852,606.87,2,Low Activity,601.963,124.43491501986091,365.42499999999995,-425.46999999999997
0,21.84,52.16,99.47,549.66,466.32,720.88,663.524,579.8,1,Low Activity,607.6310000000001,110.59343972707724,324.565,-450.18999999999994
2,17.97,54.58,106.47,593.83,513.18,756.95,684.6859999999999,648.55,1,Moderate Activity,650.8415,102.24220183303308,350.15000000000003,-487.36
3,23.37,46.14,111.25,586.32,491.81,734.82,673.5379999999999,603.32,1,High Activity,625.8720000000001,104.2799546221612,348.785,-475.07000000000005
3,22.37,48.15,119.29,589.85,490.6,722.1,684.64,596.1,1,Moderate Activity,623.36,103.07465126466998,354.57,-470.56
3,22.37,48.23,123.38,578.93,484.0,726.94,682.19,602.99,1,Low Activity,624.03,106.49590946760978,351.155,-455.54999999999995
0,20.81,54.37,118.52,556.2,434.75,711.64,673.27,601.39,2,Low Activity,605.2624999999999,122.51625943114651,337.36,-437.68000000000006
0,22.54,55.91,137.78,539.94,448.51,701.65,650.19,579.96,2,Low Activity,595.0775,109.70514463020106,338.86,-402.1600000000001
3,22.77,47.72,117.17,578.93,477.33,721.84,678.95,599.56,1,Low Activity,619.4200000000001,107.42076925188478,348.04999999999995,-461.75999999999993
3,23.0,47.44,120.18,587.4,494.75,722.36,672.49,592.54,1,Moderate Activity,620.5350000000001,99.45390707927636,353.78999999999996,-467.21999999999997
3,23.2,51.62,110.56,578.93,422.15,622.31,488.53,600.13,1,Low Activity,533.28,94.42404849048431,344.745,-468.36999999999995
3,23.3,46.77,118.85,587.07,483.61,714.02,657.284,577.95,1,Low Activity,608.2160000000001,100.07470714754385,352.96000000000004,-468.22
2,18.73,52.93,77.56,619.45,528.52,778.17,733.0459999999999,667.52,1,Moderate Activity,676.814,108.80037596748765,348.505,-541.8900000000001
2,19.17,54.87,86.75,586.44,496.09,737.97,699.11,624.21,0,Low Activity,639.345,106.53608011686309,336.595,-499.69000000000005
3,22.5,48.24,119.18,590.9,488.43,716.94,678.18,583.32,1,Low Activity,616.7175000000001,102.299012825149,355.03999999999996,-471.71999999999997
0,19.41,48.05,116.44,578.93,467.32,725.78,686.28,613.76,2,Low Activity,623.285,113.85575947955671,347.68499999999995,-462.48999999999995
3,22.5,48.16,114.75,587.23,465.42,597.85,672.69,585.9,1,Low Activity,580.465,85.77602637100883,350.99,-472.48
3,22.33,48.53,204.85,585.68,480.8,708.17,638.848,567.07,1,Low Activity,598.722,97.46180066740676,395.265,-380.8299999999999
3,24.97,53.17,134.94,542.69,441.75,567.82,633.472,564.29,2,Low Activity,551.833,79.98740364999145,338.81500000000005,-407.75000000000006
3,22.17,48.86,122.82,593.25,483.47,715.55,659.99,577.43,1,Low Activity,609.11,101.17193286677879,358.03499999999997,-470.43
3,21.75,49.44,114.18,591.82,476.55,703.3,682.698,575.0,1,Low Activity,609.387,104.91629779336795,353.0,-477.64000000000004
3,21.78,50.9,85.48,578.93,441.81,723.12,683.12,586.51,1,Low Activity,608.6400000000001,125.13316453549261,332.205,-493.44999999999993
1,17.76,42.92,64.75,620.12,591.89,796.78,754.83,704.18,0,Low Activity,711.92,88.52418916130588,342.435,-555.37
3,21.69,50.07,116.46,587.81,461.55,700.25,662.41,558.49,1,Low Activity,595.675,107.6440595976697,352.135,-471.34999999999997
2,22.73,52.89,103.14,578.93,478.06,712.7,660.45,605.54,1,Low Activity,614.1875,100.74788182223323,341.03499999999997,-475.78999999999996
3,22.93,46.61,116.78,587.44,467.44,702.0,655.05,555.22,2,Low Activity,594.9275,104.73615019816859,352.11,-470.6600000000001
3,23.12,46.21,117.9,578.93,448.57,705.88,661.82,563.45,2,Low Activity,594.9300000000001,114.30429359098169,348.41499999999996,-461.03
0,18.96,46.84,118.15,584.06,459.37,731.33,671.57,611.75,3,Low Activity,618.505,116.78320812514103,351.10499999999996,-465.90999999999997
0,20.23,54.31,103.33,555.05,481.07,730.95,678.69,603.61,1,High Activity,623.58,108.4332820985636,329.19,-451.71999999999997
3,22.17,47.69,119.08,583.31,460.58,696.22,642.526,558.79,2,Low Activity,589.529,102.89862683243156,351.195,-464.22999999999996
0,19.49,57.17,126.19,560.35,405.8,639.59,658.634,577.12,2,Low Activity,570.2860000000001,115.05181625685012,343.27,-434.16
0,20.86,47.98,121.91,594.72,459.89,739.37,701.87,613.67,2,High Activity,628.7,124.26371795500086,358.315,-472.81000000000006
3,21.88,48.04,111.87,589.9,449.29,709.15,656.53,568.56,2,Low Activity,595.8824999999999,113.64201962742476,350.885,-478.03
3,21.66,48.34,117.04,589.78,436.34,703.08,630.374,566.41,2,Low Activity,584.051,113.2011006601379,353.40999999999997,-472.73999999999995
0,20.08,52.05,104.74,551.18,500.72,747.14,692.33,638.95,1,Low Activity,644.7850000000001,105.7132040002572,327.96,-446.43999999999994
2,21.46,46.79,134.59,588.63,463.51,739.77,689.78,637.07,1,Moderate Activity,632.5325,120.23082255256621,361.61,-454.03999999999996
3,20.39,51.71,118.67,578.93,442.0,634.9,659.68,565.17,2,Low Activity,575.4375,97.54242781989792,348.79999999999995,-460.25999999999993
3,20.23,51.71,114.88,589.14,436.64,714.68,660.44,571.4,2,Low Activity,595.79,121.43317668578057,352.01,-474.26
0,19.93,51.94,115.81,591.21,421.43,715.74,669.85,572.34,2,Low Activity,594.84,130.15450843772823,353.51,-475.40000000000003
0,19.83,52.27,118.17,593.35,428.77,703.86,650.1479999999999,574.3,2,Low Activity,589.2695,119.47293959024083,355.76,-475.18
3,24.68,48.97,113.75,577.06,449.55,702.88,661.32,591.71,1,Low Activity,601.365,111.11692115365089,345.405,-463.30999999999995
0,21.0,52.52,105.94,550.51,494.09,637.98,673.7,602.2,1,High Activity,601.9925000000001,77.63173379273886,328.225,-444.57
0,22.13,52.59,138.26,568.49,438.15,710.51,649.41,571.19,2,Low Activity,592.3149999999999,117.53440616829326,353.375,-430.23
0,19.7,52.26,114.72,593.7,455.89,711.33,610.168,569.96,2,Low Activity,586.837,105.63268520049404,354.21000000000004,-478.98
1,19.67,56.89,111.07,601.49,450.96,739.69,659.9759999999999,610.69,2,Moderate Activity,615.329,121.78902716309601,356.28,-490.42
0,19.51,52.38,115.86,582.85,443.3,585.43,664.208,592.65,1,High Activity,571.397,92.50466335632308,349.355,-466.99
0,19.59,52.0,111.76,590.46,451.8,720.27,668.45,584.44,1,Low Activity,606.24,117.18913288640148,351.11,-478.70000000000005
0,19.5,52.22,109.1,593.54,468.47,713.22,683.4,584.78,1,Low Activity,612.4675,110.58083540258382,351.32,-484.43999999999994
0,19.51,52.2,115.16,590.15,466.77,719.08,685.58,582.39,1,Low Activity,613.4549999999999,113.78368321805492,352.655,-474.99
0,19.36,52.52,122.19,590.84,468.8,705.06,664.444,596.8,1,Moderate Activity,608.776,103.4508579503653,356.515,-468.65000000000003
3,20.0,45.8,93.28,597.59,512.43,739.35,702.33,628.37,1,Moderate Activity,645.62,100.06410545245485,345.435,-504.31000000000006
0,20.48,57.66,133.83,578.93,474.32,710.5,665.7,583.74,1,Low Activity,608.565,103.7515511530631,356.38,-445.0999999999999
0,19.18,52.8,118.69,585.37,499.71,716.43,673.31,590.41,1,High Activity,619.9649999999999,95.71824678015506,352.03,-466.68
0,19.12,52.83,121.24,591.73,490.81,716.42,672.636,591.8,1,Low Activity,617.9165,99.22247243274411,356.485,-470.49
0,19.04,52.78,120.16,588.87,483.09,722.59,675.8,588.31,1,Moderate Activity,617.4475,105.45281926846087,354.515,-468.71000000000004
3,24.29,50.48,135.79,560.49,445.4,681.94,619.45,549.41,2,Low Activity,574.0500000000001,101.42216095771842,348.14,-424.70000000000005
0,19.01,52.84,113.69,586.06,494.96,714.87,676.48,581.07,1,Low Activity,616.845,98.8281972246113,349.875,-472.36999999999995
0,18.99,52.88,127.74,594.49,491.22,893.06,688.8,596.16,1,Moderate Activity,667.31,170.77752896678177,361.115,-466.75
0,18.79,53.38,127.19,590.44,488.8,720.95,543.71,597.79,1,Low Activity,587.8125,99.28687404855354,358.81500000000005,-463.25000000000006
2,18.77,53.54,97.27,578.28,508.3,705.08,621.21,556.63,2,Low Activity,597.8050000000001,85.17089741611667,337.775,-481.01
0,18.7,53.48,121.83,584.7,490.33,726.32,684.08,595.27,1,Moderate Activity,624.0,104.51805362392346,353.26500000000004,-462.87000000000006
0,18.7,53.47,118.68,586.82,513.63,716.58,675.84,598.89,1,Moderate Activity,626.235,89.53678964537428,352.75,-468.14000000000004
0,18.67,53.54,124.19,588.78,506.99,719.4,681.76,604.64,1,Moderate Activity,628.1975,93.86701812493386,356.485,-464.59
0,18.65,53.57,121.92,592.1,482.41,725.72,685.44,593.32,1,Moderate Activity,621.7225000000001,108.15124359741161,357.01,-470.18
0,18.72,53.37,118.94,578.93,497.43,725.69,685.73,588.22,1,Low Activity,624.2675,102.39032518586251,348.93499999999995,-459.98999999999995
3,24.56,47.91,108.57,550.87,457.55,731.04,666.3439999999999,602.04,1,Low Activity,614.2434999999999,116.98669848462828,329.72,-442.3
0,18.68,53.45,121.61,590.58,496.9,721.19,663.7360000000001,588.63,1,Moderate Activity,617.614,97.06899386862251,356.095,-468.97
0,18.68,53.43,128.79,589.79,493.93,726.98,687.96,603.03,1,High Activity,627.975,103.26423275590957,359.28999999999996,-461.0
0,20.99,55.77,133.76,557.84,450.34,705.13,653.15,590.33,1,Low Activity,599.7375,110.1038725855423,345.8,-424.08000000000004
0,18.51,53.71,121.52,590.22,502.19,729.28,699.29,596.75,1,High Activity,631.8775,103.41579678656447,355.87,-468.70000000000005
3,25.64,48.38,117.78,578.93,476.03,680.65,604.45,542.2,2,Moderate Activity,575.8325,87.36390115488204,348.35499999999996,-461.15
0,20.88,52.41,117.65,569.5,386.17,697.35,655.3,557.26,2,Low Activity,574.02,138.3055161589732,343.575,-451.85
0,18.32,54.02,117.71,594.87,502.47,604.13,670.466,608.36,1,Moderate Activity,596.3565,69.54951278765365,356.29,-477.16
0,18.36,54.0,123.84,578.93,493.5,737.66,696.734,617.9,1,Low Activity,636.4485,107.48089713525842,351.385,-455.0899999999999
0,18.48,53.46,123.09,589.31,498.91,734.48,688.19,619.3,1,Moderate Activity,635.22,102.45687060091839,356.2,-466.2199999999999
3,24.82,46.81,112.09,597.13,466.95,734.78,683.71,607.24,2,High Activity,623.1700000000001,116.5909330379797,354.61,-485.03999999999996
0,18.25,54.11,121.83,586.43,495.4,732.13,668.956,610.52,1,Low Activity,626.7515,100.66864163680765,354.13,-464.59999999999997
0,18.32,53.94,122.17,586.78,501.75,728.8,688.85,611.14,1,Low Activity,632.635,100.00125282548547,354.47499999999997,-464.60999999999996
2,20.13,46.54,95.9,599.06,455.87,725.21,682.74,609.76,2,Low Activity,618.395,118.37604219886163,347.47999999999996,-503.15999999999997
0,18.21,54.06,118.05,592.04,503.41,734.86,688.772,610.11,1,Moderate Activity,634.288,101.31939598451359,355.04499999999996,-473.98999999999995
3,23.88,52.04,107.94,552.93,475.02,709.97,669.1,614.93,1,Low Activity,617.255,102.50231883555938,330.43499999999995,-444.98999999999995
1,16.98,54.11,117.87,590.26,504.37,761.8,684.752,656.23,0,High Activity,651.788,107.9213657067033,354.065,-472.39
2,22.95,52.11,119.97,544.8,471.01,684.13,656.66,561.47,3,Low Activity,593.3174999999999,97.00957044711275,332.385,-424.8299999999999
3,23.15,44.88,117.79,588.49,436.66,726.68,692.486,607.36,1,Low Activity,615.7965,129.5344100319808,353.14,-470.7
3,21.11,52.41,129.92,575.5,463.97,719.05,677.45,601.14,2,Low Activity,615.4025,112.14264350222292,352.71,-445.58000000000004
0,19.99,56.28,125.74,562.74,380.32,692.46,687.0179999999999,566.95,2,Low Activity,581.6869999999999,146.2088972988078,344.24,-437.0
0,18.18,48.04,117.24,576.36,469.11,727.4,685.47,613.56,3,High Activity,623.885,113.3872034226085,346.8,-459.12
0,18.08,54.39,118.47,578.93,506.37,739.64,698.92,617.03,1,Low Activity,640.49,102.92931781891234,348.7,-460.4599999999999
1,17.93,54.72,118.34,593.02,518.23,735.32,700.95,633.75,1,Moderate Activity,647.0625,95.68748555410299,355.68,-474.67999999999995
1,18.01,54.51,117.91,590.38,509.59,738.2,690.34,631.01,1,Low Activity,642.2850000000001,98.7320598049759,354.145,-472.47
1,17.91,54.65,117.22,596.08,507.28,741.8,699.79,623.32,1,Low Activity,643.0475,102.94619286306803,356.65000000000003,-478.86
0,19.76,49.54,119.25,586.88,359.4,707.67,641.52,545.31,2,Low Activity,563.4749999999999,151.50334748777004,353.065,-467.63
1,18.02,54.55,120.36,593.97,502.85,744.88,694.5960000000001,635.45,1,High Activity,644.444,104.45472076774064,357.165,-473.61
1,17.95,54.65,120.55,587.51,494.29,739.56,708.71,611.82,1,Low Activity,638.595,110.53035495585212,354.03,-466.96
2,23.31,54.16,119.92,546.75,469.69,702.43,648.938,576.4,1,Low Activity,599.3645,100.70232271899191,333.335,-426.83
3,25.08,46.9,121.53,570.54,404.36,698.55,657.954,587.31,2,Low Activity,587.0435,130.1733853327937,346.03499999999997,-449.01
1,17.78,55.04,124.3,587.16,502.59,748.13,687.43,627.02,1,Low Activity,641.2925,104.85705837790161,355.72999999999996,-462.85999999999996
1,17.73,55.16,114.17,588.28,513.48,746.34,704.74,626.65,1,Low Activity,647.8025,102.37428074635413,351.22499999999997,-474.10999999999996
1,17.64,55.47,121.25,591.12,520.49,740.27,697.76,640.67,1,Low Activity,649.7975,95.3754256871234,356.185,-469.87
1,17.63,55.51,118.23,586.44,511.73,746.12,756.54,636.31,1,Moderate Activity,662.675,114.38708041849246,352.33500000000004,-468.21000000000004
3,25.51,45.84,109.5,596.32,399.81,715.94,664.12,580.45,2,Low Activity,590.0799999999999,138.5857989357736,352.91,-486.82000000000005
1,17.66,55.42,116.88,591.18,508.95,739.2,702.7,628.87,1,Low Activity,644.9300000000001,101.60821784350584,354.03,-474.29999999999995
1,16.59,50.19,61.69,622.19,579.97,792.13,757.2760000000001,701.23,0,Moderate Activity,707.6515,92.99284751527937,341.94000000000005,-560.5
1,16.15,43.74,67.19,621.94,591.16,795.34,768.68,714.92,0,Low Activity,717.525,90.6401447115644,344.56500000000005,-554.75
1,17.7,55.28,125.09,591.64,515.27,749.17,701.05,634.96,1,Low Activity,650.1125,101.35599846580368,358.365,-466.54999999999995
1,20.26,56.05,113.42,555.08,472.64,694.89,647.97,590.65,2,Low Activity,601.5375,95.92318015822175,334.25,-441.66
3,24.14,44.87,122.13,590.94,461.49,736.86,683.47,607.19,1,High Activity,622.2525,119.65773644719621,356.535,-468.81000000000006
1,17.79,55.08,118.41,596.39,500.88,744.83,714.17,629.26,1,Moderate Activity,647.2850000000001,109.16036353304558,357.4,-477.98
2,19.63,50.61,89.6,613.21,524.01,762.75,677.912,645.63,0,Moderate Activity,652.5755,98.92368513657385,351.40500000000003,-523.61
2,23.07,53.24,103.92,551.24,485.17,714.67,831.49,593.71,1,Low Activity,656.26,149.77936172917813,327.58,-447.32
1,17.48,55.81,119.04,588.41,505.56,738.68,652.2379999999999,630.15,1,Moderate Activity,631.657,96.22928270195787,353.72499999999997,-469.36999999999995
0,20.16,55.66,106.93,593.66,446.75,710.96,645.37,574.22,2,Low Activity,594.325,113.12516209933139,350.29499999999996,-486.72999999999996
3,24.38,52.5,119.76,554.33,459.93,695.65,854.64,587.04,2,Moderate Activity,649.3149999999999,167.38194018471648,337.045,-434.57000000000005
1,17.84,52.81,98.84,595.43,516.45,747.0,706.48,627.96,1,Low Activity,649.4725000000001,101.52050938110976,347.135,-496.5899999999999
1,17.53,52.24,94.36,604.35,537.85,749.29,707.4,642.83,1,Moderate Activity,659.3425,92.07454638317074,349.355,-509.99
1,17.35,52.49,86.86,578.93,527.26,748.03,714.9,648.37,1,Low Activity,659.64,97.49861024650555,332.895,-492.06999999999994
1,16.8,50.71,78.11,618.51,562.76,771.95,744.1659999999999,687.77,0,Moderate Activity,691.6615,92.79674244821314,348.31,-540.4
1,17.13,52.82,77.34,603.2,535.15,753.44,703.55,662.44,1,Moderate Activity,663.645,93.39516065264483,340.27000000000004,-525.86
1,16.95,53.22,84.61,605.5,530.84,759.46,708.34,654.31,1,Moderate Activity,663.2375000000001,98.15260783596123,345.055,-520.89
1,16.84,52.33,75.67,615.77,560.73,771.12,741.43,682.52,1,Moderate Activity,688.9499999999999,93.07304049329571,345.71999999999997,-540.1
2,19.73,53.74,83.06,564.99,523.63,737.51,713.97,648.76,0,Low Activity,655.9675,95.87949255011036,324.025,-481.93
0,20.12,48.92,112.12,597.03,464.96,738.39,689.61,607.31,1,Moderate Activity,625.0675,119.66266986129523,354.575,-484.90999999999997
1,16.52,54.26,72.97,609.11,587.21,778.57,741.65,679.08,1,Moderate Activity,696.6275,83.70922465097061,341.04,-536.14
2,22.99,51.04,128.93,566.16,399.41,702.92,653.85,574.54,2,Low Activity,582.68,133.13774696406222,347.54499999999996,-437.22999999999996
0,19.96,54.74,132.88,549.43,477.7,687.83,613.354,547.1,3,Low Activity,581.496,89.96026187897264,341.155,-416.54999999999995
1,19.35,57.29,140.22,558.97,413.02,691.47,685.848,563.05,2,Moderate Activity,588.347,131.04743831656282,349.595,-418.75
1,16.48,56.38,73.52,618.75,577.83,784.21,742.28,689.67,1,Moderate Activity,698.4975,89.26012598952941,346.135,-545.23
1,16.52,56.69,70.45,615.86,581.89,777.8,695.2059999999999,687.04,1,Low Activity,685.4839999999999,80.31375787497431,343.15500000000003,-545.41
2,21.44,48.97,108.05,578.93,485.05,734.46,696.71,627.48,1,Moderate Activity,635.925,109.90684858855097,343.48999999999995,-470.87999999999994
1,18.22,53.01,80.39,606.26,539.42,760.53,728.99,675.86,1,Low Activity,676.1999999999999,97.65110854465506,343.325,-525.87
1,18.32,53.88,86.65,578.93,525.32,758.66,723.47,655.26,1,High Activity,665.6775,102.94734977161868,332.78999999999996,-492.28
1,19.06,55.78,111.33,551.35,497.88,714.39,679.58,589.74,2,Low Activity,620.3975,97.10403094104797,331.34000000000003,-440.02000000000004
1,18.02,55.12,103.58,600.87,517.13,760.24,715.38,668.54,1,Low Activity,665.3225,105.65108372215909,352.225,-497.29
3,23.47,46.85,136.89,581.44,427.5,717.1,667.292,588.58,2,Low Activity,600.1179999999999,126.65864093170536,359.165,-444.55000000000007
1,18.81,56.41,114.43,602.55,493.74,744.37,674.85,613.5,1,Moderate Activity,631.615,106.33378907948311,358.49,-488.11999999999995
1,17.56,55.95,102.8,599.08,528.68,753.97,680.2719999999999,648.5,1,Moderate Activity,652.8555,93.833774592805,350.94,-496.28000000000003
1,17.76,55.46,97.01,600.34,520.09,758.82,714.68,657.43,1,Low Activity,662.755,103.7727448160964,348.675,-503.33000000000004
1,19.43,56.98,118.11,599.07,457.92,745.72,705.9820000000001,632.8,2,Low Activity,635.6055000000001,127.35522840072176,358.59000000000003,-480.96000000000004
1,20.15,56.62,124.52,548.77,467.38,703.87,635.65,583.46,2,Low Activity,597.59,99.83036111324049,336.645,-424.25
1,17.57,55.93,104.22,590.99,521.49,753.6,717.9,655.59,1,Moderate Activity,662.1450000000001,102.14276626369583,347.605,-486.77
2,17.91,55.12,103.89,598.9,510.01,753.8,718.54,648.93,1,High Activity,657.8199999999999,107.74337876021275,351.395,-495.01
0,20.23,53.67,118.89,581.2,484.21,726.46,692.316,631.83,1,Moderate Activity,633.7040000000001,107.06852944415245,350.045,-462.31000000000006
0,20.52,58.36,117.28,552.23,474.99,719.82,683.91,609.31,1,Low Activity,622.0074999999999,108.28138725099527,334.755,-434.95000000000005
2,18.1,54.44,104.09,578.93,519.02,755.55,706.11,666.86,1,Moderate Activity,661.885,101.92177016385328,341.51,-474.8399999999999
2,17.91,55.07,107.4,596.83,511.51,749.97,746.338,648.41,1,High Activity,664.057,112.05150950641705,352.115,-489.43000000000006
2,17.27,41.96,61.19,628.12,603.3,800.99,760.1,726.91,0,Low Activity,722.8249999999999,85.24886255350667,344.655,-566.9300000000001
1,17.26,52.71,118.26,580.82,476.84,715.52,675.626,600.85,2,Low Activity,617.209,104.95820065149745,349.54,-462.56000000000006
2,18.15,54.23,109.98,590.51,509.03,748.78,707.5,650.92,1,Low Activity,654.0575,104.67612347140107,350.245,-480.53
3,22.75,49.56,138.45,569.82,460.77,708.8,625.8380000000001,587.18,2,Low Activity,595.6469999999999,103.24500489612075,354.135,-431.37000000000006
1,19.54,54.44,110.1,553.11,483.47,834.69,678.84,619.37,1,Low Activity,654.0925,145.53989747946554,331.605,-443.01
2,18.15,53.69,106.6,592.61,525.93,750.85,704.6720000000001,641.65,1,Low Activity,655.7755000000001,97.44983646813718,349.605,-486.01
3,24.31,43.4,109.1,601.47,452.43,735.44,692.9,608.1,1,High Activity,622.2175,124.9565914961405,355.285,-492.37
2,23.79,50.42,106.84,546.83,490.58,715.05,669.76,612.16,1,Low Activity,621.8874999999999,97.13789421058429,326.83500000000004,-439.99
2,18.46,52.88,99.18,597.0,507.94,752.68,703.04,640.89,1,High Activity,651.1374999999999,105.85411986156544,348.09000000000003,-497.82
0,20.2,56.06,125.42,571.38,379.51,684.35,679.998,563.22,2,Low Activity,576.7695000000001,142.97387463332828,348.4,-445.96
2,17.33,48.82,85.98,605.31,552.16,780.05,740.2,674.62,0,Moderate Activity,686.7574999999999,99.70522767137139,345.645,-519.3299999999999
2,18.4,53.48,103.85,595.72,409.74,736.97,693.94,627.23,1,High Activity,616.97,145.34318169995686,349.785,-491.87
2,18.53,52.56,104.75,600.72,425.39,746.43,696.924,625.76,1,Moderate Activity,623.626,141.13289821063455,352.735,-495.97
2,18.56,52.7,107.35,598.39,438.11,740.48,711.83,625.61,1,High Activity,629.0075,136.30735279140302,352.87,-491.03999999999996
2,18.44,52.67,111.14,594.33,439.13,575.36,737.7719999999999,633.84,1,Moderate Activity,596.5255,124.58500108092198,352.735,-483.19000000000005
2,18.68,51.88,103.17,598.02,440.5,740.03,824.16,635.59,1,High Activity,660.07,165.4583381599932,350.59499999999997,-494.84999999999997
0,20.97,52.77,125.8,565.2,371.84,684.74,641.12,551.72,3,Low Activity,562.355,138.55333738311757,345.5,-439.40000000000003
2,18.42,52.45,105.87,597.13,444.19,751.24,707.482,634.2,1,High Activity,634.278,135.61267011603303,351.5,-491.26
2,18.58,52.2,105.48,601.3,455.18,749.29,723.708,646.75,1,Low Activity,643.732,133.04086711483302,353.39,-495.81999999999994
3,22.36,48.29,114.43,589.54,488.2,726.99,678.53,597.22,1,Moderate Activity,622.735,104.45552243259648,351.985,-475.10999999999996
3,21.71,46.03,114.87,591.95,420.04,736.72,535.62,637.06,1,Moderate Activity,582.36,135.83262936422895,353.41,-477.08000000000004
2,18.51,52.24,108.31,588.92,456.82,746.73,702.96,626.66,1,Moderate Activity,633.2925,127.6821056047662,348.615,-480.60999999999996
2,18.32,52.68,115.88,591.38,448.85,693.09,670.73,551.72,1,Low Activity,591.0975000000001,113.3265839289264,353.63,-475.5
2,19.04,50.87,107.89,578.93,454.44,736.4,695.39,630.87,1,Low Activity,629.275,124.3875397028711,343.40999999999997,-471.03999999999996
2,18.49,51.88,107.09,600.42,459.49,747.21,704.11,644.19,1,Low Activity,638.75,126.75335945580827,353.755,-493.3299999999999
1,19.78,55.58,120.85,558.63,485.47,728.47,688.76,616.78,1,Low Activity,629.87,106.79060539204747,339.74,-437.78
0,20.63,58.17,122.34,550.85,488.96,717.24,667.0,600.74,1,Low Activity,618.485,98.65405195260188,336.595,-428.51
1,18.93,53.49,93.72,552.2,502.64,734.33,679.22,621.3,1,Low Activity,634.3725,99.20877292356764,322.96000000000004,-458.48
2,18.89,51.84,101.93,595.03,482.29,824.9,703.11,619.07,1,Low Activity,657.3425000000001,144.0813912053415,348.48,-493.09999999999997
2,19.59,50.14,107.8,592.7,484.87,744.2,700.6,635.61,1,Moderate Activity,641.32,113.44252494839257,350.25,-484.90000000000003
2,19.8,49.67,96.46,597.57,488.31,735.86,714.74,635.3,1,High Activity,643.5525,112.18537081544991,347.01500000000004,-501.11000000000007
2,20.03,49.59,103.92,594.74,501.58,747.55,704.892,643.81,1,Low Activity,649.458,107.38524356726114,349.33,-490.82
2,20.09,49.42,102.38,606.35,478.3,747.75,707.02,639.64,1,Low Activity,643.1775,118.61474960981877,354.365,-503.97
2,20.91,48.35,102.46,593.04,489.9,738.12,700.1,633.53,1,High Activity,640.4124999999999,109.25617400556061,347.75,-490.58
2,21.4,47.39,97.85,596.29,499.08,738.51,691.25,639.06,1,Moderate Activity,641.9749999999999,103.56078746320927,347.07,-498.43999999999994
2,21.16,48.08,101.33,597.56,498.87,741.29,700.4,630.21,1,Moderate Activity,642.6925,106.28945835939389,349.445,-496.22999999999996
0,19.12,52.83,121.24,591.73,490.81,716.42,681.8,591.8,1,Low Activity,620.2075,100.99699710882496,356.485,-470.49
2,21.77,47.49,106.08,592.9,479.89,730.01,687.43,638.66,1,High Activity,633.9975,109.30735363338246,349.49,-486.82
2,22.38,46.42,99.01,600.95,481.42,731.75,689.58,616.82,1,High Activity,629.8925,109.77632026838333,349.98,-501.94000000000005
2,22.62,46.1,100.75,597.57,485.42,736.94,697.41,625.67,1,Moderate Activity,636.36,110.66556013503028,349.16,-496.82000000000005
3,23.02,45.42,104.71,593.3,488.79,880.83,689.47,637.07,1,Moderate Activity,674.0400000000001,161.95115765769216,349.005,-488.59
3,24.75,50.3,110.34,547.67,465.45,701.62,655.9280000000001,585.02,2,Low Activity,602.0045,102.90221313298696,329.005,-437.3299999999999
0,21.05,54.01,110.61,544.23,501.45,723.0,677.29,607.57,1,High Activity,627.3275,96.41055003646298,327.42,-433.62
0,19.06,52.89,124.59,591.66,499.07,711.22,844.32,595.31,1,Moderate Activity,662.48,149.0592837318987,358.125,-467.06999999999994
1,18.49,48.63,79.07,587.65,570.28,770.49,737.73,684.08,0,Moderate Activity,690.645,87.79341983694832,333.36,-508.58
3,21.83,48.6,99.75,595.26,492.2,733.19,675.78,605.72,1,Moderate Activity,626.7225000000001,103.72941542783322,347.505,-495.51
3,22.77,47.12,138.22,569.98,415.74,700.27,684.958,572.51,3,Low Activity,593.3695,131.40716398913213,354.1,-431.76
3,23.35,45.53,103.65,593.35,483.43,728.23,686.53,605.85,1,Moderate Activity,626.01,107.77612722676575,348.5,-489.70000000000005
0,19.78,55.15,130.44,545.68,461.51,899.88,630.06,551.91,3,Low Activity,635.8399999999999,189.020037562159,338.05999999999995,-415.23999999999995
3,24.81,47.5,111.15,602.82,367.13,720.47,665.09,577.66,2,Low Activity,582.5875,155.2035876679402,356.985,-491.6700000000001
3,23.02,46.6,101.37,588.21,490.02,727.82,684.81,617.63,1,Moderate Activity,630.07,103.79512865897578,344.79,-486.84000000000003
3,23.45,45.66,103.43,589.36,483.92,726.04,688.73,613.29,1,Low Activity,627.995,106.88842297773256,346.395,-485.93
3,23.81,45.07,103.49,591.67,460.44,727.8,677.09,615.87,1,Low Activity,620.3,115.9830427260813,347.58,-488.17999999999995
2,20.97,45.22,80.96,589.95,519.44,756.13,716.02,667.41,0,Moderate Activity,664.75,103.44239781959166,335.45500000000004,-508.99000000000007
1,19.98,55.22,114.4,549.7,517.69,725.42,678.6360000000001,615.14,1,Low Activity,634.2215,89.87678296237945,332.05,-435.30000000000007
3,22.37,48.17,117.7,578.93,475.73,727.54,685.48,607.54,1,Moderate Activity,624.0725,110.68758658946356,348.315,-461.22999999999996
1,19.72,53.52,111.36,578.93,440.09,709.11,663.314,574.52,2,Low Activity,596.7585,118.45120501286597,345.145,-467.56999999999994
3,23.51,46.03,119.0,585.47,455.48,714.01,676.52,606.77,1,Moderate Activity,613.1949999999999,114.14759699616982,352.235,-466.47
3,21.86,48.33,139.8,582.35,472.61,697.33,663.49,556.19,1,Low Activity,597.405,102.67213367478702,361.07500000000005,-442.55
3,23.52,46.07,123.76,592.22,431.99,722.79,680.5,601.57,1,Low Activity,609.2125,128.3848102061403,357.99,-468.46000000000004
3,23.62,45.92,113.85,588.7,428.16,721.39,550.17,601.32,1,Low Activity,575.26,121.51957126323313,351.27500000000003,-474.85
0,21.19,52.11,132.66,570.24,418.95,717.78,673.4639999999999,596.33,1,High Activity,601.631,131.72068738053258,351.45,-437.58000000000004
2,18.68,52.6,122.76,592.65,459.36,748.45,698.53,627.15,1,Moderate Activity,633.3725,126.23707917380429,357.705,-469.89
3,23.61,45.92,119.22,588.57,423.33,722.77,680.92,624.71,1,High Activity,612.9325,132.63281905948716,353.89500000000004,-469.35
3,23.28,47.31,123.96,578.93,431.73,722.03,667.124,593.62,1,Low Activity,603.626,126.09501453533628,351.445,-454.96999999999997
2,17.92,47.28,61.18,568.17,592.03,788.23,755.99,696.99,0,Low Activity,708.31,86.23566470241109,314.67499999999995,-506.98999999999995
2,20.62,53.59,92.13,582.94,506.49,733.24,693.42,625.39,1,High Activity,639.635,99.30631618045919,337.535,-490.81000000000006
0,22.13,52.59,138.26,568.49,438.15,710.51,655.2819999999999,571.19,2,Low Activity,593.7829999999999,118.51778188384503,353.375,-430.23
3,23.31,47.35,124.86,587.73,429.92,717.21,662.77,587.3,2,Low Activity,599.3,124.8529713970263,356.295,-462.87
2,17.46,45.87,64.92,569.36,582.36,786.59,747.32,708.74,0,Low Activity,706.2525,88.49895041750496,317.14,-504.44
0,18.3,51.04,121.4,579.09,397.45,738.56,819.35,571.96,1,Moderate Activity,631.83,187.14828755116443,350.245,-457.69000000000005
3,24.49,44.82,119.45,588.25,407.93,712.36,670.39,599.85,2,Low Activity,597.6324999999999,134.7194725778967,353.85,-468.8
3,23.87,50.49,132.72,552.49,460.74,713.47,666.826,599.48,1,Low Activity,610.129,110.03694320848189,342.605,-419.77
0,19.29,52.67,136.29,574.12,474.92,721.38,680.51,622.28,1,Moderate Activity,624.7725,107.86049983659449,355.205,-437.83000000000004
3,24.33,45.39,123.36,585.46,428.45,719.01,681.05,599.9,2,Low Activity,607.1025,129.04794080108368,354.41,-462.1
3,24.02,46.04,123.74,588.77,438.4,722.84,669.87,602.02,2,Low Activity,608.2825,123.57956097861278,356.255,-465.03
3,24.69,50.06,111.85,550.87,461.09,704.36,655.66,586.68,2,Low Activity,601.9475,105.58927451056128,331.36,-439.02
3,23.56,46.98,120.88,588.13,423.72,724.36,678.58,612.49,2,Low Activity,609.7874999999999,132.27204778410288,354.505,-467.25
1,18.47,43.51,59.66,563.91,568.2,799.95,897.13,711.01,1,Moderate Activity,744.0725,139.72968960937877,311.78499999999997,-504.25
3,22.84,47.8,121.55,584.76,421.57,729.37,684.5440000000001,607.2,2,High Activity,610.671,135.79139488200278,353.155,-463.21
0,18.7,50.61,116.31,587.81,387.97,888.39,659.53,565.61,1,Low Activity,625.375,208.38781434303365,352.05999999999995,-471.49999999999994
2,20.44,53.11,105.77,564.92,487.48,734.54,687.31,632.26,1,Moderate Activity,635.3975,107.10364711343865,335.34499999999997,-459.15
3,22.49,48.06,123.71,590.84,437.53,723.92,683.87,605.26,2,Moderate Activity,612.645,126.7213842780031,357.27500000000003,-467.13000000000005
3,22.8,46.75,145.47,576.61,443.1,703.64,660.024,575.25,1,Low Activity,595.5035,114.73655132084106,361.04,-431.14
3,23.57,52.97,176.08,578.93,449.3,695.86,655.04,582.82,2,Moderate Activity,595.755,108.24679133042851,377.505,-402.8499999999999
0,18.61,52.01,122.87,578.93,493.98,739.13,672.2,610.69,1,Low Activity,629.0,104.18015390018708,350.9,-456.05999999999995
3,22.94,47.0,117.02,585.57,425.88,722.23,678.45,617.24,2,Moderate Activity,610.95,130.6776662887223,351.295,-468.55000000000007
3,22.92,51.83,136.7,564.07,367.26,680.98,899.99,531.22,2,Low Activity,619.8625,226.4746349851715,350.385,-427.37000000000006
3,22.44,44.51,107.0,591.92,433.36,740.02,691.64,640.69,1,Moderate Activity,626.4275,134.9498730084619,349.46,-484.91999999999996
3,23.77,46.51,122.83,584.56,414.17,719.69,665.76,597.86,2,Low Activity,599.37,133.14885729888937,353.695,-461.72999999999996
3,22.21,48.01,115.67,592.8,414.01,730.8,680.64,622.03,2,Low Activity,611.8699999999999,139.19466345134546,354.23499999999996,-477.12999999999994
3,21.56,51.43,113.31,598.58,457.04,729.99,677.2180000000001,595.27,1,Moderate Activity,614.8795,118.93185169527408,355.94500000000005,-485.27000000000004
3,22.23,47.18,113.61,587.32,412.94,584.11,685.67,608.19,2,High Activity,572.7275,115.00029518078058,350.46500000000003,-473.71000000000004
3,21.99,47.64,112.57,593.96,425.45,728.63,674.66,613.19,2,Moderate Activity,610.4825,132.06304034437494,353.265,-481.39000000000004
3,21.55,48.46,116.43,593.88,428.16,727.27,679.44,608.45,2,High Activity,610.83,131.19908409233147,355.155,-477.45
1,18.69,51.5,113.25,600.78,443.55,744.72,735.746,625.98,1,Moderate Activity,637.499,140.11628243712434,357.015,-487.53
1,19.89,57.29,131.61,562.01,467.55,707.68,657.14,588.47,1,Low Activity,605.21,103.96686811992878,346.81,-430.4
1,19.26,53.05,111.34,559.84,481.01,727.19,688.6,608.76,1,Moderate Activity,626.3900000000001,108.74570550907596,335.59000000000003,-448.5
0,20.59,49.97,107.59,597.22,422.58,728.5,683.356,607.38,2,Moderate Activity,610.454,134.85257267599064,352.40500000000003,-489.63
3,23.51,44.8,129.58,573.81,423.78,721.4,679.814,613.59,2,Low Activity,609.646,131.62349059849967,351.695,-444.2299999999999
0,19.04,51.57,126.12,591.48,474.9,742.25,672.79,588.46,1,High Activity,619.6,115.15205628501242,358.8,-465.36
0,20.25,50.77,122.27,588.04,431.09,737.99,693.39,615.46,2,Low Activity,619.4825,135.41819261704342,355.155,-465.77
2,20.38,55.59,134.57,552.23,449.87,715.07,655.26,596.18,2,Low Activity,604.095,113.69741377885427,343.4,-417.66
0,20.1,50.87,116.57,588.31,451.76,734.86,689.458,620.57,2,Moderate Activity,624.162,124.16785264042112,352.43999999999994,-471.73999999999995
3,21.85,51.92,100.42,573.99,482.27,737.54,687.732,630.69,1,Moderate Activity,634.558,110.51299013841465,337.205,-473.57
0,19.82,51.15,109.25,594.38,441.88,736.33,682.43,629.18,2,High Activity,622.4549999999999,128.08470179273297,351.815,-485.13
0,19.75,51.12,42.65,595.95,473.59,736.26,720.6600000000001,620.1,1,Moderate Activity,637.6525,120.88324708163661,319.3,-553.3000000000001
0,19.8,50.85,116.12,578.93,446.54,843.9,696.46,622.65,1,High Activity,652.3875,165.20384890088565,347.525,-462.80999999999995
2,23.26,46.51,109.82,599.11,460.41,748.81,704.21,631.99,1,High Activity,636.355,126.7887012579065,354.46500000000003,-489.29
0,19.63,51.06,118.65,594.3,453.73,749.02,702.406,626.44,1,Moderate Activity,632.899,129.6900907702666,356.47499999999997,-475.65
0,19.51,51.26,119.35,590.0,452.68,739.4,678.6519999999999,631.39,1,Low Activity,625.5305,123.42310140731352,354.675,-470.65
0,19.65,50.93,118.7,589.06,447.66,743.05,818.5,634.82,1,Moderate Activity,661.0075,160.97391121441592,353.88,-470.35999999999996
0,19.57,50.98,113.21,591.35,455.7,747.66,700.4379999999999,636.74,1,Moderate Activity,635.1344999999999,127.96594948526996,352.28000000000003,-478.14000000000004
0,19.53,51.07,118.77,593.06,453.08,741.67,704.36,634.33,1,High Activity,633.36,128.1585936772612,355.91499999999996,-474.28999999999996
0,19.47,51.05,123.69,589.31,450.2,750.01,701.88,632.2,1,Moderate Activity,633.5725,131.46731339639774,356.5,-465.61999999999995
2,19.91,49.44,104.5,584.94,441.16,711.92,673.01,606.15,2,High Activity,608.06,119.53334290760323,344.72,-480.44000000000005
1,18.93,50.82,83.42,584.35,506.47,755.95,709.114,647.82,1,Moderate Activity,654.8385000000001,108.36948596814511,333.885,-500.93
0,19.29,51.39,119.18,593.56,471.98,824.15,702.106,637.87,1,Moderate Activity,659.0265,146.69197231727892,356.37,-474.37999999999994
0,19.22,51.53,120.15,595.86,463.5,748.68,706.2500000000001,637.51,1,Moderate Activity,638.9849999999999,125.63801720286207,358.005,-475.71000000000004
0,20.21,52.15,111.3,558.83,464.46,718.76,671.0,608.44,1,High Activity,615.665,110.46220152915055,335.065,-447.53000000000003
0,19.16,51.6,117.59,595.11,453.5,747.35,704.044,635.19,1,Moderate Activity,635.021,129.5271924758144,356.35,-477.52
0,20.36,47.95,116.77,581.12,447.78,726.21,684.52,623.35,2,Moderate Activity,620.465,122.62881730381868,348.945,-464.35
0,19.07,51.61,116.1,588.96,468.68,751.1,710.51,652.96,1,Low Activity,645.8125,124.7640886834028,352.53000000000003,-472.86
2,21.11,44.18,78.38,567.82,533.94,753.72,733.008,657.54,1,Moderate Activity,669.552,99.40794543697197,323.1,-489.44000000000005
0,18.92,51.88,117.54,591.47,469.5,750.78,713.46,644.39,1,Moderate Activity,644.5325,124.73428808872082,354.505,-473.93
0,18.87,51.87,119.15,591.1,483.72,744.51,625.0840000000001,655.04,1,High Activity,627.0885000000001,108.20911826489791,355.125,-471.95000000000005
1,16.8,42.6,78.98,599.6,399.26,768.5,724.72,643.41,1,Moderate Activity,633.9725,164.83504994893127,339.29,-520.62
0,18.78,52.0,113.18,596.51,473.47,582.21,714.24,647.74,1,High Activity,604.415,102.59668821815512,354.845,-483.33
2,23.69,50.66,112.61,562.1,428.07,647.97,564.43,508.42,3,Low Activity,537.2225,92.6446779817024,337.355,-449.49
3,23.89,49.1,110.16,554.37,451.99,888.48,688.094,625.43,1,High Activity,663.4985,180.1912597094173,332.265,-444.21000000000004
0,18.78,51.92,115.94,591.6,464.72,574.1,709.72,655.33,1,Low Activity,600.9675000000001,106.56395806431617,353.77,-475.66
0,18.72,52.04,113.14,588.78,482.31,756.49,465.74,658.74,1,Low Activity,590.8199999999999,140.8061336258711,350.96,-475.64
2,23.05,54.24,120.02,578.93,473.05,896.08,647.52,578.49,1,Low Activity,648.7850000000001,179.7967319873566,349.47499999999997,-458.90999999999997
0,18.91,55.77,110.01,601.91,476.72,741.0,700.76,622.08,1,High Activity,635.14,116.59014252214178,355.96,-491.9
0,18.77,51.7,122.56,592.3,479.98,749.34,479.71,655.75,1,High Activity,591.195,134.13285764494844,357.42999999999995,-469.73999999999995
0,18.54,52.26,120.55,591.42,480.24,747.63,460.12,646.3,1,Moderate Activity,583.5725,137.55935431054237,355.98499999999996,-470.86999999999995
0,18.5,52.27,121.07,587.78,465.69,755.07,711.988,653.01,1,Moderate Activity,646.4395,127.55488309351392,354.42499999999995,-466.71
0,18.45,52.45,118.21,594.11,482.77,753.83,719.26,644.32,1,Moderate Activity,650.045,120.52073639005035,356.16,-475.90000000000003
0,17.5,48.63,114.65,581.72,486.75,734.97,697.31,625.39,2,Moderate Activity,636.105,109.456334520514,348.185,-467.07000000000005
0,18.53,52.16,122.95,578.93,473.16,751.4,706.16,647.12,1,Low Activity,644.4599999999999,121.92049212499101,350.94,-455.97999999999996
0,18.47,52.2,116.95,592.57,477.64,752.66,705.91,651.83,1,Low Activity,647.01,120.19506617716607,354.76000000000005,-475.62000000000006
3,23.21,54.51,127.1,547.17,427.99,689.93,650.1,558.54,2,Low Activity,581.64,116.26898153276593,337.135,-420.06999999999994
0,18.44,52.17,123.72,589.75,483.46,747.69,555.53,656.66,1,High Activity,610.835,115.63196688920704,356.735,-466.03
3,24.16,44.97,152.26,571.52,458.34,704.36,642.482,569.07,1,Low Activity,593.563,105.7579162490134,361.89,-419.26
3,24.18,46.82,106.36,604.18,416.9,694.73,654.96,560.84,1,Low Activity,581.8575000000001,123.47319395318162,355.27,-497.81999999999994
0,18.28,52.4,113.83,578.93,470.49,764.32,714.23,660.81,1,High Activity,652.4625,128.466592122881,346.38,-465.09999999999997
0,22.66,52.42,139.6,560.67,345.87,669.67,524.72,532.0,2,Low Activity,518.065,132.75750738344954,350.135,-421.06999999999994
0,18.4,52.09,119.43,591.96,488.61,753.62,710.588,642.61,1,Low Activity,648.857,116.1954223825821,355.69500000000005,-472.53000000000003
0,18.35,52.08,116.08,590.52,488.77,753.59,711.21,663.85,1,Moderate Activity,654.355,116.31655585799759,353.3,-474.44
0,18.17,52.51,117.46,586.27,494.03,749.21,709.18,656.22,1,Moderate Activity,652.1600000000001,112.08860096667577,351.865,-468.81
0,18.19,52.36,113.75,587.2,500.14,758.76,714.588,654.76,1,Moderate Activity,657.062,112.96243795763853,350.475,-473.45000000000005
0,18.1,52.57,113.53,587.26,488.77,751.57,717.99,665.15,1,Moderate Activity,655.87,116.94145657835236,350.395,-473.73
0,18.15,52.48,120.08,595.05,496.36,754.55,716.79,653.92,1,Moderate Activity,655.405,113.86449036757097,357.565,-474.96999999999997
0,18.05,52.63,113.92,589.63,492.8,756.94,717.08,658.52,1,Moderate Activity,656.335,116.27523597051955,351.775,-475.71
3,25.23,46.98,111.8,575.2,431.65,714.44,655.92,585.11,1,Low Activity,596.7800000000001,122.12769410197946,343.5,-463.40000000000003
0,18.06,52.52,117.7,592.69,482.45,759.57,670.9739999999999,657.24,1,Low Activity,642.5585,115.9732871354434,355.19500000000005,-474.99000000000007
3,21.11,55.99,115.55,599.11,436.03,721.82,666.04,603.05,3,Low Activity,606.7349999999999,123.7139395271743,357.33,-483.56
3,23.11,45.93,156.81,573.55,420.82,707.12,676.65,598.49,2,Low Activity,600.77,128.39431166008356,365.17999999999995,-416.73999999999995
1,17.98,52.55,115.46,595.64,485.43,756.15,721.31,654.7,1,Moderate Activity,654.3975,120.25107272563794,355.55,-480.18
1,17.88,52.7,118.83,588.85,486.74,752.8,710.964,670.08,1,Moderate Activity,655.146,117.23986527912194,353.84000000000003,-470.02000000000004
1,19.41,52.62,107.51,561.37,509.88,749.87,564.53,635.1,1,High Activity,614.845,103.5877504019338,334.44,-453.86
1,18.01,52.31,117.85,593.46,490.02,755.47,715.34,656.72,1,Moderate Activity,654.3875,116.84033931680733,355.65500000000003,-475.61
1,17.9,52.62,114.94,592.6,491.37,754.61,709.96,653.7,1,Low Activity,652.4100000000001,115.02519752935298,353.77,-477.66
1,18.02,52.22,116.57,590.34,488.43,756.18,708.784,663.87,1,High Activity,654.3159999999999,116.83675425139127,353.45500000000004,-473.77000000000004
1,18.1,52.0,117.08,592.21,476.8,757.26,713.0,652.55,1,Low Activity,649.9024999999999,123.12380229535906,354.64500000000004,-475.13000000000005
1,20.28,55.88,127.58,560.89,465.4,723.07,659.39,601.52,1,Low Activity,612.345,109.82299592222633,344.235,-433.31
1,19.82,53.03,120.63,567.22,398.9,720.83,555.09,590.86,2,Low Activity,566.4200000000001,132.4526091349909,343.925,-446.59000000000003
1,17.61,53.29,115.45,597.12,493.42,757.35,737.688,665.78,1,Moderate Activity,663.5595000000001,120.06119617789365,356.285,-481.67
1,17.68,53.14,113.36,595.03,501.05,756.9,718.72,654.45,1,Low Activity,657.78,112.71474289846323,354.195,-481.66999999999996
1,18.63,52.57,102.9,562.85,482.58,687.46,589.13,532.85,1,Low Activity,573.005,87.84279006649703,332.875,-459.95000000000005
1,17.59,53.41,116.42,591.31,492.59,755.19,715.494,661.1,1,Moderate Activity,656.0935,115.62438506791437,353.86499999999995,-474.88999999999993
1,17.66,53.0,110.13,598.36,495.51,758.46,711.45,664.9,1,High Activity,657.58,114.59932896836702,354.245,-488.23
2,22.86,42.91,79.15,611.64,513.26,740.63,712.15,644.15,1,Moderate Activity,652.5475,101.29578878216014,345.395,-532.49
1,17.66,52.92,116.29,584.92,480.55,754.11,710.36,651.71,1,Moderate Activity,649.1825,119.99413190513387,350.60499999999996,-468.62999999999994
1,18.67,49.87,126.04,579.35,457.02,715.9,651.05,586.2,2,Low Activity,602.5425,110.52416881237635,352.695,-453.31
3,24.8,47.98,118.75,572.12,455.12,714.12,682.86,601.36,1,Low Activity,613.365,115.71045055078933,345.435,-453.37
1,17.66,53.15,119.09,594.95,489.29,754.57,675.888,654.01,1,Low Activity,643.4395,111.47002138542304,357.02000000000004,-475.86
1,17.58,53.32,115.32,592.24,487.69,750.13,711.4860000000001,646.81,1,Moderate Activity,649.029,115.69714190074015,353.78,-476.92
1,17.61,53.26,116.45,589.92,494.74,751.87,708.25,652.45,1,Moderate Activity,651.8275000000001,112.35193289392043,353.185,-473.46999999999997
0,20.93,51.94,105.92,556.78,468.38,733.82,695.8,644.99,1,Moderate Activity,635.7475,117.36243276704859,331.34999999999997,-450.85999999999996
3,23.3,46.48,130.44,548.97,512.31,744.2,696.2,631.48,1,Moderate Activity,646.0475,100.41101778025494,339.70500000000004,-418.53000000000003
1,16.45,46.23,73.07,619.53,579.95,788.56,756.45,698.5,0,Moderate Activity,705.865,91.84431700800361,346.29999999999995,-546.46
3,23.55,49.76,128.57,566.3,405.72,662.96,570.54,512.28,1,Low Activity,537.875,107.75482587800882,347.43499999999995,-437.72999999999996
1,18.74,54.35,107.17,594.32,511.29,748.19,708.55,634.21,0,Moderate Activity,650.56,104.17599275584881,350.745,-487.15000000000003
1,16.1,45.28,66.06,615.17,602.92,795.86,758.15,701.85,0,Moderate Activity,714.6949999999999,83.93397980953047,340.615,-549.1099999999999
1,15.85,45.65,72.72,621.79,599.89,790.34,799.23,707.55,0,Low Activity,724.2525,92.61783139151268,347.255,-549.0699999999999
0,21.08,51.87,102.26,553.5,468.51,604.08,700.362,640.91,1,Low Activity,603.4655,98.3266442069493,327.88,-451.24
0,20.02,55.67,105.76,603.59,432.69,715.56,650.65,573.91,1,Low Activity,593.2025,121.66625973676238,354.675,-497.83000000000004
1,15.96,44.98,62.25,616.25,605.59,800.18,760.19,722.26,0,Moderate Activity,722.0550000000001,83.90854565140148,339.25,-554.0
1,15.91,45.13,66.8,619.19,603.44,794.7,771.89,710.46,0,Moderate Activity,720.1225000000001,85.53721855621288,342.995,-552.3900000000001
2,19.55,48.28,74.87,623.1,548.51,769.77,746.878,657.36,0,Moderate Activity,680.6295,100.55168555358318,348.985,-548.23
1,17.35,44.57,70.78,617.13,557.56,781.17,755.91,685.82,0,Moderate Activity,695.115,100.18195130195193,343.955,-546.35
1,16.94,46.34,79.19,612.26,517.58,777.94,744.26,679.15,0,Low Activity,679.7325,115.61759363666644,345.725,-533.0699999999999
1,16.56,47.66,72.39,613.89,516.87,774.94,744.65,703.73,0,Moderate Activity,685.0475,115.85310652574952,343.14,-541.5
1,17.31,46.66,74.52,578.93,493.65,586.7,734.08,686.17,0,Moderate Activity,625.15,107.01999470503944,326.72499999999997,-504.40999999999997
1,17.48,46.87,75.83,611.14,488.19,768.13,761.8580000000001,665.45,0,Moderate Activity,670.9069999999999,130.56247172394782,343.485,-535.31
0,19.16,52.91,122.9,590.1,436.71,738.63,667.362,622.83,1,Moderate Activity,616.3829999999999,128.92780691534313,356.5,-467.20000000000005
0,18.32,51.65,121.3,589.71,476.47,744.07,843.14,634.49,1,Moderate Activity,674.5425,157.15820932529527,355.505,-468.41
1,18.02,46.63,82.42,578.93,498.5,764.57,725.09,678.07,0,Low Activity,666.5575000000001,117.48526811902846,330.67499999999995,-496.50999999999993
1,17.69,47.26,83.02,606.26,499.75,772.95,737.58,672.96,0,Low Activity,670.8100000000001,121.32182903336069,344.64,-523.24
1,16.2,45.94,70.95,613.36,553.67,791.89,775.774,703.14,0,Moderate Activity,706.1184999999999,108.7168424654923,342.15500000000003,-542.41
3,21.14,46.21,97.73,600.68,519.58,759.57,717.58,643.77,0,Moderate Activity,660.125,105.21528421922993,349.205,-502.94999999999993
1,16.3,45.01,66.29,615.94,590.42,797.47,767.71,719.44,0,Moderate Activity,718.76,91.4020142010011,341.115,-549.6500000000001
1,17.49,44.22,70.53,612.86,553.43,789.47,748.95,712.95,0,Moderate Activity,701.2,103.35326280932472,341.695,-542.33
2,22.95,52.9,107.67,547.41,407.97,699.75,662.74,592.85,2,Low Activity,590.8275,129.71311225803913,327.53999999999996,-439.73999999999995
1,20.65,56.53,131.2,565.07,457.19,713.3,667.236,596.66,1,Low Activity,608.5965,111.75542066942434,348.135,-433.87000000000006
1,18.28,50.34,80.36,558.71,509.37,754.48,702.28,645.13,2,Low Activity,652.8149999999999,105.54317552546918,319.535,-478.35
1,16.0,47.07,72.19,615.73,611.64,788.49,722.3720000000001,717.89,0,Moderate Activity,710.0980000000001,73.1451747508565,343.96000000000004,-543.54
1,15.88,46.71,62.23,626.24,596.06,784.86,762.09,721.73,0,Low Activity,716.1850000000001,84.23041275770493,344.235,-564.01
0,20.64,52.93,121.43,565.69,393.56,699.04,659.29,559.11,2,Low Activity,577.75,136.17812036691745,343.56000000000006,-444.26000000000005
1,18.74,51.79,106.93,601.33,471.25,746.0,705.78,631.53,1,Moderate Activity,638.64,121.2489359403482,354.13,-494.40000000000003
2,16.2,45.43,69.09,619.46,597.97,789.93,772.4440000000001,707.82,0,Moderate Activity,717.041,86.88158341865858,344.27500000000003,-550.37
2,16.44,45.83,63.95,618.75,587.08,789.88,668.784,715.49,0,Moderate Activity,690.3085000000001,84.98631040153857,341.35,-554.8
2,16.18,47.03,66.6,618.9,593.15,780.38,755.14,697.53,0,Low Activity,706.55,83.17206542263254,342.75,-552.3
2,16.25,47.13,69.08,615.31,569.71,779.84,697.5139999999999,683.7,0,Moderate Activity,682.691,86.4549477512228,342.195,-546.2299999999999
2,16.15,47.89,77.35,616.94,572.53,782.28,701.81,690.38,0,Moderate Activity,686.75,86.43334580280151,347.14500000000004,-539.59
2,16.38,47.54,75.87,616.78,586.22,777.4,741.29,686.11,0,Low Activity,697.755,83.29522695408981,346.325,-540.91
2,18.71,45.71,70.96,616.41,460.9,884.52,740.1539999999999,675.75,0,Low Activity,690.331,176.1087622010898,343.685,-545.4499999999999
0,17.97,48.51,116.89,578.34,473.31,734.3,662.874,628.03,3,Low Activity,624.6285,110.15052553513607,347.615,-461.45000000000005
0,20.76,49.13,105.25,598.58,478.07,731.64,679.1,616.01,2,Moderate Activity,626.2049999999999,109.48719331501744,351.915,-493.33000000000004
2,16.83,47.17,77.72,604.97,583.29,776.46,754.73,690.97,0,Moderate Activity,701.3625,86.67341744541214,341.345,-527.25
2,18.97,42.55,63.22,569.98,577.15,786.0,741.58,708.58,0,Low Activity,703.3275,89.90058634402783,316.6,-506.76
2,23.68,50.9,161.43,522.51,297.27,601.72,509.79,475.4,4,Low Activity,471.04499999999996,127.53280270842741,341.97,-361.08
2,17.29,49.05,77.49,603.56,575.84,775.54,743.132,674.31,0,Low Activity,692.2055,88.31633635781469,340.525,-526.0699999999999
2,17.65,49.18,86.97,607.0,563.18,776.17,746.99,687.68,0,Moderate Activity,693.505,94.36221648520133,346.985,-520.03
2,17.44,49.68,76.31,603.83,561.16,774.95,737.46,691.58,0,Low Activity,691.2875,93.210452695321,340.07000000000005,-527.52
3,23.6,52.95,122.75,578.93,474.81,713.62,670.81,607.05,1,Low Activity,616.5725,104.15886596124851,350.84,-456.17999999999995
3,23.34,50.63,107.64,552.7,465.49,736.19,659.9620000000001,613.95,1,Moderate Activity,618.8980000000001,114.02070357030198,330.17,-445.06000000000006
2,17.64,48.47,81.86,602.66,553.79,771.87,735.88,686.25,0,High Activity,686.9475,95.45963697640312,342.26,-520.8
2,17.64,48.15,82.26,605.12,563.19,773.24,748.33,688.76,0,Moderate Activity,693.3800000000001,93.75127128026938,343.69,-522.86
2,17.45,48.91,87.41,612.11,556.84,774.37,761.0899999999999,668.75,0,High Activity,690.2625,100.58985614033517,349.76,-524.7
2,17.73,48.82,97.22,602.67,554.2,769.27,735.85,687.86,0,Moderate Activity,686.7950000000001,94.50059417802618,349.945,-505.44999999999993
2,18.75,46.94,89.59,603.51,527.39,764.67,721.7819999999999,672.71,0,Low Activity,671.6379999999999,103.24406108504901,346.55,-513.92
2,18.62,47.73,90.25,599.73,522.31,758.93,736.29,663.37,0,Moderate Activity,670.2249999999999,106.70676251609673,344.99,-509.48
2,19.03,47.35,101.06,601.2,540.02,760.03,686.368,664.8,0,Moderate Activity,662.8045,91.44771154964278,351.13,-500.14000000000004
2,19.47,47.36,103.86,595.73,538.24,762.13,717.7280000000001,658.94,0,Low Activity,669.2595,97.0338887932115,349.795,-491.87
2,19.74,47.33,106.4,578.93,551.69,760.22,721.72,635.57,0,Moderate Activity,667.3000000000001,93.03785573625393,342.66499999999996,-472.53
2,19.79,47.4,107.64,596.45,531.89,749.12,714.556,645.66,0,High Activity,660.3065,95.80564260870374,352.045,-488.81000000000006
3,21.64,45.39,91.81,593.9,500.41,738.9,708.21,641.44,0,Moderate Activity,647.24,106.0056372714835,342.855,-502.09
2,19.92,47.81,115.49,593.44,433.04,729.09,692.606,639.95,0,Low Activity,623.6715,132.2502473683887,354.46500000000003,-477.95000000000005
2,20.47,47.09,128.44,591.07,375.08,730.19,681.17,607.78,1,Moderate Activity,598.5550000000001,157.2462905762804,359.755,-462.63000000000005
2,20.84,46.43,123.26,589.82,401.22,723.69,477.7,610.83,1,Low Activity,553.36,142.81237691460782,356.54,-466.56000000000006
0,20.24,52.06,135.11,587.65,428.85,866.03,678.79,597.16,1,Moderate Activity,642.7075,181.64479153465055,361.38,-452.53999999999996
2,21.42,44.88,111.92,589.79,433.99,729.15,804.24,610.08,1,Low Activity,644.365,161.4327658810317,350.85499999999996,-477.86999999999995
2,21.5,44.84,114.39,590.3,439.3,733.77,684.65,628.88,1,Low Activity,621.65,128.8974913125413,352.34499999999997,-475.90999999999997
2,23.7,51.38,113.75,542.17,489.17,710.55,681.78,602.94,2,Low Activity,621.11,99.02638537278837,327.96,-428.41999999999996
2,21.59,44.75,109.82,591.37,432.76,737.44,694.12,638.47,1,Moderate Activity,625.6975,134.85305641697562,350.595,-481.55
2,21.24,45.9,119.55,594.31,446.74,738.67,692.21,627.51,1,Moderate Activity,626.2825,128.08122614835736,356.92999999999995,-474.75999999999993
2,21.02,46.54,114.21,591.58,460.38,735.18,809.9,621.8,1,Low Activity,656.815,152.08424189682944,352.89500000000004,-477.37000000000006
3,24.5,48.73,141.39,561.3,375.2,669.62,643.67,545.81,2,Low Activity,558.5749999999999,133.36852064861483,351.34499999999997,-419.90999999999997
2,17.05,53.25,73.61,613.77,563.61,782.79,745.1439999999999,695.57,0,Low Activity,696.7785,95.69484414359354,343.69,-540.16
2,21.52,45.82,117.34,598.55,449.48,736.92,692.02,619.72,1,Low Activity,624.5350000000001,126.2960156405049,357.945,-481.2099999999999
2,21.57,45.98,109.68,592.62,451.07,731.0,694.22,623.72,1,Moderate Activity,625.0025,124.20506118914801,351.15,-482.94
3,20.42,51.37,136.5,581.24,446.72,715.63,672.12,590.81,1,Low Activity,606.3199999999999,118.30896866538338,358.87,-444.74
2,21.85,45.56,116.59,594.81,444.8,731.35,692.014,624.55,1,Moderate Activity,623.1785,126.83344688606394,355.7,-478.2199999999999
2,21.87,45.55,116.63,591.38,449.28,735.42,547.62,614.19,1,Low Activity,586.6274999999999,120.11774816820369,354.005,-474.75
2,21.96,45.53,113.23,590.0,453.69,734.7,688.09,617.12,1,Moderate Activity,623.4,123.03577880708795,351.615,-476.77
3,23.35,51.77,114.28,550.71,367.91,717.53,651.15,573.55,2,Low Activity,577.5350000000001,151.63144913462597,332.495,-436.43000000000006
2,22.5,44.72,121.39,591.54,450.07,732.95,696.16,621.73,1,Moderate Activity,625.2275,125.60246663581096,356.465,-470.15
2,22.99,43.83,114.67,584.83,458.35,727.96,690.1,628.8,1,Moderate Activity,626.3025,119.18983188594571,349.75,-470.16
1,19.38,54.38,123.46,579.63,497.29,742.36,699.22,632.48,1,Moderate Activity,642.8375000000001,107.04370894639254,351.545,-456.17
3,22.99,46.45,140.55,581.78,443.53,694.54,648.78,551.18,1,Low Activity,584.5074999999999,111.39042908466897,361.16499999999996,-441.22999999999996
2,21.6,46.73,114.27,586.52,452.61,723.14,684.14,611.69,1,Moderate Activity,617.895,119.47460441449472,350.395,-472.25
2,21.7,46.6,111.63,592.57,452.01,730.29,662.958,632.52,1,Low Activity,619.4445,118.86326884702437,352.1,-480.94000000000005
1,17.84,54.64,135.58,587.07,500.8,729.38,677.726,599.27,1,Moderate Activity,626.794,99.58248613084531,361.32500000000005,-451.49
2,22.08,45.93,114.04,594.44,456.3,727.14,690.51,630.41,1,Low Activity,626.09,120.01159027360647,354.24,-480.40000000000003
3,22.03,46.18,111.31,587.34,444.39,725.39,655.734,624.23,1,Low Activity,612.436,119.73843642428832,349.32500000000005,-476.03000000000003
3,25.17,46.88,121.21,576.38,453.81,713.3,676.68,604.0,1,Moderate Activity,611.9475,114.794392248344,348.795,-455.17
1,18.73,46.36,96.26,608.37,471.7,767.06,734.81,661.29,1,Moderate Activity,658.7149999999999,132.3005781040531,352.315,-512.11
3,22.28,46.57,131.21,588.41,447.07,728.11,680.66,618.5,1,High Activity,618.585,122.83652239189017,359.81,-457.19999999999993
3,22.36,46.26,125.84,589.76,448.41,725.88,693.73,612.05,1,Moderate Activity,620.0174999999999,124.03362000549151,357.8,-463.91999999999996
3,22.38,46.21,117.46,592.13,468.63,732.17,677.28,607.02,1,Low Activity,621.275,113.92682168831007,354.795,-474.67
2,21.98,49.93,115.43,576.54,428.49,719.68,666.22,590.22,1,Low Activity,601.1525,126.77329670846825,345.985,-461.10999999999996
3,23.86,43.4,121.85,578.93,449.52,723.2,684.48,615.24,1,Moderate Activity,618.11,120.94035720139082,350.39,-457.0799999999999
3,23.07,45.03,128.5,593.89,471.45,727.14,692.96,617.42,1,Moderate Activity,627.2425,113.52838833672102,361.195,-465.39
2,18.26,53.17,105.06,599.33,470.18,728.77,693.85,605.83,1,Low Activity,624.6575,115.24580610590564,352.19500000000005,-494.27000000000004
0,20.0,56.27,125.13,564.74,376.17,692.33,644.764,556.46,2,Low Activity,567.431,139.38111547360592,344.935,-439.61
0,21.93,53.17,113.83,550.76,482.05,707.23,671.412,599.71,1,High Activity,615.1005,99.32796323795229,332.295,-436.93
3,22.71,46.2,111.94,588.13,449.6,733.1,689.494,622.89,1,High Activity,623.771,124.64436926980162,350.03499999999997,-476.19
3,22.89,45.82,115.85,587.07,458.41,877.37,694.65,623.49,1,Moderate Activity,663.48,173.56401892865543,351.46000000000004,-471.22
3,23.07,45.51,123.67,591.48,468.51,734.19,682.82,614.68,1,Low Activity,625.05,115.26956956051616,357.575,-467.81
3,22.92,45.87,117.44,586.83,455.8,731.9,687.21,619.83,1,High Activity,623.6850000000001,121.0318774813754,352.135,-469.39000000000004
3,23.56,44.58,125.27,587.55,453.31,732.36,681.23,628.92,1,High Activity,623.955,121.34858452683602,356.40999999999997,-462.28
2,18.42,45.63,66.81,608.8,584.69,788.12,745.84,697.09,0,Moderate Activity,703.9350000000001,87.76743378573472,337.80499999999995,-541.99
2,16.85,47.84,89.66,600.18,512.03,764.68,734.01,668.54,1,Moderate Activity,669.815,112.57308455695201,344.91999999999996,-510.52
3,24.26,43.34,116.79,585.83,460.02,736.66,893.04,612.65,1,Moderate Activity,675.5925,183.88938330329643,351.31,-469.04
3,23.56,44.93,126.53,582.72,458.97,732.4,689.708,628.98,1,High Activity,627.5145,120.10883359547981,354.625,-456.19000000000005
3,23.46,46.11,115.17,593.09,413.89,715.45,700.78,602.9,1,Moderate Activity,608.255,138.87413114039634,354.13,-477.92
3,23.21,45.83,122.15,578.93,468.75,723.14,678.35,613.82,1,High Activity,621.015,110.98530848720475,350.53999999999996,-456.78
3,23.08,47.87,160.53,575.37,438.13,711.42,662.4799999999999,578.71,2,Low Activity,597.685,119.65490782523992,367.95,-414.84000000000003
0,19.85,54.78,124.42,578.93,476.43,698.98,633.38,560.03,2,Moderate Activity,592.2049999999999,95.80424920986891,351.67499999999995,-454.50999999999993
3,23.69,46.68,142.71,578.89,439.38,699.16,654.11,578.04,2,Low Activity,592.6725,113.76416347719814,360.8,-436.17999999999995
2,19.07,55.38,94.39,560.44,514.47,741.72,691.2,636.52,0,Low Activity,645.9775,97.6308825372382,327.415,-466.05000000000007
3,23.65,46.12,134.45,588.05,463.64,723.62,676.25,604.43,2,Low Activity,616.985,113.36619205036394,361.25,-453.59999999999997
3,23.61,45.71,133.88,585.02,450.37,714.69,700.324,598.74,2,Low Activity,616.031,121.90358722094004,359.45,-451.14
2,22.62,46.1,100.75,597.57,485.42,736.94,695.896,625.67,1,Moderate Activity,635.9815,110.38939916948549,349.16,-496.82000000000005
0,19.63,48.02,120.14,582.5,461.74,737.55,514.76,616.79,1,Moderate Activity,582.71,121.63855666139195,351.32,-462.36
3,23.3,46.29,125.42,575.78,443.63,815.78,673.83,609.81,2,Low Activity,635.7624999999999,154.31986767209636,350.59999999999997,-450.35999999999996
0,20.44,55.18,108.07,597.21,438.53,708.26,635.63,563.89,2,Low Activity,586.5775,114.95733045352088,352.64,-489.14000000000004
3,23.3,46.05,129.49,579.8,432.5,728.42,674.71,604.02,2,Low Activity,609.9125,128.77973478644327,354.645,-450.30999999999995
3,23.1,46.37,121.01,584.25,450.32,723.29,670.77,613.5,2,Low Activity,614.47,118.26192089313166,352.63,-463.24
3,22.56,47.13,123.66,580.28,443.15,717.43,657.94,613.55,2,Low Activity,608.0174999999999,117.86327145609583,351.96999999999997,-456.62
3,22.57,46.89,125.7,587.61,445.05,723.3,675.99,597.72,2,High Activity,610.515,121.86031634621665,356.65500000000003,-461.91
3,22.64,46.45,123.57,583.25,450.78,722.92,685.238,620.16,2,Low Activity,619.7745,120.39345724609237,353.40999999999997,-459.68
3,22.33,46.62,128.04,578.93,462.34,722.39,674.12,606.07,2,Low Activity,616.23,113.14674159397315,353.48499999999996,-450.89
2,16.61,43.59,57.54,575.17,613.59,798.1,803.82,719.12,0,High Activity,733.6575,88.88786132913012,316.35499999999996,-517.63
3,25.11,50.11,144.78,558.43,453.19,577.59,667.75,599.48,2,Low Activity,574.5025,89.52695511222677,351.60499999999996,-413.65
3,22.1,47.37,120.64,578.14,442.87,568.66,667.41,592.3,2,Low Activity,567.81,93.32853475759703,349.39,-457.5
2,20.8,49.26,106.95,591.44,511.22,747.22,883.55,636.5,1,Moderate Activity,694.6225,158.6135757903465,349.19500000000005,-484.49000000000007
3,21.48,49.07,120.28,582.69,449.98,701.29,640.61,567.86,2,Low Activity,589.9350000000001,108.07805713156269,351.485,-462.4100000000001
3,21.04,49.47,118.67,588.34,445.12,689.66,849.28,542.86,2,Low Activity,631.73,176.45117965034973,353.505,-469.67
3,20.91,49.66,118.71,583.57,441.23,693.44,667.452,535.06,2,Low Activity,584.2955,117.92567874583835,351.14000000000004,-464.86000000000007
1,19.19,56.1,142.96,580.11,469.58,717.72,669.85,604.04,1,Moderate Activity,615.2975,107.74455109965734,361.535,-437.15
3,20.6,50.38,114.2,581.42,442.3,695.9,619.97,551.38,2,Low Activity,577.3875,107.67776724251544,347.81,-467.21999999999997
3,22.04,44.66,112.97,582.97,459.42,719.6,677.6,603.93,2,Low Activity,615.1374999999999,114.29133194749869,347.97,-470.0
0,18.34,53.86,120.08,583.88,505.88,725.79,696.16,612.91,1,Moderate Activity,635.185,98.56161406281181,351.98,-463.8
3,20.27,50.6,119.69,590.17,454.96,707.54,624.99,562.88,2,Low Activity,587.5925,106.43944048925974,354.92999999999995,-470.47999999999996
3,22.19,51.45,126.24,549.43,456.33,704.44,637.28,571.11,2,Low Activity,592.29,105.72832575363459,337.835,-423.18999999999994
1,19.78,53.98,123.61,569.25,484.25,733.43,687.09,638.32,1,Low Activity,635.7725,108.22204161660721,346.43,-445.64
3,19.94,51.2,126.08,583.12,451.23,707.4,645.13,566.66,2,Low Activity,592.605,110.44878345489671,354.6,-457.04
3,20.01,50.77,118.6,591.04,458.65,709.94,612.702,568.94,2,High Activity,587.558,104.20089098787338,354.82,-472.43999999999994
3,22.43,48.32,119.43,588.78,489.87,722.73,673.18,603.42,1,Moderate Activity,622.3,100.94407461560088,354.105,-469.34999999999997
1,19.04,57.21,143.08,567.26,424.93,724.3,683.5,605.36,1,Low Activity,609.5225,132.58740824452371,355.17,-424.17999999999995
2,16.64,45.29,61.35,611.93,616.56,791.37,759.54,710.31,0,Moderate Activity,719.4449999999999,76.26617008870973,336.64,-550.5799999999999
0,19.97,50.81,121.95,581.19,459.18,718.36,645.06,576.67,2,Low Activity,599.8175,110.17247277942586,351.57000000000005,-459.24000000000007
0,19.73,51.04,118.8,583.39,451.82,713.94,642.48,570.57,2,Low Activity,594.7025,111.80050279403937,351.09499999999997,-464.59
0,19.71,51.01,120.75,585.59,470.32,725.45,654.7,576.92,2,Low Activity,606.8475,109.3798096466315,353.17,-464.84000000000003
0,19.65,52.39,113.43,558.24,480.21,719.68,677.77,606.81,1,Moderate Activity,621.1175,104.85497965444146,335.83500000000004,-444.81
0,19.65,51.05,126.74,588.86,469.34,712.4,663.7700000000001,574.54,2,Low Activity,605.0125,106.95812182812489,357.8,-462.12
3,24.37,52.12,119.99,535.76,462.55,694.18,639.724,569.25,2,Low Activity,591.426,99.98646520404647,327.875,-415.77
1,19.64,59.18,125.47,578.93,474.51,664.86,578.3019999999999,521.1,2,Low Activity,559.693,81.9592498501542,352.2,-453.4599999999999
3,21.18,45.25,107.2,586.57,461.58,719.49,681.67,619.02,1,Low Activity,620.4399999999999,113.72266176976338,346.88500000000005,-479.37000000000006
0,19.37,51.23,122.84,588.48,461.82,726.9,662.3660000000001,589.58,1,Moderate Activity,610.1665,113.69841081709689,355.66,-465.64
3,22.85,50.61,106.12,600.94,406.67,681.58,607.13,514.54,1,Low Activity,552.48,118.81839391833799,353.53000000000003,-494.82000000000005
0,19.09,51.64,126.12,596.28,478.36,606.92,667.47,598.77,1,Moderate Activity,587.88,79.18398870142035,361.2,-470.15999999999997
0,19.11,51.55,123.57,578.93,485.6,731.21,666.32,601.35,1,Moderate Activity,621.12,104.75267920201375,351.25,-455.35999999999996
0,19.14,50.07,111.6,587.73,384.44,724.93,838.06,541.88,1,Low Activity,622.3275,200.10834355002126,349.665,-476.13
3,23.44,43.16,90.41,612.14,502.81,744.85,703.2,635.23,1,Moderate Activity,646.5225,105.92676632938439,351.275,-521.73
0,18.89,51.75,130.92,593.72,477.29,729.84,683.164,612.05,1,Moderate Activity,625.586,110.08943260216518,362.32,-462.80000000000007
0,18.83,51.9,119.81,589.41,470.6,727.89,682.0240000000001,602.95,1,Moderate Activity,620.866,112.6873127315878,354.61,-469.59999999999997
0,18.88,51.67,123.87,588.73,482.44,732.39,672.25,601.85,1,High Activity,622.2325,107.38375804406674,356.3,-464.86
0,18.87,51.69,130.02,589.8,481.31,738.32,670.0,594.87,1,Low Activity,621.125,110.09237469809919,359.90999999999997,-459.78
0,18.73,51.99,117.61,578.93,485.45,734.88,665.59,614.4,1,Moderate Activity,625.08,105.36871673635714,348.27,-461.31999999999994
0,18.8,51.81,129.23,587.42,476.72,736.78,678.95,607.84,1,Low Activity,625.0725,112.08147910486072,358.325,-458.18999999999994
0,18.8,51.69,128.21,592.93,487.96,734.02,673.8039999999999,598.96,1,Moderate Activity,623.6859999999999,106.01623717148235,360.57,-464.7199999999999
0,18.74,51.82,123.16,583.03,474.89,730.48,673.15,609.1,1,High Activity,621.905,109.83617937637854,353.09499999999997,-459.87
0,18.74,51.81,124.68,578.93,494.87,728.22,667.59,615.2,1,Moderate Activity,626.47,99.14549880520715,351.80499999999995,-454.24999999999994
0,18.71,51.81,121.67,587.99,474.53,735.83,683.01,612.98,1,High Activity,626.5875000000001,113.1725374152228,354.83,-466.32
0,18.56,52.17,127.41,590.58,494.47,738.82,676.51,618.72,1,Low Activity,632.13,104.05518439751091,358.995,-463.1700000000001
1,18.04,44.95,78.14,597.28,460.37,767.22,757.916,666.29,1,Moderate Activity,662.9490000000001,142.52553695390873,337.71,-519.14
1,19.47,50.61,86.23,579.3,417.79,733.06,863.52,594.35,2,Low Activity,652.18,191.04026713409573,332.765,-493.06999999999994
0,21.46,55.58,124.66,547.03,445.68,709.79,663.86,594.27,1,Low Activity,603.4,115.37359461043646,335.84499999999997,-422.37
0,18.59,51.83,118.09,589.09,466.02,735.67,677.6,616.84,1,Moderate Activity,624.0325,115.97713952183278,353.59000000000003,-471.0
0,18.36,52.4,122.16,589.45,492.75,739.41,678.38,607.77,1,High Activity,629.5775,105.89648070167392,355.805,-467.2900000000001
0,18.55,51.96,120.87,592.41,480.87,735.06,715.47,612.35,1,Moderate Activity,635.9375,116.5518314956912,356.64,-471.53999999999996
0,18.59,51.77,132.07,593.77,479.19,739.16,699.776,621.66,1,High Activity,634.9464999999999,114.74600360070642,362.91999999999996,-461.7
0,18.57,51.85,120.12,578.93,479.94,741.89,902.13,611.81,1,Moderate Activity,683.9425,180.5397606022932,349.525,-458.80999999999995
0,18.55,51.93,119.5,589.16,491.97,738.82,682.21,622.32,1,Moderate Activity,633.83,105.86196074763274,354.33,-469.65999999999997
0,18.49,51.98,124.74,588.99,496.26,730.87,820.42,610.57,1,Moderate Activity,664.5300000000001,141.33784843416854,356.865,-464.25
3,22.97,50.09,126.7,550.38,486.48,842.27,648.4,567.44,2,Low Activity,636.1475,152.48791195260907,338.54,-423.68
0,18.8,50.46,111.79,588.58,405.33,721.34,652.34,577.72,1,Low Activity,589.1825000000001,135.8769115474247,350.185,-476.79
0,18.17,52.64,124.07,587.41,487.32,735.75,680.94,620.02,1,Low Activity,631.0074999999999,106.81926897802663,355.74,-463.34
0,18.14,52.76,131.36,587.82,493.23,740.38,676.76,609.6,1,Moderate Activity,629.9925000000001,105.66051718436108,359.59000000000003,-456.46000000000004
0,22.73,54.0,118.4,554.02,465.29,705.0,650.708,583.84,1,Low Activity,601.2095,103.27694063858914,336.21,-435.62
0,18.16,52.5,123.73,583.66,486.55,737.99,686.8,620.52,1,Moderate Activity,632.9649999999999,108.81281802557392,353.695,-459.92999999999995
0,18.07,52.71,123.75,590.52,481.75,751.61,659.272,624.25,1,Moderate Activity,629.2205,112.03353159210863,357.135,-466.77
0,18.15,52.49,129.47,588.99,495.55,743.71,723.008,624.61,1,Moderate Activity,646.7195,113.38450811729088,359.23,-459.52
1,18.83,48.59,92.11,559.53,528.37,761.27,712.61,674.71,1,Low Activity,669.24,100.37389368423112,325.82,-467.41999999999996
0,18.11,52.49,125.89,586.58,481.84,746.67,688.05,614.13,1,Moderate Activity,632.6725,114.24588231091745,356.235,-460.69000000000005
2,18.19,46.02,63.33,629.47,589.61,790.76,762.79,700.05,0,Moderate Activity,710.8025,89.25458022794496,346.40000000000003,-566.14
0,19.25,51.39,110.38,578.93,473.77,746.14,703.44,623.67,1,High Activity,636.755,119.92677613166018,344.655,-468.54999999999995
3,22.37,45.07,118.45,584.58,439.68,846.73,687.85,623.41,2,Moderate Activity,649.4175,168.39981064419285,351.51500000000004,-466.13000000000005
1,18.19,52.22,119.93,589.53,495.47,751.48,702.058,629.37,1,Moderate Activity,644.5945,111.34999751983231,354.73,-469.59999999999997
3,23.89,50.35,150.06,578.93,391.55,675.49,639.98,552.62,2,Low Activity,564.91,126.58090298303294,364.495,-428.86999999999995
1,18.09,52.33,119.1,588.06,488.96,742.69,694.44,629.97,1,High Activity,639.0150000000001,110.17977930031749,353.58,-468.9599999999999
1,18.01,52.46,124.34,590.56,480.14,743.1,698.78,629.55,1,High Activity,637.8924999999999,115.08164388091323,357.45,-466.2199999999999
1,17.56,42.44,58.01,632.77,625.32,801.98,712.63,733.14,0,Low Activity,718.2675,72.80108303910502,345.39,-574.76
3,24.02,51.1,107.22,546.26,464.27,701.15,894.33,589.45,2,Low Activity,662.3,182.45569946336747,326.74,-439.03999999999996
1,17.81,52.91,120.52,590.56,494.87,741.87,696.06,621.29,1,Low Activity,638.5225,107.89542695746346,355.53999999999996,-470.03999999999996
1,18.43,50.55,78.12,595.1,518.47,749.39,706.99,650.86,2,Low Activity,656.4275,100.43548787654689,336.61,-516.98
2,21.77,45.47,80.56,567.13,527.15,756.06,706.95,656.69,1,Low Activity,661.7125000000001,98.45502200666725,323.845,-486.57
1,17.93,52.58,123.05,589.05,482.69,749.44,660.568,626.0,1,Moderate Activity,629.6745000000001,110.92960008191383,356.04999999999995,-465.99999999999994
2,20.55,45.02,104.64,588.5,405.47,754.27,700.67,639.31,1,Moderate Activity,624.93,153.66072931407467,346.57,-483.86
3,23.59,44.18,104.22,603.82,494.3,736.44,696.15,622.0,1,Low Activity,637.2225,106.41918385172228,354.02000000000004,-499.6
3,23.85,48.65,15.68,549.69,438.25,652.38,574.24,509.47,2,Low Activity,543.585,91.35165844143171,282.685,-534.0100000000001
1,17.9,52.42,119.17,592.44,488.49,748.72,697.49,629.75,1,High Activity,641.1125,112.81331256401732,355.805,-473.27000000000004
1,17.85,52.55,119.07,589.52,490.25,755.0,525.13,622.25,1,Low Activity,598.1575,118.54262619412478,354.29499999999996,-470.45
1,19.37,57.36,116.61,598.11,474.23,733.77,680.17,611.96,2,Low Activity,625.0325,112.21448521321418,357.36,-481.5
1,17.89,52.39,121.79,594.77,492.56,749.52,704.4739999999999,639.63,1,Low Activity,646.5459999999999,112.12911770514086,358.28,-472.97999999999996
2,23.2,51.39,115.81,548.13,457.08,682.13,636.61,566.7,3,Low Activity,585.6300000000001,97.97050202314301,331.97,-432.32
1,18.0,51.97,118.93,588.47,483.71,759.72,694.54,628.79,1,Moderate Activity,641.69,118.10771044545173,353.70000000000005,-469.54
1,17.88,52.33,121.57,591.29,476.56,748.2,695.11,627.52,1,Moderate Activity,636.8475,117.71856703596083,356.42999999999995,-469.71999999999997
1,17.81,52.52,119.94,592.4,493.01,754.68,706.43,633.24,1,High Activity,646.8399999999999,114.06001724238573,356.16999999999996,-472.46
0,20.74,51.32,129.4,584.56,415.59,709.68,668.8520000000001,580.86,1,Low Activity,593.7455,130.36770167875173,356.97999999999996,-455.15999999999997
1,17.58,53.14,127.18,584.32,484.08,752.68,697.93,636.28,1,High Activity,642.7425000000001,115.97049463117762,355.75,-457.14000000000004
1,19.16,55.82,110.34,551.04,505.04,710.58,628.104,593.53,2,Low Activity,609.3135,85.10790912521979,330.69,-440.69999999999993
1,19.75,59.11,130.69,547.42,479.58,691.4,628.23,570.09,2,Low Activity,592.325,90.02009942229569,339.05499999999995,-416.72999999999996
0,20.68,51.09,109.64,559.97,434.46,722.43,673.8,598.56,2,Low Activity,607.3125,125.99896755529387,334.805,-450.33000000000004
1,16.63,48.26,94.93,605.17,536.36,764.83,718.32,672.66,1,Moderate Activity,673.0425,98.5854101359155,350.04999999999995,-510.23999999999995
1,16.04,43.39,66.6,619.78,623.17,801.26,765.642,716.62,0,Low Activity,726.673,77.23500361019393,343.19,-553.18
1,16.41,45.41,81.04,618.43,567.87,778.76,739.7,695.65,1,Moderate Activity,695.495,91.60659892533215,349.73499999999996,-537.39
1,16.43,44.94,76.31,614.6,575.8,790.98,764.99,700.98,1,Moderate Activity,708.1875,96.01999839443172,345.45500000000004,-538.29
3,23.06,48.08,105.85,559.81,459.75,734.49,656.586,626.82,1,Moderate Activity,619.4115,115.71759455242751,332.83,-453.9599999999999
3,23.86,50.55,158.85,546.53,437.34,715.78,661.28,600.17,1,Low Activity,603.6424999999999,120.50654211148317,352.69,-387.67999999999995
1,16.18,44.17,69.05,618.32,593.01,797.64,767.99,707.13,0,Moderate Activity,716.4425000000001,90.50319234701061,343.685,-549.2700000000001
1,16.12,43.75,68.8,621.27,600.99,798.33,779.03,709.75,0,Moderate Activity,722.0250000000001,89.20420374997283,345.03499999999997,-552.47
1,16.14,43.72,68.44,622.64,600.04,795.59,780.55,720.18,0,Moderate Activity,724.09,88.88882981942484,345.53999999999996,-554.2
0,17.25,53.73,122.82,593.95,505.85,752.03,718.3,671.07,0,Moderate Activity,661.8125,109.14827479931445,358.385,-471.13000000000005
1,16.12,43.47,68.84,626.37,598.98,802.31,765.4040000000001,723.3,0,Moderate Activity,722.4984999999999,88.4462543148851,347.605,-557.53
0,19.14,46.45,112.52,585.94,461.81,720.59,678.75,604.91,3,Low Activity,616.515,113.68540495595731,349.23,-473.4200000000001
1,16.28,43.56,71.99,620.57,597.28,796.85,768.136,719.26,0,Moderate Activity,720.3815,88.09684221923055,346.28000000000003,-548.58
1,16.33,43.67,65.65,615.19,596.63,795.35,769.44,708.88,0,Moderate Activity,717.575,88.39725655622277,340.42,-549.5400000000001
1,16.07,44.14,67.5,618.64,616.3,788.58,770.42,719.55,0,Low Activity,723.7125000000001,77.33941357203759,343.07,-551.14
1,16.02,43.63,71.45,619.55,612.02,791.1,784.068,725.18,0,Moderate Activity,728.092,82.8341909439172,345.5,-548.0999999999999
1,15.95,43.52,69.55,618.79,602.99,799.98,800.16,711.28,0,Moderate Activity,728.6025,93.61942902873669,344.16999999999996,-549.24
1,15.98,43.52,64.81,616.75,611.27,797.93,771.64,727.71,0,Low Activity,727.1374999999999,82.49778961685377,340.78,-551.94
1,16.04,43.39,66.6,619.78,623.17,801.26,779.21,716.62,0,Low Activity,730.0649999999999,79.77315358774113,343.19,-553.18
1,15.86,43.73,67.87,622.27,609.01,786.59,761.7,714.97,0,Moderate Activity,718.0675000000001,78.53292488928875,345.07,-554.4
1,15.86,43.8,72.41,618.99,608.97,801.72,770.1,718.26,0,Low Activity,724.7625,84.51455747384588,345.7,-546.58
1,15.85,43.86,72.9,622.87,615.35,802.02,765.81,724.92,0,Moderate Activity,727.025,80.83782716030903,347.885,-549.97
2,20.16,51.22,92.07,607.27,509.53,742.89,707.63,647.2,2,Moderate Activity,651.8125,102.7558421291299,349.66999999999996,-515.2
1,20.2,55.88,129.2,568.51,476.95,717.59,675.41,605.99,1,Low Activity,618.9849999999999,105.27667975387523,348.855,-439.31
3,24.95,46.98,112.58,572.82,406.05,708.31,657.9,591.33,2,Low Activity,590.8974999999999,132.216760756721,342.70000000000005,-460.24000000000007
1,19.1,54.03,103.97,549.41,494.74,720.0,662.942,585.37,2,Low Activity,615.763,97.74373157735828,326.69,-445.43999999999994
2,17.83,49.53,95.03,600.15,496.54,754.07,707.604,634.07,0,Moderate Activity,648.071,112.4538987793072,347.59,-505.12
1,15.47,44.16,61.79,578.93,602.23,797.45,769.8260000000001,722.95,0,Moderate Activity,723.114,86.25701940905064,320.35999999999996,-517.14
1,15.57,44.22,62.98,620.74,620.39,789.29,817.35,713.24,0,Low Activity,735.0674999999999,88.2002609123125,341.86,-557.76
3,23.6,50.5,134.59,567.75,426.87,700.9,649.9399999999999,573.39,2,Low Activity,587.775,119.3860685618999,351.17,-433.15999999999997
1,15.71,44.18,60.72,622.99,615.48,793.31,871.11,716.01,0,Moderate Activity,748.9775,109.22477843877734,341.855,-562.27
2,16.3,42.07,68.97,611.8,579.64,793.85,754.76,714.69,0,Moderate Activity,710.735,93.18055036683712,340.385,-542.8299999999999
3,24.98,53.17,138.37,545.57,402.17,683.67,635.22,551.88,2,High Activity,568.235,123.36571606406699,341.97,-407.20000000000005
2,15.8,45.87,66.74,611.36,610.32,785.05,838.89,711.86,0,Low Activity,736.53,98.94330531504725,339.05,-544.62
2,16.8,44.71,70.36,615.63,602.79,788.77,750.84,691.45,0,Low Activity,708.4625000000001,81.0375416602289,342.995,-545.27
2,16.4,46.84,76.76,611.92,584.61,781.3,758.74,699.39,0,Moderate Activity,706.0099999999999,87.99776777471875,344.34,-535.16
2,16.42,46.09,75.61,616.49,573.52,777.52,745.83,695.16,0,Moderate Activity,698.0074999999999,89.65577704940901,346.05,-540.88
2,16.02,45.37,64.45,578.93,592.4,792.48,757.812,709.7,0,Low Activity,713.098,87.33154704534518,321.69,-514.4799999999999
2,16.57,43.86,60.64,620.02,595.69,783.59,756.97,715.72,0,Moderate Activity,712.9925000000001,83.03682571606406,340.33,-559.38
2,15.98,44.95,63.06,613.71,597.23,795.64,764.06,712.45,0,Low Activity,717.345,87.10907434552,338.385,-550.6500000000001
3,23.35,46.07,128.89,591.96,447.45,717.17,666.29,597.79,2,Low Activity,607.175,117.18025587387436,360.425,-463.07000000000005
2,16.31,44.58,68.49,614.59,584.05,785.96,752.98,698.36,0,Moderate Activity,705.3375,88.560974239974,341.54,-546.1
2,16.07,45.49,73.67,578.93,583.47,789.59,761.41,709.7,0,Low Activity,711.0425,91.25630548990391,326.29999999999995,-505.25999999999993
3,22.96,49.98,102.84,569.26,472.71,729.49,667.4,606.41,1,Low Activity,619.0024999999999,109.71154949077453,336.05,-466.41999999999996
2,18.04,53.88,100.75,560.38,493.87,717.13,639.59,571.88,1,Low Activity,605.6175000000001,95.24510674220137,330.565,-459.63
3,22.99,51.0,136.81,568.92,420.47,694.46,640.16,556.3,2,Low Activity,577.8475000000001,119.32210618741189,352.865,-432.10999999999996
2,16.36,48.43,97.13,598.05,508.12,760.96,674.608,665.4,1,Moderate Activity,652.2719999999999,105.29976531787715,347.59,-500.91999999999996
2,17.9,46.43,96.13,602.66,494.44,752.12,716.03,647.49,1,Moderate Activity,652.52,113.97114751842533,349.395,-506.53
2,17.45,47.52,91.27,608.07,494.03,640.71,711.296,661.76,1,Moderate Activity,626.9490000000001,93.42206700774719,349.67,-516.8000000000001
2,17.54,47.23,92.3,603.17,508.21,757.46,711.04,654.59,1,Moderate Activity,657.825,108.24983895292102,347.73499999999996,-510.86999999999995
2,18.06,47.02,94.81,578.93,445.72,751.75,703.52,633.41,1,High Activity,633.6,134.34676450638224,336.87,-484.11999999999995
0,19.24,51.53,118.11,588.67,466.36,742.86,709.62,641.29,1,High Activity,640.0325,123.26074459589043,353.39,-470.55999999999995
2,17.64,47.38,93.06,599.6,349.71,737.24,691.25,633.55,1,Moderate Activity,602.9375,174.06660705507724,346.33000000000004,-506.54
2,18.23,46.21,96.01,600.63,356.14,743.78,695.57,623.21,1,Moderate Activity,604.6750000000001,172.9405432511417,348.32,-504.62
2,18.13,46.28,94.33,603.08,363.71,734.49,702.1,624.96,2,High Activity,606.315,168.13528174260952,348.70500000000004,-508.75000000000006
2,17.49,47.59,101.88,600.57,378.39,750.98,704.41,635.13,1,Low Activity,617.2275,166.18701360716085,351.225,-498.69000000000005
2,23.2,54.39,134.4,557.39,477.82,673.18,608.9,529.97,2,Low Activity,572.4675,86.09011068835567,345.895,-422.99
2,17.54,47.51,104.44,601.89,368.95,746.65,703.61,632.01,1,Low Activity,612.8050000000001,169.3065514581957,353.16499999999996,-497.45
1,17.52,52.18,124.91,577.62,493.09,750.46,705.46,653.5,1,Moderate Activity,650.6275,112.24889943781189,351.265,-452.71000000000004
2,17.57,47.75,98.1,597.77,382.54,740.33,701.5,633.45,1,High Activity,614.455,160.7966882950848,347.935,-499.66999999999996
2,17.54,47.81,96.42,599.9,393.99,738.02,705.31,632.82,1,Low Activity,617.535,155.37812383558588,348.15999999999997,-503.47999999999996
3,24.39,47.36,139.78,578.93,483.59,702.86,656.56,553.64,2,Low Activity,599.1625,99.12440882547548,359.35499999999996,-439.15
3,23.47,49.3,131.28,542.69,507.94,731.67,693.57,616.59,1,Low Activity,637.4425,98.71650026717924,336.985,-411.4100000000001
0,21.7,53.29,123.8,557.1,442.74,698.6,658.2239999999999,581.34,3,Low Activity,595.226,112.6938819279911,340.45,-433.3
2,17.14,49.82,98.01,599.27,375.76,740.75,688.48,610.38,2,Moderate Activity,603.8425,161.21573090634385,348.64,-501.26
2,23.62,51.61,116.01,541.89,505.13,707.0,671.1,593.34,2,Low Activity,619.1425,89.59750977752302,328.95,-425.88
1,18.7,49.82,78.56,602.72,559.89,767.14,735.294,682.26,0,Low Activity,686.146,91.16145470537425,340.64,-524.1600000000001
3,23.79,50.12,103.98,547.33,428.52,725.96,655.7099999999999,583.05,2,Low Activity,598.31,127.34571606457753,325.65500000000003,-443.35
3,23.18,51.38,135.44,568.59,420.72,668.83,571.08,535.74,2,Moderate Activity,549.0925,102.4342180377241,352.015,-433.15000000000003
0,18.76,56.18,108.04,597.05,489.08,740.63,725.552,631.21,1,Moderate Activity,646.618,115.64955743970663,352.54499999999996,-489.00999999999993
0,21.85,56.63,125.6,551.86,460.5,700.33,663.73,598.92,2,Low Activity,605.87,105.59547117813972,338.73,-426.26
2,19.28,46.56,97.23,599.52,394.07,752.89,707.91,652.45,2,High Activity,626.8299999999999,160.51863027906344,348.375,-502.28999999999996
2,19.61,46.03,105.49,598.27,401.86,746.7,704.55,640.86,2,Moderate Activity,623.4925,154.02705549675355,351.88,-492.78
2,19.67,46.28,99.05,578.93,404.62,749.64,702.6600000000001,631.43,2,Moderate Activity,622.0875,152.90625000851557,338.98999999999995,-479.87999999999994
2,19.82,52.8,94.23,574.86,474.39,738.15,696.92,619.96,1,Moderate Activity,632.355,116.14330013679938,334.545,-480.63
2,20.64,44.92,100.79,597.35,424.85,742.65,702.616,646.94,1,Moderate Activity,629.264,141.81493253767977,349.07,-496.56
2,21.3,43.55,104.82,591.76,417.33,747.89,698.95,635.17,1,Low Activity,624.835,145.8317563724262,348.28999999999996,-486.94
2,21.71,46.69,155.32,578.88,405.15,729.28,685.84,621.58,2,Low Activity,610.4625,143.84735807445335,367.1,-423.56
2,21.14,49.38,156.23,577.18,413.74,736.56,696.56,616.44,2,Low Activity,615.825,143.6822952442877,366.705,-420.94999999999993
3,24.59,46.94,109.75,581.07,452.74,713.07,677.79,606.97,2,Low Activity,612.6424999999999,115.37022474769361,345.41,-471.32000000000005
2,20.76,52.23,160.94,575.92,401.45,722.32,682.23,607.79,2,Low Activity,603.4475,142.7809521318116,368.42999999999995,-414.97999999999996
0,17.57,53.04,112.91,586.61,492.09,759.01,710.57,656.97,0,Moderate Activity,654.6600000000001,116.11659600016989,349.76,-473.70000000000005
3,20.7,49.22,132.21,585.61,401.13,731.32,699.32,616.78,2,Moderate Activity,612.1375,148.71782506366435,358.91,-453.4
2,17.09,45.15,52.19,580.48,598.78,799.91,764.11,724.86,0,Low Activity,721.9150000000001,87.62522334731403,316.33500000000004,-528.29
2,23.48,51.73,183.74,511.31,341.71,652.33,537.37,447.06,4,Low Activity,494.61749999999995,132.09015642734323,347.525,-327.57
0,19.77,52.94,137.84,582.7,436.86,732.83,688.44,599.66,1,Moderate Activity,614.4475,130.69722857939007,360.27000000000004,-444.86
3,22.31,43.82,108.85,589.86,427.66,752.45,714.02,644.08,1,Low Activity,634.5525,145.04043559757167,349.355,-481.01
3,22.32,43.8,108.22,591.58,422.67,743.15,707.26,629.08,1,High Activity,625.54,143.3864696080724,349.90000000000003,-483.36
3,22.25,43.91,115.24,593.89,433.35,745.19,689.9,635.72,1,High Activity,626.04,136.01220606989654,354.565,-478.65
3,21.58,45.55,103.8,595.86,416.92,738.2,698.03,628.49,1,Low Activity,620.4100000000001,143.03008424803502,349.83,-492.06
3,21.24,46.48,112.65,593.52,426.62,731.74,729.254,631.0,1,Moderate Activity,629.6535,143.2553992781191,353.085,-480.87
3,21.72,45.7,110.29,596.85,432.49,863.59,700.61,625.9,1,High Activity,655.6475,178.83502013028658,353.57,-486.56
3,21.92,45.31,109.12,590.96,424.42,744.68,697.328,628.67,1,Moderate Activity,623.7745,141.17889346853514,350.04,-481.84000000000003
2,19.02,53.29,101.36,577.21,466.72,869.73,699.2,635.69,1,Moderate Activity,667.835,166.55919718426438,339.285,-475.85
0,20.91,52.85,98.26,550.4,489.9,729.43,663.16,606.88,1,Low Activity,622.3425,101.51174919682941,324.33,-452.14
3,22.25,45.07,112.97,594.6,420.36,733.52,691.25,631.06,1,Moderate Activity,619.0475,138.97023311366598,353.785,-481.63
3,22.36,44.87,118.28,595.12,434.37,737.56,695.77,640.53,1,High Activity,627.0574999999999,134.46460634060298,356.7,-476.84000000000003
3,22.63,44.08,112.85,590.49,435.86,744.25,861.66,638.96,1,Moderate Activity,670.1825,180.7682734654139,351.67,-477.64
1,16.85,53.91,118.02,579.77,480.75,723.91,680.29,606.62,2,High Activity,622.8924999999999,106.40847847641963,348.895,-461.75
0,19.16,50.29,126.83,592.69,459.51,883.87,699.548,650.61,1,High Activity,673.3845,174.40341552752534,359.76000000000005,-465.86000000000007
3,22.13,45.46,114.29,596.79,442.59,737.49,567.68,634.7,1,Moderate Activity,595.615,123.6300498800083,355.53999999999996,-482.49999999999994
0,19.68,52.39,119.03,584.82,444.09,704.24,666.27,572.51,2,Low Activity,596.7774999999999,115.87317877029754,351.925,-465.7900000000001
3,22.64,44.86,109.88,591.63,441.7,741.89,697.9119999999999,633.74,1,High Activity,628.8105,132.4092516946355,350.755,-481.75
3,23.09,46.4,118.25,587.1,429.26,720.74,684.84,616.59,2,Moderate Activity,612.8575000000001,129.79739041418873,352.675,-468.85
2,20.13,49.4,75.98,619.5,443.36,763.48,728.99,651.98,2,Low Activity,646.9525000000001,143.5084102936131,347.74,-543.52
3,22.13,46.34,106.42,590.29,361.88,682.51,586.256,513.79,2,Low Activity,536.1089999999999,135.15652236327085,348.35499999999996,-483.86999999999995
3,23.0,44.4,121.64,578.93,429.81,735.0,698.54,640.34,1,Moderate Activity,625.9225,136.42968796538872,350.28499999999997,-457.28999999999996
2,22.71,54.14,115.97,552.57,476.88,698.54,467.39,573.85,1,Low Activity,554.165,107.60190782075689,334.27000000000004,-436.6
3,21.75,46.54,115.48,587.37,428.27,744.3,695.18,637.87,1,Moderate Activity,626.405,139.0661186869996,351.425,-471.89
1,17.85,51.54,125.82,585.8,499.71,749.8,711.81,639.17,1,Moderate Activity,650.1225,110.27968848190795,355.80999999999995,-459.97999999999996
3,21.69,46.89,106.04,595.13,422.1,742.64,693.01,629.26,1,High Activity,621.7525,140.95968959836236,350.585,-489.09
1,17.79,55.07,127.08,585.29,477.88,743.26,667.756,643.76,1,Moderate Activity,633.164,111.86767711899626,356.185,-458.21
0,21.96,56.0,135.08,557.94,407.31,700.59,601.4559999999999,564.55,2,Low Activity,568.4765,121.83552085633045,346.51000000000005,-422.86
3,21.2,47.36,110.13,586.7,429.84,745.69,699.506,635.85,1,High Activity,627.7215,139.39481337433855,348.415,-476.57000000000005
0,19.82,57.01,114.43,597.88,448.9,730.96,683.49,605.58,3,Moderate Activity,617.2325000000001,123.55243404455186,356.155,-483.45
1,19.5,50.25,87.39,608.69,503.5,761.0,711.608,649.58,0,Moderate Activity,656.422,111.67512962159478,348.04,-521.3000000000001
0,21.7,53.97,144.98,553.49,328.22,665.37,547.48,522.37,2,Low Activity,515.86,139.76672732330348,349.235,-408.51
1,18.52,53.48,96.94,566.48,472.83,712.29,694.75,588.34,2,Low Activity,617.0525,110.65203729861159,331.71000000000004,-469.54
3,21.02,47.54,111.23,578.93,412.69,737.58,693.65,642.02,1,Moderate Activity,621.485,144.57163679873958,345.08,-467.69999999999993
3,21.12,47.39,115.54,578.93,427.22,739.45,693.358,646.06,1,Low Activity,626.5219999999999,138.23024841184363,347.23499999999996,-463.38999999999993
3,21.03,47.57,113.11,593.72,435.42,558.73,900.51,635.01,1,Low Activity,632.4175,196.73855093753232,353.415,-480.61
3,22.68,49.51,105.81,556.51,466.77,730.55,690.6,632.46,1,Low Activity,630.095,116.09293820039184,331.15999999999997,-450.7
3,20.61,48.58,110.16,585.32,423.35,743.17,701.16,636.58,1,Moderate Activity,626.0649999999999,142.07600841333718,347.74,-475.1600000000001
3,20.21,49.47,115.8,587.55,426.48,738.17,695.938,636.18,1,Moderate Activity,624.192,138.28981655446165,351.67499999999995,-471.74999999999994
3,20.21,49.16,114.16,591.92,431.99,744.04,702.66,632.89,1,High Activity,627.895,138.4234870485015,353.03999999999996,-477.76
3,20.19,49.11,117.47,586.61,433.8,885.28,695.09,643.18,1,Low Activity,664.3375,185.61293352475914,352.04,-469.14
3,20.16,49.11,116.37,578.93,426.37,738.27,696.76,630.77,1,Moderate Activity,623.0425,138.38525099036627,347.65,-462.55999999999995
3,20.15,48.97,117.95,583.8,436.73,744.4,698.9,640.62,1,Low Activity,630.1625,135.77007730596114,350.875,-465.84999999999997
0,22.2,54.12,130.23,565.44,427.83,691.38,623.03,562.09,2,Low Activity,576.0825,112.05976839020624,347.83500000000004,-435.21000000000004
2,18.81,57.26,98.76,558.64,482.53,731.18,701.55,628.0,1,Moderate Activity,635.815,111.01492227023655,328.7,-459.88
2,15.62,46.32,84.19,578.93,564.05,556.12,719.4760000000001,659.08,1,Low Activity,624.6815,78.62593318365137,331.55999999999995,-494.73999999999995
0,19.48,49.65,120.16,588.55,451.73,745.5,702.33,647.62,1,High Activity,636.795,129.71487719867244,354.35499999999996,-468.39
2,20.09,50.8,101.45,585.13,405.07,707.22,648.498,573.86,2,Low Activity,583.662,130.9726026414176,343.29,-483.68
0,19.41,49.76,120.26,589.24,470.32,747.32,717.16,654.2,1,Low Activity,647.25,124.16915934858115,354.75,-468.98
0,19.16,50.25,118.72,578.93,446.36,743.05,699.5,652.71,1,Moderate Activity,635.405,131.31779531604488,348.825,-460.2099999999999
1,18.66,56.55,128.61,572.95,459.86,633.8,679.98,612.51,2,Low Activity,596.5374999999999,95.37121241933193,350.78000000000003,-444.34000000000003
0,20.3,56.58,113.06,596.81,433.11,730.64,677.3,614.73,3,Low Activity,613.9449999999999,129.52926631975234,354.93499999999995,-483.74999999999994
2,18.57,52.64,107.02,578.93,498.56,756.88,700.8,651.79,1,Low Activity,652.0074999999999,110.94312638314582,342.97499999999997,-471.90999999999997
0,18.82,50.92,122.22,587.89,486.67,750.8,710.9040000000001,643.65,1,Moderate Activity,648.0060000000001,116.2913646435825,355.055,-465.66999999999996
0,18.85,50.81,124.8,578.93,470.29,749.56,708.6360000000001,649.51,1,High Activity,644.499,123.18719399353164,351.86499999999995,-454.12999999999994
0,18.9,50.64,122.11,591.17,462.36,745.34,705.08,659.65,1,Moderate Activity,643.1075000000001,125.47959711310308,356.64,-469.05999999999995
0,18.7,51.08,125.07,591.19,469.64,750.74,710.48,647.22,1,High Activity,644.52,124.12858172073024,358.13,-466.12000000000006
0,18.71,50.99,122.23,578.93,479.2,750.49,708.35,647.88,1,Low Activity,646.48,119.20645312510003,350.58,-456.69999999999993
0,20.71,51.72,102.97,549.79,479.71,745.81,712.33,634.85,1,Moderate Activity,643.175,118.47147209349599,326.38,-446.81999999999994
0,18.62,51.04,123.91,591.49,473.05,752.02,714.07,643.03,1,Low Activity,645.5425,123.54951972792125,357.7,-467.58000000000004
0,18.61,51.14,118.0,589.39,481.3,754.17,705.21,655.81,1,Moderate Activity,649.1225,118.86953503035726,353.695,-471.39
1,17.65,45.72,61.83,626.75,605.24,803.35,766.43,707.24,0,Moderate Activity,720.565,86.4761348581214,344.29,-564.92
0,18.46,51.35,129.11,589.36,486.66,752.51,715.59,645.19,1,Moderate Activity,649.9875000000001,117.63423435236302,359.235,-460.25
1,18.9,56.01,119.84,598.43,511.19,740.97,696.758,622.74,1,Moderate Activity,642.9145000000001,100.45290426032159,359.135,-478.5899999999999
0,18.14,52.12,119.49,587.52,467.6,742.65,700.026,633.27,1,Low Activity,635.8865,120.88494881084242,353.505,-468.03
3,20.36,45.5,98.84,596.63,507.04,737.11,692.05,616.56,1,High Activity,638.19,100.58867630106283,347.735,-497.78999999999996
0,18.2,51.9,129.48,592.84,480.84,746.29,704.69,648.74,1,Low Activity,645.14,116.59756286761173,361.16,-463.36
0,20.87,55.28,143.8,566.78,379.73,682.83,649.81,547.97,2,Low Activity,565.085,136.24929345382552,355.28999999999996,-422.97999999999996
0,18.04,52.06,118.79,589.84,486.95,745.62,704.946,644.04,1,High Activity,645.389,113.57527038928855,354.315,-471.05
0,20.88,51.98,104.01,554.88,479.73,738.98,688.19,638.17,1,Low Activity,636.2675,112.1805272392079,329.445,-450.87
0,19.42,56.56,142.71,562.5,403.21,712.38,673.12,595.78,2,Low Activity,596.1225,137.42849204222537,352.605,-419.78999999999996
0,17.97,52.2,124.22,583.09,491.74,756.27,711.79,646.58,0,Low Activity,651.595,115.69941644911898,353.65500000000003,-458.87
0,18.01,52.21,124.13,589.16,477.76,750.36,712.91,663.76,0,Moderate Activity,651.1975,120.94078010194356,356.645,-465.03
0,17.79,52.69,121.76,587.12,480.45,745.4,461.4,652.58,0,Moderate Activity,584.9575,137.2380798405943,354.44,-465.36
2,17.9,44.14,85.49,595.88,511.91,736.18,684.838,610.52,0,Moderate Activity,635.862,97.41434693787835,340.685,-510.39
0,17.53,53.27,126.79,591.84,496.63,754.36,715.7959999999999,657.12,0,Moderate Activity,655.9765,113.505213253254,359.315,-465.05
0,17.6,53.06,128.37,591.02,491.84,750.24,711.43,636.43,0,Low Activity,647.4849999999999,114.01042656997065,359.695,-462.65
1,16.28,50.39,114.4,583.66,504.36,749.12,710.99,645.15,1,Moderate Activity,652.405,107.63510966842247,349.03,-469.26
1,20.41,55.71,130.05,557.7,448.41,710.14,543.36,592.81,2,Low Activity,573.68,108.93295154971854,343.875,-427.65000000000003
0,20.17,53.12,98.85,597.37,456.64,727.82,682.39,594.74,1,High Activity,615.3975,119.38382033731932,348.11,-498.52
1,19.89,57.51,135.04,578.93,438.42,697.85,652.24,584.29,2,Low Activity,593.2,113.24542757509757,356.98499999999996,-443.89
2,19.16,54.17,93.19,583.1,462.72,729.34,845.37,610.91,1,High Activity,662.0849999999999,163.79042513732804,338.145,-489.91
0,17.57,53.04,112.91,586.61,492.09,759.01,714.774,656.97,0,Moderate Activity,655.711,116.80830177688571,349.76,-473.70000000000005
2,17.05,45.16,55.97,577.98,604.08,798.09,770.6,727.9,0,Moderate Activity,725.1675,85.73496423085896,316.975,-522.01
0,17.38,53.51,124.21,591.44,492.67,751.08,712.3979999999999,660.8,0,Moderate Activity,654.237,113.88332776428103,357.82500000000005,-467.2300000000001
2,18.68,53.61,93.59,580.64,429.02,717.72,670.87,596.8,2,High Activity,603.6025,126.58731331245905,337.115,-487.04999999999995
1,17.58,55.02,86.24,604.14,521.1,767.59,897.28,657.32,1,Moderate Activity,710.8225000000001,160.04800620959531,345.19,-517.9
0,20.96,57.52,134.29,578.93,440.83,705.62,658.08,576.25,1,Low Activity,595.195,115.95353969011326,356.60999999999996,-444.64
2,20.1,47.11,76.25,578.93,556.62,780.29,738.78,651.82,1,Moderate Activity,681.8774999999999,99.1897327936045,327.59,-502.67999999999995
1,18.69,53.77,104.93,587.88,489.62,734.83,694.9799999999999,632.88,1,Low Activity,638.0775,107.49509147708403,346.405,-482.95
1,19.53,52.36,105.56,552.76,515.79,753.38,713.25,642.61,1,Moderate Activity,656.2575,104.24058370743455,329.15999999999997,-447.2
1,17.07,53.98,120.96,594.33,500.55,748.82,713.0519999999999,670.73,0,Moderate Activity,658.288,109.89573653847238,357.64500000000004,-473.37000000000006
1,16.96,54.31,126.93,589.19,501.52,757.44,707.766,651.11,0,High Activity,654.4590000000001,110.82760807067285,358.06000000000006,-462.26000000000005
1,20.03,55.13,114.99,559.18,469.28,723.5,681.18,625.71,1,High Activity,624.9175,111.21696164854232,337.085,-444.18999999999994
1,16.95,54.21,121.99,592.07,515.06,757.63,718.33,674.95,0,Low Activity,666.4925000000001,106.45265250335478,357.03000000000003,-470.08000000000004
1,16.98,54.11,117.87,590.26,504.37,761.8,714.66,656.23,0,High Activity,659.265,111.92810862334802,354.065,-472.39
1,18.98,52.92,114.53,580.82,498.33,731.85,685.53,616.11,1,Moderate Activity,632.955,101.5742688873516,347.675,-466.2900000000001
1,16.96,54.09,122.85,593.53,514.39,760.62,717.24,667.5,0,Moderate Activity,664.9375,107.33407112841664,358.19,-470.67999999999995
1,16.9,54.19,121.35,593.08,494.06,761.74,721.59,666.72,0,Low Activity,661.0274999999999,117.92847362561201,357.21500000000003,-471.73
1,19.7,55.86,119.94,578.93,510.04,635.78,682.16,627.43,1,Moderate Activity,613.8525,73.2759930559343,349.43499999999995,-458.98999999999995
1,16.84,54.23,121.59,589.1,502.21,762.5,729.98,669.41,0,Low Activity,666.025,115.82239291259702,355.345,-467.51
1,16.83,54.24,123.07,578.93,500.47,760.14,688.3199999999999,661.95,0,High Activity,652.72,109.65350245204206,351.0,-455.85999999999996
1,16.85,54.19,121.27,578.93,505.55,763.53,717.85,670.03,0,Low Activity,664.24,112.47010921425597,350.09999999999997,-457.65999999999997
1,16.79,54.3,121.4,591.52,509.87,762.49,719.006,671.89,0,Moderate Activity,665.814,110.34957597260323,356.46,-470.12
1,16.78,54.35,121.92,586.94,505.84,764.78,719.028,659.14,0,High Activity,662.197,112.85668071792058,354.43,-465.02000000000004
3,25.01,47.62,137.09,563.72,399.41,670.03,629.71,547.68,2,Low Activity,561.7075,119.5761309445437,350.40500000000003,-426.63
1,16.79,54.21,116.29,590.92,509.91,755.88,720.09,676.62,0,Low Activity,665.625,108.75117240747338,353.60499999999996,-474.62999999999994
3,21.52,48.88,114.51,582.84,445.31,708.39,646.24,581.05,2,Low Activity,595.2475,112.67103040119349,348.675,-468.33000000000004
2,19.36,54.03,114.07,573.94,422.04,724.43,640.0559999999999,609.71,1,Moderate Activity,599.059,127.60330692162067,344.005,-459.87000000000006
1,16.66,54.51,122.62,585.97,520.05,760.01,726.4,666.87,0,Moderate Activity,668.3325,106.09184271972407,354.295,-463.35
1,16.69,54.46,118.26,590.87,514.68,763.24,714.21,656.88,0,Moderate Activity,662.2525,107.55551043530967,354.565,-472.61
1,16.84,53.54,121.08,589.57,494.92,758.33,714.76,651.12,0,High Activity,654.7825,115.30946488327255,355.32500000000005,-468.49000000000007
0,19.91,48.15,113.04,588.73,458.61,567.05,685.658,620.15,1,High Activity,582.867,95.99651262415735,350.885,-475.69
1,16.14,47.99,85.25,602.93,507.51,740.76,669.66,593.9,0,High Activity,627.9575,100.21812223844547,344.09,-517.68
0,19.35,52.51,134.33,582.75,459.51,731.15,639.592,610.17,1,Moderate Activity,610.1055,112.84241732463315,358.54,-448.41999999999996
0,19.94,52.49,108.19,558.28,465.87,712.78,672.98,607.44,1,Moderate Activity,614.7675,108.35020854463853,333.235,-450.09
3,25.54,44.38,116.92,599.5,384.8,708.05,660.142,578.19,1,Low Activity,582.7955,142.47175098126175,358.21,-482.58
0,19.93,49.51,108.58,591.49,349.16,695.63,893.45,541.59,2,Low Activity,619.9575,230.9381056149028,350.035,-482.91
1,16.37,43.82,65.67,578.93,590.95,781.87,754.366,702.46,0,Low Activity,707.4115,84.33384379358027,322.29999999999995,-513.26
1,16.04,44.18,63.98,616.53,604.43,790.29,769.68,709.55,0,Moderate Activity,718.4875,83.39716876689121,340.255,-552.55
1,16.16,43.77,60.52,578.93,615.66,794.95,761.54,716.39,0,Moderate Activity,722.135,77.9416638689903,319.72499999999997,-518.41
1,16.15,43.95,62.7,621.67,601.74,793.47,759.95,715.12,0,Moderate Activity,717.5699999999999,83.6250875435516,342.185,-558.9699999999999
1,18.79,45.52,74.23,618.16,448.24,765.87,739.8,666.44,0,Moderate Activity,655.0875000000001,144.18013903331715,346.195,-543.93
1,16.74,45.11,69.73,607.65,583.91,781.24,776.644,703.98,0,Moderate Activity,711.4435,92.09262378533184,338.69,-537.92
1,17.02,45.02,72.81,615.66,577.08,786.15,751.57,695.94,0,Moderate Activity,702.6850000000001,91.6119724708512,344.235,-542.8499999999999
2,22.3,46.69,96.03,586.25,487.61,740.15,696.87,639.93,1,Moderate Activity,641.14,110.27501681402424,341.14,-490.22
1,16.92,46.44,76.35,578.93,554.89,788.53,753.1,698.48,0,Low Activity,698.75,102.81073776605244,327.64,-502.5799999999999
0,19.77,51.09,113.35,578.93,436.28,746.3,732.4340000000001,619.51,2,Low Activity,633.6310000000001,143.29823936113104,346.14,-465.5799999999999
0,21.15,54.19,119.23,551.11,431.85,701.27,651.59,598.38,2,Low Activity,595.7725,117.07931908895495,335.17,-431.88
1,19.46,54.94,110.55,578.93,486.95,737.51,681.72,620.45,1,High Activity,631.6575,107.66750403441142,344.73999999999995,-468.37999999999994
1,16.17,46.05,67.79,578.93,606.99,781.9,755.45,709.83,0,Moderate Activity,713.5425,77.01992009647029,323.35999999999996,-511.13999999999993
1,16.2,45.74,72.3,617.53,587.45,787.53,715.75,712.23,0,Low Activity,700.74,83.11527817836298,344.91499999999996,-545.23
1,18.73,50.11,27.64,578.8,502.34,747.71,738.3019999999999,630.11,2,Moderate Activity,654.6155,114.68560450640699,303.21999999999997,-551.16
1,16.11,45.35,64.1,616.6,592.66,778.33,748.25,710.83,0,Low Activity,707.5174999999999,81.39771633774502,340.35,-552.5
1,16.19,44.78,68.1,619.36,591.95,788.98,739.51,708.99,0,Low Activity,707.3575000000001,83.70099934688153,343.73,-551.26
1,16.21,44.56,62.61,618.09,600.03,795.37,767.47,707.88,0,High Activity,717.6875,86.51077481061729,340.35,-555.48
3,24.51,52.86,122.79,552.0,459.93,699.8,648.74,581.14,2,Low Activity,597.4025,103.73675670497254,337.395,-429.21
0,22.58,52.43,139.66,559.67,340.99,672.51,609.25,525.24,3,Low Activity,536.9975,143.92271105816945,349.66499999999996,-420.01
1,16.17,44.47,69.26,622.57,582.02,789.64,533.21,714.29,1,Moderate Activity,654.79,118.04228310228498,345.915,-553.3100000000001
1,16.18,44.72,68.19,618.68,613.51,791.84,754.69,703.89,0,Low Activity,715.9825,77.24306371232741,343.43499999999995,-550.49
1,19.63,56.67,111.04,552.47,491.85,704.13,649.5780000000001,580.9,1,Low Activity,606.6145,91.62834540140949,331.755,-441.43
1,15.67,44.21,66.1,620.11,618.61,795.45,775.7420000000001,721.5,0,Moderate Activity,727.8255,79.24035454026358,343.105,-554.01
1,16.37,44.51,72.88,616.49,573.2,794.0,755.6,710.82,0,Moderate Activity,708.4050000000001,96.33292324018822,344.685,-543.61
2,16.03,45.21,63.81,578.93,595.32,790.92,763.55,702.98,0,Moderate Activity,713.1925,86.74803259056269,321.37,-515.1199999999999
2,16.17,45.22,68.04,614.25,583.19,779.78,695.8140000000001,687.0,0,Moderate Activity,686.446,80.54212858705267,341.145,-546.21
0,22.3,51.47,114.56,575.18,436.71,716.54,662.82,595.68,1,Low Activity,602.9375,121.34756538554863,344.87,-460.61999999999995
2,16.42,45.88,69.82,618.08,554.84,777.27,740.22,692.8,0,Low Activity,691.2825,97.30979340059594,343.95000000000005,-548.26
2,17.82,44.95,71.81,616.14,515.5,777.81,732.89,683.19,0,Low Activity,677.3475,114.61010902911951,343.975,-544.3299999999999
3,25.3,46.87,114.78,581.6,464.58,712.03,670.606,608.35,1,Low Activity,613.8915,108.27793241930694,348.19,-466.82000000000005
2,18.36,45.36,74.32,604.23,474.55,764.96,728.5619999999999,683.34,0,Moderate Activity,662.853,129.89899808184305,339.275,-529.9100000000001
2,18.59,44.93,76.66,578.93,493.37,765.96,730.22,677.11,0,Moderate Activity,666.665,121.15966064110063,327.79499999999996,-502.27
2,18.86,44.69,77.64,612.56,519.92,770.98,732.7699999999999,686.86,0,Moderate Activity,677.6325,110.62290159968383,345.09999999999997,-534.92
2,19.02,44.66,71.77,578.93,499.43,775.93,725.94,686.11,0,Moderate Activity,671.8525,120.67915930957865,325.34999999999997,-507.15999999999997
2,19.51,44.48,79.8,611.81,520.53,767.15,731.35,685.43,0,Moderate Activity,676.1149999999999,108.98277830311848,345.80499999999995,-532.01
2,19.66,44.56,74.77,613.99,512.43,774.67,695.4399999999999,686.58,0,Moderate Activity,667.28,110.56914910287288,344.38,-539.22
2,19.0,52.17,103.0,562.81,517.55,746.73,677.588,649.51,1,Low Activity,647.8444999999999,95.99036153524307,332.905,-459.80999999999995
1,19.23,52.27,95.59,611.55,503.18,637.03,736.22,655.59,1,Moderate Activity,633.005,96.66807418515519,353.57,-515.9599999999999
2,20.27,46.11,107.06,596.1,474.21,739.29,705.47,629.72,1,Low Activity,637.1725,117.90511506433185,351.58000000000004,-489.04
0,20.47,55.18,147.72,568.55,439.55,707.12,671.14,576.9,1,Low Activity,598.6775,119.4520970584722,358.135,-420.8299999999999
2,20.8,43.92,85.86,604.73,504.95,764.25,721.34,666.67,1,Moderate Activity,664.3025,113.49244244295156,345.295,-518.87
0,20.36,58.58,124.21,554.47,480.95,718.19,683.0,616.42,1,Low Activity,624.64,104.67708536255681,339.34000000000003,-430.26000000000005
2,18.17,46.15,60.66,628.37,583.09,790.38,761.31,703.93,0,Moderate Activity,709.6774999999999,91.71738743735197,344.515,-567.71
2,20.76,44.83,88.97,603.4,499.21,749.72,706.65,671.23,1,Low Activity,656.7025,109.79062478949044,346.185,-514.43
2,20.3,46.24,84.0,603.37,497.23,750.23,714.144,658.08,1,High Activity,654.921,111.75508932780944,343.685,-519.37
2,20.46,46.0,94.47,598.65,491.72,750.66,706.36,664.32,1,Moderate Activity,653.2650000000001,113.31940860535173,346.56,-504.17999999999995
2,20.47,46.54,97.83,594.6,484.83,743.53,706.54,660.98,1,Moderate Activity,648.97,114.51648818692733,346.21500000000003,-496.77000000000004
2,19.62,53.44,106.77,571.06,499.8,707.51,631.59,570.77,2,Low Activity,602.4175,88.36927044133233,338.91499999999996,-464.28999999999996
1,18.63,53.62,121.48,586.26,449.11,750.09,811.21,646.12,1,Low Activity,664.1325,158.72366813112657,353.87,-464.78
2,21.46,45.71,115.04,578.93,469.95,747.72,706.25,650.46,1,Moderate Activity,643.595,122.43008739684868,346.98499999999996,-463.88999999999993
3,22.51,47.69,114.61,584.33,463.98,702.27,863.37,561.35,2,Low Activity,647.7425,173.87810622674724,349.47,-469.72
2,21.69,46.43,141.83,576.88,354.92,716.81,700.092,613.7,1,Low Activity,596.3805,167.1949738508906,359.355,-435.04999999999995
2,21.77,46.34,138.59,582.23,335.91,723.12,673.97,608.64,1,Moderate Activity,585.41,172.81666644163693,360.41,-443.64
2,21.93,46.03,141.78,578.03,361.91,725.22,667.3,619.11,1,Low Activity,593.385,160.2979992597121,359.905,-436.25
1,15.61,43.96,59.64,612.95,620.07,797.46,775.44,723.47,0,Moderate Activity,729.1100000000001,79.03527187275311,336.295,-553.3100000000001
1,17.96,41.72,69.87,621.78,535.44,788.38,760.89,682.02,1,Moderate Activity,691.6825,113.49767585726147,345.825,-551.91
2,21.59,47.59,167.65,565.59,362.86,723.28,820.5,620.76,1,Low Activity,631.8499999999999,196.99989475462502,366.62,-397.94000000000005
2,24.81,43.99,96.33,607.49,476.66,743.69,697.7840000000001,626.14,1,Low Activity,636.0685000000001,116.7630580663251,351.91,-511.16
2,17.99,54.0,97.33,564.81,498.0,711.61,645.57,575.26,1,Moderate Activity,607.6100000000001,91.86554704204039,331.07,-467.47999999999996
2,22.6,46.68,198.26,571.19,390.05,702.71,662.94,588.57,2,Low Activity,586.0675,138.9771886258077,384.725,-372.93000000000006
1,18.08,51.2,122.08,578.93,469.34,714.3,661.63,590.13,2,Low Activity,608.85,106.01715175699951,350.505,-456.84999999999997
0,21.48,52.09,131.27,578.93,410.09,712.92,665.63,583.51,1,Low Activity,593.0374999999999,133.16912289140703,355.09999999999997,-447.65999999999997
2,19.89,53.33,77.85,619.63,427.18,746.1,726.8240000000002,621.92,1,High Activity,630.5060000000001,146.12130991291681,348.74,-541.78
2,22.65,46.16,176.52,574.09,387.91,708.39,665.704,597.33,2,Low Activity,589.8335,142.17509606936557,375.305,-397.57000000000005
2,22.63,45.87,170.9,570.78,392.59,713.79,666.02,594.17,2,Low Activity,591.6424999999999,141.51597115402438,370.84,-399.88
2,21.82,47.65,169.87,571.79,397.63,718.88,648.882,596.22,2,Low Activity,590.403,137.98719745928122,370.83,-401.91999999999996
3,21.08,52.91,128.62,573.42,458.17,720.45,665.06,586.1,2,Low Activity,607.445,113.76621188501736,351.02,-444.79999999999995
0,21.62,52.54,125.38,578.93,449.85,649.44,592.74,505.29,4,Low Activity,549.33,88.96110048779748,352.155,-453.54999999999995
1,17.61,53.15,116.45,594.79,485.67,763.54,723.91,657.15,1,Low Activity,657.5675,122.71976596430311,355.62,-478.34
2,21.71,48.67,152.47,576.52,390.88,708.52,659.83,583.17,2,Low Activity,585.6,139.69156810631057,364.495,-424.04999999999995
2,21.61,48.97,154.74,577.17,413.05,707.47,662.77,596.02,2,Low Activity,594.8275,129.5492154549768,365.955,-422.42999999999995
2,21.89,48.33,150.5,582.05,412.75,709.54,669.656,586.64,2,Low Activity,594.6465,131.62748216969484,366.275,-431.54999999999995
2,21.54,48.87,154.07,575.12,416.75,710.14,661.57,593.64,2,Low Activity,595.525,128.40378252476316,364.595,-421.05
2,21.95,48.06,153.67,575.41,402.52,590.46,678.6239999999999,609.19,2,Low Activity,570.1985,118.04382500721218,364.53999999999996,-421.74
0,20.59,52.05,98.06,562.11,472.63,750.75,708.36,641.1,1,High Activity,643.21,122.35380746016857,330.08500000000004,-464.05
1,18.72,43.47,58.32,579.97,587.53,783.44,749.67,693.71,0,Moderate Activity,703.5875,85.76504119783696,319.14500000000004,-521.65
3,22.6,46.58,149.65,580.6,414.09,572.69,682.1700000000001,606.06,2,Low Activity,568.7525,112.8293278584961,365.125,-430.95000000000005
2,19.85,50.05,85.76,616.32,445.26,771.49,711.81,632.99,1,Low Activity,640.3875,141.91371002009168,351.04,-530.5600000000001
3,22.06,47.68,150.39,577.58,441.5,720.31,671.49,600.75,2,Low Activity,608.5125,121.68028883786668,363.985,-427.19000000000005
0,21.01,52.89,125.67,576.25,452.64,724.14,725.626,611.03,1,Moderate Activity,628.3589999999999,128.85693675804444,350.96,-450.58
3,22.29,48.06,156.22,564.53,434.82,715.38,900.18,592.15,2,Low Activity,660.6325,196.69047720975206,360.375,-408.30999999999995
3,22.29,47.52,151.44,574.03,420.15,711.96,708.682,593.83,2,Low Activity,608.6555000000001,137.1510595450627,362.735,-422.59
3,22.6,47.31,155.29,571.03,413.76,715.76,654.08,595.83,2,Low Activity,594.8575,130.28426519857774,363.15999999999997,-415.74
0,22.01,52.18,99.38,550.88,474.01,713.59,663.884,583.17,1,Low Activity,608.6635,104.62688887502424,325.13,-451.5
3,24.52,50.84,116.9,552.59,480.94,711.33,667.578,607.04,2,Low Activity,616.722,100.11243520495678,334.745,-435.69000000000005
0,19.71,55.54,139.39,578.93,459.29,720.96,659.64,603.8,1,Low Activity,610.9224999999999,111.84034941975698,359.15999999999997,-439.53999999999996
3,21.97,49.73,189.25,578.93,406.4,691.64,803.12,564.58,2,Low Activity,616.435,170.5976978156505,384.09,-389.67999999999995
3,22.15,50.29,196.92,558.14,425.14,701.06,642.0,586.21,2,Low Activity,588.6025,118.63627224279539,377.53,-361.22
3,22.76,48.15,174.55,568.15,415.92,701.94,657.7119999999999,578.56,2,Low Activity,588.533,125.88564941776855,371.35,-393.59999999999997
3,23.0,47.19,166.85,575.48,430.57,714.39,674.62,584.39,2,Low Activity,600.9925,125.96226058493339,371.165,-408.63
0,21.92,52.19,126.48,577.65,429.21,702.2,550.37,589.9,1,Low Activity,567.9200000000001,112.63910718159423,352.065,-451.16999999999996
3,22.97,46.74,153.66,569.12,434.97,710.81,661.84,585.6,2,Low Activity,598.305,120.46273351815765,361.39,-415.46000000000004
3,23.39,45.73,156.16,570.08,420.89,894.34,675.07,590.6,2,Low Activity,645.225,196.85789299221238,363.12,-413.9200000000001
3,23.11,46.16,153.42,571.23,427.09,698.82,866.88,586.25,2,Low Activity,644.76,185.34960390210352,362.325,-417.81000000000006
3,23.1,46.08,151.56,577.29,431.78,719.92,644.5780000000001,592.4,2,Low Activity,597.1695,122.05420375527152,364.42499999999995,-425.72999999999996
3,22.24,47.8,151.26,576.09,430.43,708.71,676.14,586.15,2,Low Activity,600.3575000000001,124.5799072550091,363.675,-424.83000000000004
2,18.13,50.24,85.75,613.74,511.55,772.53,729.75,678.1,0,Low Activity,672.9825,114.33706700657781,349.745,-527.99
3,23.3,46.38,149.49,579.24,433.61,707.63,668.22,577.74,2,Low Activity,596.8,121.62560722698709,364.365,-429.75
3,22.13,45.46,114.29,596.79,442.59,737.49,657.348,634.7,1,Moderate Activity,618.0319999999999,124.99823893159456,355.53999999999996,-482.49999999999994
1,15.77,43.78,67.19,619.65,612.77,803.11,759.96,730.12,0,Moderate Activity,726.49,81.51948764968208,343.41999999999996,-552.46
3,23.71,45.21,152.89,578.13,442.19,710.53,672.86,599.49,2,Low Activity,606.2674999999999,118.70494299592863,365.51,-425.24
0,19.14,50.25,120.85,587.03,468.01,748.04,879.96,654.72,1,High Activity,687.6825000000001,173.16292759036696,353.94,-466.17999999999995
3,23.56,45.28,152.67,582.44,447.5,707.84,671.46,592.76,2,Low Activity,604.8900000000001,115.39644188622111,367.555,-429.7700000000001
3,22.93,46.47,150.29,577.31,439.11,696.7,655.64,568.31,2,Low Activity,589.9399999999999,113.91770918810941,363.79999999999995,-427.02
3,22.77,47.2,152.18,571.58,429.11,698.52,658.7620000000001,567.65,2,Low Activity,588.5105000000001,119.55618372826504,361.88,-419.40000000000003
3,23.08,46.32,153.68,578.93,447.35,705.78,656.28,576.36,2,Low Activity,596.4425,112.79346268733838,366.30499999999995,-425.24999999999994
3,23.55,45.43,152.12,572.6,425.18,705.02,657.16,568.9,1,Low Activity,589.065,122.94634534354135,362.36,-420.48
1,19.96,58.63,131.02,578.93,488.69,727.71,692.33,617.14,1,High Activity,631.4675,105.76318589975753,354.97499999999997,-447.90999999999997
3,23.36,52.39,113.58,555.89,415.63,693.82,658.668,592.16,2,Low Activity,590.0695,123.69779006783699,334.735,-442.31
3,23.04,46.21,143.83,578.2,436.24,709.8,656.49,583.58,1,Low Activity,596.5275,118.72360208343858,361.01500000000004,-434.37
2,24.04,53.41,115.94,578.93,482.19,691.0,509.87,584.83,1,Low Activity,566.9725,93.36394535186838,347.43499999999995,-462.98999999999995
3,22.61,47.11,141.77,578.79,439.28,702.46,666.808,589.28,1,Low Activity,599.457,116.77045554990927,360.28,-437.02
3,22.5,47.24,141.62,574.02,436.6,699.88,659.44,571.8,1,Moderate Activity,591.9300000000001,116.53816027379186,357.82,-432.4
2,20.77,47.92,110.74,581.78,436.98,711.49,677.81,599.58,2,Low Activity,606.465,122.32869396289107,346.26,-471.03999999999996
3,22.0,48.04,141.57,584.12,440.31,715.32,663.65,587.13,1,Low Activity,601.6025000000001,119.73065031561468,362.845,-442.55
2,24.32,52.97,117.37,554.2,474.13,705.14,658.2,582.23,1,Low Activity,604.925,100.83595076492644,335.785,-436.83000000000004
3,22.45,48.09,111.15,590.98,462.06,731.23,683.12,617.44,1,Low Activity,623.4625,117.27444858820131,351.065,-479.83000000000004
3,21.13,49.79,135.76,580.03,448.35,719.89,673.46,581.52,1,Low Activity,605.8050000000001,119.68629063792838,357.895,-444.27
3,20.84,50.36,130.23,583.78,451.79,708.29,668.82,596.89,1,Low Activity,606.4475,112.94912080962234,357.005,-453.54999999999995
3,24.07,51.71,112.63,551.18,440.27,688.29,661.47,593.41,2,Low Activity,595.86,111.1488905327744,331.905,-438.54999999999995
2,21.58,44.52,109.9,596.25,434.08,628.71,699.03,634.43,1,Moderate Activity,599.0625,114.5171903762342,353.075,-486.35
3,20.42,51.26,133.76,584.22,444.44,718.54,837.06,588.33,1,Moderate Activity,647.0925,169.0300402048898,358.99,-450.46000000000004
3,20.38,51.34,130.84,584.03,455.84,721.73,667.07,598.24,1,High Activity,610.72,114.95231968081377,357.435,-453.18999999999994
3,20.33,51.35,133.35,575.03,444.97,715.96,666.2919999999999,592.81,1,Moderate Activity,605.008,118.07769703038757,354.19,-441.67999999999995
3,23.14,54.58,128.36,560.69,401.04,684.35,627.73,544.93,2,Low Activity,564.5125,123.10457786640863,344.52500000000003,-432.33000000000004
1,20.2,57.63,136.41,558.71,476.45,873.96,664.15,595.61,1,Moderate Activity,652.5425,166.74363703502053,347.56,-422.30000000000007
2,18.16,48.41,67.44,564.89,563.15,776.03,738.95,687.33,0,Moderate Activity,691.365,92.8939572846372,316.16499999999996,-497.45
0,19.86,51.99,144.23,578.93,451.2,725.53,682.07,613.63,1,Low Activity,618.1075000000001,120.42834172929007,361.58,-434.69999999999993
2,20.13,49.4,75.98,619.5,443.36,763.48,728.99,651.98,2,Low Activity,646.9525000000001,143.5084102936131,347.74,-543.52
0,19.66,52.39,136.28,573.61,464.7,733.0,678.15,608.83,1,High Activity,621.17,116.02845311962638,354.945,-437.33000000000004
0,19.59,52.45,128.09,585.22,455.91,733.41,681.9,606.22,1,Moderate Activity,619.3599999999999,120.8404129420286,356.65500000000003,-457.13
0,19.55,52.42,130.19,577.77,447.84,726.93,655.326,610.8,1,Moderate Activity,610.2239999999999,118.35451839283535,353.98,-447.58
0,17.39,50.6,119.68,584.55,495.04,736.56,705.54,629.67,1,Low Activity,641.7025,107.59157599459166,352.115,-464.86999999999995
2,19.26,53.74,89.27,579.85,470.3,726.15,679.88,611.7,1,Low Activity,622.0074999999999,111.5292139232288,334.56,-490.58000000000004
0,20.33,54.57,124.74,545.23,462.42,676.22,624.27,541.64,3,Low Activity,576.1375,93.90596657472481,334.985,-420.49
0,19.23,52.75,142.01,580.57,466.8,737.01,691.27,615.65,1,Moderate Activity,627.6825,118.35516081551604,361.29,-438.56000000000006
0,19.2,52.73,135.23,582.93,476.79,731.78,687.49,610.88,1,Moderate Activity,626.735,111.74450933565669,359.08,-447.69999999999993
0,19.19,52.83,144.2,578.93,456.8,730.21,681.61,619.29,1,Moderate Activity,621.9775,119.10938708458988,361.56499999999994,-434.72999999999996
0,19.16,52.73,134.67,585.91,470.46,727.0,693.17,622.24,1,Low Activity,628.2175,113.8712267944219,360.28999999999996,-451.24
0,19.1,52.87,134.55,585.45,469.98,724.82,696.73,615.87,1,High Activity,626.85,114.32423569246666,360.0,-450.90000000000003
0,19.15,52.79,140.42,582.49,464.24,735.31,690.442,621.02,1,Moderate Activity,627.7529999999999,118.71570161243764,361.455,-442.07000000000005
0,19.06,52.96,136.67,584.7,474.36,722.66,676.336,608.43,1,Moderate Activity,620.4465,108.10010414271886,360.685,-448.0300000000001
0,19.0,53.0,136.56,585.75,457.73,735.67,698.86,620.72,1,Moderate Activity,628.2450000000001,123.36747234718449,361.155,-449.19
0,18.94,53.14,138.22,576.4,483.61,741.52,690.87,629.76,1,Moderate Activity,636.44,111.66327746100474,357.31,-438.17999999999995
0,18.29,52.4,111.81,598.12,476.32,761.41,704.3,643.53,1,Low Activity,646.39,123.17352664703023,354.96500000000003,-486.31
0,18.83,53.34,136.34,579.86,466.83,728.05,689.332,621.91,1,High Activity,626.5305,115.14604639760759,358.1,-443.52
0,18.85,53.28,139.34,585.27,482.48,733.52,719.0,620.23,1,Moderate Activity,638.8075,115.73634617094146,362.305,-445.92999999999995
2,16.44,45.68,65.2,616.19,631.37,793.66,761.268,706.47,0,Low Activity,723.192,71.00804125355569,340.69500000000005,-550.99
0,18.71,53.45,132.12,579.61,479.83,732.2,699.3,621.95,1,High Activity,633.3199999999999,112.27803554866229,355.865,-447.49
0,19.48,54.82,103.28,599.81,479.38,739.16,695.38,619.75,1,High Activity,633.4175,113.92275112987748,351.54499999999996,-496.53
2,17.81,41.34,72.84,609.88,556.85,751.68,680.23,610.54,0,Moderate Activity,649.825,84.62971680601716,341.36,-537.04
0,18.64,53.57,139.37,581.22,472.85,858.81,690.18,620.34,1,Low Activity,660.545,160.24262697547113,360.295,-441.85
3,22.35,46.2,119.67,594.28,443.26,736.08,686.79,626.59,2,Moderate Activity,623.1800000000001,128.03056484032763,356.97499999999997,-474.60999999999996
0,20.07,48.71,109.92,588.6,360.78,705.93,590.236,558.77,2,Low Activity,553.929,143.4718017962647,349.26,-478.68
3,24.4,51.66,121.8,547.95,475.59,708.72,672.29,606.65,2,Low Activity,615.8125,102.57974536102796,334.875,-426.15000000000003
0,18.5,53.74,134.03,585.79,475.27,726.81,695.51,611.86,1,Low Activity,627.3625,112.40750727449952,359.90999999999997,-451.76
0,18.45,53.8,137.19,581.79,480.11,729.04,688.2340000000002,621.52,1,High Activity,629.7260000000001,109.14629716119555,359.49,-444.59999999999997
0,18.36,54.01,135.98,586.53,490.08,731.55,684.656,624.78,1,Moderate Activity,632.7665,104.68034127284834,361.255,-450.54999999999995
1,15.96,41.36,77.66,601.96,557.54,779.36,754.21,703.37,1,Low Activity,698.62,99.222518613468,339.81,-524.3000000000001
0,18.42,53.89,132.12,585.67,499.48,726.08,678.4979999999999,619.42,1,Moderate Activity,630.8695,97.85670660545789,358.895,-453.54999999999995
0,18.41,53.86,133.22,585.05,480.01,739.5,688.3,630.21,1,High Activity,634.505,112.25715136833526,359.135,-451.8299999999999
3,24.79,49.36,142.56,561.76,416.91,682.31,607.51,541.8,2,Low Activity,562.1324999999999,112.5532971159293,352.15999999999997,-419.2
0,18.32,54.03,141.93,578.93,483.17,732.24,691.03,631.37,1,Moderate Activity,634.4525,109.02492876249296,360.42999999999995,-436.99999999999994
3,21.48,46.34,96.19,591.21,501.5,844.76,698.19,641.15,0,Low Activity,671.4,142.0709519923056,343.70000000000005,-495.02000000000004
0,18.17,54.37,132.74,587.81,490.37,739.67,828.96,630.46,1,High Activity,672.365,145.9796402470792,360.275,-455.06999999999994
0,18.25,54.06,132.96,587.74,487.02,741.82,691.94,611.14,1,Moderate Activity,632.98,111.21111215461642,360.35,-454.78
0,18.25,54.08,135.01,585.87,476.98,729.55,685.04,610.42,1,Low Activity,625.4975,110.53960206640875,360.44,-450.86
0,18.08,54.43,135.19,590.16,481.57,735.7,711.9,603.77,1,Moderate Activity,633.235,116.27226224111523,362.67499999999995,-454.96999999999997
0,18.15,54.23,134.42,581.13,486.81,728.64,665.06,596.72,1,Moderate Activity,619.3075,103.46121572035258,357.775,-446.71000000000004
0,17.99,54.57,38.12,578.93,487.11,732.3,663.57,592.41,1,High Activity,618.8475,104.76208295466446,308.525,-540.81
2,22.86,48.74,113.87,580.69,446.33,826.49,672.22,598.29,2,Low Activity,635.8325,158.1085800697314,347.28000000000003,-466.82000000000005
2,19.61,46.03,105.49,598.27,401.86,638.85,704.55,640.86,2,Moderate Activity,596.53,133.31774150502247,351.88,-492.78
1,18.04,54.39,134.77,585.86,490.62,721.43,672.27,588.6,1,Moderate Activity,618.23,101.21398223565751,360.315,-451.09000000000003
0,20.53,54.69,118.58,560.4,445.62,714.39,668.58,606.92,2,Low Activity,608.8775,117.40828942199951,339.49,-441.82
1,17.92,54.52,132.87,580.68,486.34,722.82,672.732,588.11,1,Low Activity,617.5005,103.61723460731169,356.775,-447.80999999999995
1,18.01,54.37,130.73,586.95,483.47,731.77,674.02,587.7,1,Moderate Activity,619.24,108.15438625717711,358.84000000000003,-456.22
3,23.61,51.6,102.1,540.82,459.48,707.28,468.87,588.36,2,Low Activity,555.9975000000001,116.676983270052,321.46000000000004,-438.72
1,17.98,54.34,129.32,588.73,483.15,723.74,671.7740000000001,601.77,1,Moderate Activity,620.1085,104.08769217507582,359.025,-459.41
1,17.93,54.42,123.86,584.73,474.21,592.47,675.85,593.06,1,High Activity,583.8975,82.95390100330827,354.295,-460.87
3,23.45,46.93,114.57,591.11,441.91,729.79,686.6659999999999,614.67,2,Low Activity,618.259,126.79449558504761,352.84000000000003,-476.54
1,17.8,54.78,122.12,585.3,485.94,732.57,676.57,593.82,1,Low Activity,622.225,107.25335006422878,353.71,-463.17999999999995
1,17.76,54.87,129.12,586.66,488.93,733.56,706.904,614.48,1,High Activity,635.9685,110.51096800318054,357.89,-457.53999999999996
1,17.78,54.89,128.1,575.65,496.52,826.35,676.29,595.83,1,Moderate Activity,648.7475,139.3732529038481,351.875,-447.54999999999995
0,20.41,54.73,115.75,556.68,465.12,716.68,674.52,611.51,1,Low Activity,616.9575,110.06410264780548,336.215,-440.92999999999995
1,17.82,54.81,138.4,591.5,494.17,727.85,671.49,593.85,1,High Activity,621.84,101.30204275663283,364.95,-453.1
1,17.76,51.25,117.54,590.66,441.86,742.99,687.73,598.2,1,Moderate Activity,617.6949999999999,131.53166982391224,354.09999999999997,-473.11999999999995
3,20.07,49.0,116.48,589.56,445.25,750.19,701.71,645.49,1,Moderate Activity,635.6600000000001,133.95561503722047,353.02,-473.0799999999999
1,17.62,55.2,138.36,587.88,490.73,726.44,675.156,595.74,1,Low Activity,622.0165,102.72077580671464,363.12,-449.52
1,17.67,55.07,131.78,578.93,499.6,736.63,676.766,601.0,1,Low Activity,628.499,102.295590735867,355.35499999999996,-447.15
1,17.68,55.09,126.56,582.68,486.77,733.21,692.65,604.23,1,Low Activity,629.215,109.16926841683363,354.62,-456.11999999999995
1,17.66,55.02,127.61,592.29,491.82,732.2,681.87,599.85,1,Low Activity,626.435,105.01941868054689,359.95,-464.67999999999995
1,17.6,55.12,138.5,579.41,497.62,733.06,672.952,597.3,1,Moderate Activity,625.233,101.60232141048745,358.955,-440.90999999999997
3,23.34,45.63,98.63,605.87,456.05,729.81,688.96,617.41,1,Moderate Activity,623.0575,120.64083757860215,352.25,-507.24
3,21.52,53.67,138.62,575.82,469.14,702.48,660.32,583.29,2,Moderate Activity,603.8075,102.44710549839856,357.22,-437.20000000000005
1,17.59,55.08,128.62,578.93,491.36,738.99,688.55,602.06,1,Moderate Activity,630.24,108.48715039118687,353.775,-450.30999999999995
1,17.61,55.02,136.25,585.83,491.27,737.88,692.79,610.9,1,Moderate Activity,633.21,108.24399136518694,361.04,-449.58000000000004
2,18.93,53.94,72.85,586.21,513.19,746.68,710.98,641.47,0,Low Activity,653.0799999999999,102.98442309398054,329.53000000000003,-513.36
3,23.14,52.31,119.63,562.89,421.7,621.95,560.478,501.49,3,Low Activity,526.4045000000001,85.38873970065765,341.26,-443.26
2,17.33,48.82,189.42,605.31,552.16,780.05,740.2,674.62,0,Moderate Activity,686.7574999999999,99.70522767137139,397.36499999999995,-415.89
1,16.98,49.47,82.12,604.0,558.02,764.7,725.664,662.67,1,Low Activity,677.7635,90.21960700978475,343.06,-521.88
1,16.95,49.26,78.94,604.19,560.15,768.88,678.836,652.72,1,Moderate Activity,665.1465000000001,85.88116663351362,341.56500000000005,-525.25
1,16.91,49.58,81.75,611.63,552.74,762.66,714.82,660.64,1,Low Activity,672.715,90.19005913440054,346.69,-529.88
1,16.91,49.31,75.12,602.66,573.09,769.47,715.94,662.33,1,Moderate Activity,680.2075,83.74240119756139,338.89,-527.54
1,16.87,49.3,79.97,604.28,560.56,768.94,733.2560000000001,670.0,1,Moderate Activity,683.1890000000001,91.41801400161792,342.125,-524.31
1,17.8,54.7,130.33,590.23,501.2,737.22,672.216,601.25,1,Moderate Activity,627.9715,101.12345970314374,360.28000000000003,-459.9
1,16.79,49.49,73.1,612.52,553.61,768.32,733.2620000000001,684.49,1,Low Activity,684.9205,94.04787781231431,342.81,-539.42
1,16.68,49.8,76.43,612.87,566.17,771.01,726.64,677.9,1,Low Activity,685.43,88.13219048679093,344.65,-536.44
1,16.69,49.25,77.08,608.82,566.0,771.52,731.77,674.1,1,Moderate Activity,685.8475,89.34965076410016,342.95000000000005,-531.74
1,16.24,49.48,68.63,613.52,591.87,838.4,750.15,683.72,1,Moderate Activity,716.0350000000001,104.24047982110083,341.075,-544.89
1,16.19,49.06,65.65,612.91,589.66,781.8,748.712,689.57,1,Low Activity,702.4355,84.3090995543581,339.28,-547.26
1,16.15,48.76,66.09,614.86,598.55,791.4,755.04,687.26,0,Moderate Activity,708.0625,84.80911129314666,340.475,-548.77
1,18.75,49.56,73.88,601.15,554.86,764.83,735.24,670.21,0,Moderate Activity,681.2850000000001,93.08928563481408,337.515,-527.27
2,19.39,48.29,82.32,610.43,568.09,876.26,751.55,671.41,1,Moderate Activity,716.8274999999999,130.14090732100084,346.375,-528.1099999999999
1,16.4,48.15,70.51,616.89,597.04,787.63,763.51,703.38,0,Low Activity,712.8900000000001,84.97080792837033,343.7,-546.38
1,16.45,48.11,67.89,611.27,611.82,784.33,563.19,713.39,0,Low Activity,668.1825,99.55587421979008,339.58,-543.38
1,16.37,48.31,69.87,613.96,609.8,787.66,757.57,703.27,0,Moderate Activity,714.575,78.09308740215106,341.915,-544.09
1,16.28,49.34,72.8,614.4,615.62,788.52,795.738,716.75,0,Low Activity,729.1569999999999,83.66914873077971,343.59999999999997,-541.6
1,16.44,49.53,77.44,612.6,603.69,890.22,538.67,692.13,0,Low Activity,681.1775,152.89585156242796,345.02,-535.1600000000001
1,16.57,49.65,77.93,609.3,591.32,781.49,743.7,700.28,0,Low Activity,704.1975,82.2420307689444,343.615,-531.3699999999999
0,19.87,53.78,102.89,608.77,449.9,732.36,679.788,606.94,1,High Activity,617.2470000000001,122.84628892508992,355.83,-505.88
0,20.1,58.94,122.62,546.91,464.07,728.8,687.92,624.26,1,High Activity,626.2625,116.37010394283688,334.765,-424.28999999999996
2,23.33,51.87,154.59,565.01,354.31,682.64,646.41,573.11,2,Low Activity,564.1175000000001,147.10505392972283,359.8,-410.41999999999996
1,16.77,50.61,83.69,610.13,590.14,777.15,747.884,694.59,0,Moderate Activity,702.441,82.29956203204648,346.90999999999997,-526.44
3,24.04,47.71,109.87,581.77,480.53,845.71,694.08,614.43,1,Low Activity,658.6875,152.674889525641,345.82,-471.9
1,16.79,50.94,82.21,578.93,585.6,775.16,743.38,676.99,0,Low Activity,695.2825,83.7827565294116,330.57,-496.71999999999997
1,16.85,51.09,84.62,600.55,576.7,777.22,746.23,686.36,0,Moderate Activity,696.6275,88.39982253941463,342.585,-515.93
1,17.39,50.27,85.74,608.75,551.43,764.18,728.97,683.19,0,Moderate Activity,681.9425,93.11222811747125,347.245,-523.01
1,17.67,49.21,86.41,578.93,550.38,777.37,736.96,689.76,0,Moderate Activity,688.6175000000001,98.86845684207546,332.66999999999996,-492.52
1,17.03,47.16,75.01,578.93,596.56,786.4,754.0319999999999,696.08,0,Low Activity,708.268,83.31902089359107,326.96999999999997,-503.91999999999996
1,17.32,44.52,62.81,631.22,615.07,791.73,789.3739999999999,724.25,0,Low Activity,730.106,82.82066415253297,347.015,-568.4100000000001
1,16.88,47.34,69.59,616.17,601.55,784.61,762.16,715.94,0,Low Activity,716.0649999999999,81.52068633175264,342.88,-546.5799999999999
1,16.89,46.88,70.01,611.95,600.81,783.25,768.7,714.48,0,High Activity,716.8100000000001,82.8015189071634,340.98,-541.94
0,21.98,56.81,133.56,545.08,447.06,706.26,650.26,588.24,1,Low Activity,597.9549999999999,111.54889555706053,339.32000000000005,-411.52000000000004
2,16.77,47.0,65.83,614.78,615.8,792.09,758.27,715.26,0,Low Activity,720.355,76.46603712324405,340.305,-548.9499999999999
2,16.77,47.08,66.55,614.58,609.02,787.61,758.28,719.5,0,Low Activity,718.6025,78.19946477864582,340.565,-548.0300000000001
2,16.66,46.25,61.94,615.55,625.91,787.41,792.862,718.68,0,Low Activity,731.2154999999999,77.89843790260923,338.745,-553.6099999999999
2,16.9,46.06,69.8,613.58,612.51,789.48,777.4319999999999,713.33,0,Low Activity,723.188,81.00172970992655,341.69,-543.7800000000001
2,16.7,46.39,65.17,624.12,616.29,787.41,760.074,705.96,0,Moderate Activity,717.4335,75.4466071404142,344.645,-558.95
2,16.7,46.32,65.29,619.76,612.97,782.44,750.29,721.18,0,Low Activity,716.7199999999999,73.55274162123395,342.525,-554.47
2,20.35,51.87,80.3,617.19,504.95,755.61,725.2,652.28,1,Moderate Activity,659.51,111.79065643722944,348.745,-536.8900000000001
2,16.56,45.82,63.56,615.35,632.89,789.61,768.96,707.69,0,Moderate Activity,724.7875,70.45244560458259,339.45500000000004,-551.79
2,16.58,46.23,70.92,614.9,627.68,789.63,760.25,694.65,0,Moderate Activity,718.0525,72.15454080190197,342.90999999999997,-543.98
3,24.8,47.36,114.65,601.01,446.87,707.96,669.44,578.89,1,Low Activity,600.79,116.00173533184753,357.83,-486.36
2,16.73,45.69,61.87,613.47,616.81,782.63,757.86,710.19,0,Low Activity,716.8725000000001,73.1691730967808,337.67,-551.6
3,25.04,49.95,110.43,552.48,470.3,574.47,664.74,586.78,2,Low Activity,574.0725,79.8977802674559,331.45500000000004,-442.05
2,16.44,45.68,65.2,616.19,631.37,793.66,752.06,706.47,0,Low Activity,720.8900000000001,69.4953442085631,340.69500000000005,-550.99
2,22.07,46.99,88.88,589.29,486.09,743.07,651.956,643.07,1,High Activity,631.0465,106.68243089812557,339.085,-500.40999999999997
2,17.07,45.92,65.57,615.96,591.67,776.49,746.76,696.52,0,Moderate Activity,702.86,81.14184822478063,340.765,-550.3900000000001
1,19.81,55.58,124.29,566.01,488.6,603.63,677.9939999999999,617.69,1,Low Activity,596.9784999999999,79.12567890598683,345.15,-441.71999999999997
2,17.39,46.35,69.88,613.43,556.75,773.7,759.7699999999999,674.28,0,Low Activity,691.125,99.78503778957375,341.655,-543.55
2,17.57,46.64,70.21,608.77,546.55,764.03,728.55,676.32,0,Moderate Activity,678.8625,95.28101013143525,339.49,-538.56
2,17.93,42.13,59.97,618.6,512.61,786.77,765.52,696.83,0,Low Activity,690.4325,124.60713740258485,339.285,-558.63
2,17.25,47.5,68.31,613.47,466.28,765.2,736.72,673.02,0,Low Activity,660.3050000000001,134.96861993317808,340.89,-545.1600000000001
1,16.07,43.27,66.91,621.17,593.06,803.07,775.94,708.54,0,Low Activity,720.1525,93.58580853063857,344.03999999999996,-554.26
2,23.41,50.61,118.77,544.99,467.18,682.26,630.84,580.41,3,Low Activity,590.1725,91.93551122933945,331.88,-426.22
2,17.96,47.15,73.33,607.11,413.84,897.28,725.76,664.15,0,Moderate Activity,675.2574999999999,200.25565233387715,340.22,-533.78
2,17.71,47.82,80.73,607.26,411.43,757.06,722.92,655.35,0,Low Activity,636.6899999999999,156.00727867634893,343.995,-526.53
2,17.64,48.79,83.78,602.05,433.75,756.95,901.62,651.45,0,Moderate Activity,685.9425000000001,196.93453961067027,342.91499999999996,-518.27
1,18.18,57.39,112.01,595.95,501.38,749.53,701.952,635.25,1,Moderate Activity,647.028,107.81986052053055,353.98,-483.94000000000005
0,19.57,51.0,121.6,589.51,467.52,728.9,656.92,584.36,2,Moderate Activity,609.4250000000001,111.49788323850218,355.555,-467.90999999999997
2,17.76,49.29,89.38,605.66,472.16,753.47,709.612,647.79,0,High Activity,645.758,123.58479260275782,347.52,-516.28
2,17.87,49.19,95.3,578.93,473.2,749.58,709.78,650.96,0,High Activity,645.88,122.03973232790489,337.11499999999995,-483.62999999999994
2,17.76,49.55,93.43,599.0,482.99,750.36,711.044,648.49,0,High Activity,648.221,117.87063582871971,346.21500000000003,-505.57
1,18.74,47.78,80.38,617.95,522.67,784.65,682.498,676.45,2,Moderate Activity,666.567,108.01452363455574,349.165,-537.57
3,23.1,51.15,131.15,570.98,424.78,679.64,594.094,525.57,1,Low Activity,556.0210000000001,107.83115500942512,351.065,-439.83000000000004
3,21.53,46.69,99.64,601.59,510.79,742.16,699.65,642.66,1,Moderate Activity,648.8149999999999,100.6417257734915,350.615,-501.95000000000005
2,17.33,50.89,97.01,600.4,488.66,760.75,461.39,639.64,0,High Activity,587.61,139.53156321540058,348.705,-503.39
0,20.1,53.57,117.56,575.11,484.86,741.54,647.598,618.63,1,High Activity,623.157,106.0792959818267,346.33500000000004,-457.55
0,21.06,54.52,145.09,569.68,438.71,704.45,653.62,589.51,2,Low Activity,596.5725,115.27130327333572,357.385,-424.5899999999999
2,17.85,47.42,85.73,610.95,475.61,767.35,730.28,667.01,0,Low Activity,660.0625,129.75887570798386,348.34000000000003,-525.22
2,17.8,50.23,97.18,602.59,452.46,751.84,705.56,637.16,0,Low Activity,636.755,131.58456887745868,349.885,-505.41
2,18.58,48.57,100.7,593.79,475.92,758.11,716.28,648.11,0,Moderate Activity,649.605,124.34844175407532,347.245,-493.09
2,18.05,49.61,100.54,598.53,472.44,748.88,704.952,637.15,0,Low Activity,640.8555,121.31936542723369,349.53499999999997,-497.98999999999995
2,18.58,52.62,106.0,598.32,500.82,747.43,714.43,638.2,1,Low Activity,650.22,109.60162498795351,352.16,-492.32000000000005
2,18.39,47.67,84.19,590.68,492.63,748.31,709.766,653.92,0,Moderate Activity,651.1565,112.56429893916925,337.43499999999995,-506.48999999999995
2,19.0,47.91,91.66,599.95,521.64,764.67,727.626,673.99,0,Low Activity,671.9815,106.9175213377115,345.805,-508.2900000000001
2,19.47,47.85,91.03,602.19,514.42,752.77,562.26,650.4,0,Moderate Activity,619.9625,104.93342536262378,346.61,-511.1600000000001
0,20.81,48.23,114.8,602.64,451.42,734.25,691.53,625.04,2,Low Activity,625.56,124.48636739284612,358.71999999999997,-487.84
2,20.19,47.4,93.9,598.83,517.19,756.27,718.71,643.38,0,High Activity,658.8875,105.48419609116806,346.365,-504.93000000000006
0,20.49,53.37,104.91,546.19,469.97,731.42,673.25,583.7,1,Low Activity,614.585,113.9581515294101,325.55,-441.2800000000001
3,24.65,45.82,102.84,593.66,479.86,718.0,665.59,588.7,1,High Activity,613.0375000000001,103.45281061914172,348.25,-490.81999999999994
3,23.48,45.35,146.86,576.92,430.96,709.52,658.79,581.7,1,Low Activity,595.2425000000001,121.4767067863904,361.89,-430.05999999999995
1,19.84,59.11,131.42,550.23,493.43,556.26,681.7919999999999,614.8,1,High Activity,586.5705,80.53553642750919,340.825,-418.81000000000006
3,21.57,45.41,96.75,607.78,498.49,743.93,707.93,650.72,0,Low Activity,650.2674999999999,108.21928675148433,352.265,-511.03
1,19.46,55.27,121.46,570.81,484.21,724.49,675.76,601.98,1,Moderate Activity,621.61,104.53167590097591,346.135,-449.34999999999997
0,20.67,55.19,140.43,559.21,369.01,684.04,617.6,539.81,2,Moderate Activity,552.615,135.8557383158081,349.82000000000005,-418.78000000000003
3,21.18,47.29,96.99,598.4,498.76,628.01,692.38,627.32,0,Moderate Activity,611.6175000000001,81.18842133169812,347.695,-501.40999999999997
3,21.34,46.91,88.49,591.74,505.29,743.04,708.05,633.32,0,Low Activity,647.425,105.22820930403276,340.115,-503.25
3,21.47,46.84,95.77,596.34,485.1,740.66,695.54,648.28,1,Low Activity,642.395,111.44019547123317,346.055,-500.57000000000005
2,22.06,49.81,97.35,578.93,514.77,764.29,707.76,647.82,2,Moderate Activity,658.66,107.0674936663785,338.14,-481.5799999999999
0,20.6,48.12,113.87,597.35,460.27,725.04,678.658,612.2,2,High Activity,619.0419999999999,115.53499384457795,355.61,-483.48
3,22.64,47.84,149.38,577.64,434.1,699.84,599.062,567.27,2,Low Activity,575.068,109.66091653820882,363.51,-428.26
3,23.39,45.55,140.9,581.84,399.2,699.37,904.89,568.56,2,High Activity,643.005,213.49762098596477,361.37,-440.94000000000005
3,23.12,44.57,129.25,588.79,414.65,892.87,672.3720000000001,600.55,2,Low Activity,645.1105,197.674513146401,359.02,-459.53999999999996
3,23.56,43.18,113.19,586.21,435.5,736.76,664.0600000000001,623.14,2,Moderate Activity,614.865,128.4767396587154,349.70000000000005,-473.02000000000004
3,23.07,43.85,102.82,591.26,443.94,735.13,694.94,621.08,1,Moderate Activity,623.7725,128.85687599684647,347.03999999999996,-488.44
3,23.13,44.45,174.11,583.56,464.22,741.51,693.39,628.48,1,Low Activity,631.9,121.00089669089232,378.835,-409.44999999999993
0,21.07,49.14,100.59,604.87,461.0,724.82,901.13,601.12,2,Moderate Activity,672.0175,186.93624802322316,352.73,-504.28
0,19.03,49.18,127.53,580.56,480.65,742.8,705.63,621.9,1,Moderate Activity,637.745,116.29678886366553,354.04499999999996,-453.03
3,22.98,45.13,106.83,591.36,482.53,742.38,689.61,624.12,1,Low Activity,634.66,112.36507375514869,349.095,-484.53000000000003
3,22.95,45.31,112.25,594.04,481.59,733.75,697.34,639.74,1,Low Activity,638.105,111.28996615448614,353.145,-481.78999999999996
3,25.22,48.85,105.97,548.6,470.69,649.26,552.83,500.68,2,Low Activity,543.365,78.33050087077616,327.285,-442.63
3,22.97,45.53,104.24,589.33,482.52,738.19,692.28,632.88,1,High Activity,636.4675,111.31817023738759,346.785,-485.09000000000003
3,23.02,45.55,104.64,594.51,475.09,729.19,690.1560000000001,619.08,1,Low Activity,628.379,111.8976383009639,349.575,-489.87
3,23.16,45.27,103.68,590.21,478.55,728.96,704.03,616.94,1,Low Activity,632.12,113.08287668785226,346.94500000000005,-486.53000000000003
3,23.02,45.42,104.71,593.3,488.79,738.57,689.47,637.07,1,Moderate Activity,638.475,108.05411036451444,349.005,-488.59
3,23.33,44.55,111.29,585.77,486.08,837.75,692.682,625.55,1,Moderate Activity,660.5155,146.1700853606282,348.53,-474.47999999999996
3,23.69,43.85,110.25,588.28,474.31,736.25,687.88,636.39,1,High Activity,633.7075,113.81912972636307,349.265,-478.03
3,22.33,43.51,108.2,587.49,459.45,722.07,673.02,616.67,1,Low Activity,617.8025,114.01385979344793,347.845,-479.29
0,22.38,55.33,125.36,560.47,411.52,694.48,487.12,550.86,2,Low Activity,535.995,120.02951678649715,342.915,-435.11
3,22.77,46.11,110.8,586.36,485.89,724.67,681.6940000000001,614.72,1,Low Activity,626.7435,104.23280012708732,348.58,-475.56
3,22.99,45.64,107.9,589.37,481.54,731.58,685.86,617.4,1,Low Activity,629.095,108.98729513112984,348.635,-481.47
3,23.25,45.1,109.51,578.93,489.21,724.73,689.29,621.68,1,Low Activity,631.2275,103.88149734994519,344.21999999999997,-469.41999999999996
0,21.79,45.87,107.34,590.37,373.86,690.95,594.6,519.86,2,Low Activity,544.8175,133.76889084661403,348.855,-483.03
0,21.55,52.76,128.54,574.53,444.44,714.62,668.06,590.16,1,Low Activity,604.3199999999999,118.30891428797746,351.53499999999997,-445.99
3,23.1,45.38,109.65,585.09,421.93,724.51,675.21,596.79,1,Moderate Activity,604.61,132.65683146123055,347.37,-475.44000000000005
0,19.85,52.55,114.99,556.8,474.7,724.94,716.8159999999999,600.75,1,Low Activity,629.3015,117.64681940310442,335.895,-441.80999999999995
2,18.91,55.17,121.42,568.47,427.23,731.73,700.43,601.45,1,Moderate Activity,615.21,137.07075642406977,344.945,-447.05
3,23.31,45.02,113.24,586.41,411.21,721.53,661.78,597.04,1,Moderate Activity,597.89,134.43576731410928,349.825,-473.16999999999996
3,22.94,45.38,114.0,580.1,388.58,722.69,633.074,589.94,1,Low Activity,583.571,141.26417027682572,347.05,-466.1
3,22.6,46.01,113.89,591.28,390.77,719.94,664.77,590.4,1,Low Activity,591.47,143.9433520521181,352.585,-477.39
3,22.47,46.3,112.45,578.93,387.52,721.56,665.41,597.1,1,Low Activity,592.8974999999999,146.0703940742271,345.69,-466.47999999999996
3,22.47,46.16,108.54,588.94,369.54,713.46,632.3860000000001,570.99,1,Low Activity,571.594,146.79669949968223,348.74,-480.40000000000003
3,22.27,46.02,109.96,585.49,391.06,710.32,658.26,569.58,1,Low Activity,582.3050000000001,140.1113579740534,347.725,-475.53000000000003
3,22.67,45.86,106.08,587.4,370.09,703.77,631.216,544.6,1,Low Activity,562.419,143.78351019501508,346.74,-481.32
2,21.09,52.71,96.59,610.21,487.57,742.8,699.0,604.73,1,Moderate Activity,633.525,113.07816662232663,353.40000000000003,-513.62
3,22.41,46.46,108.36,590.58,339.13,685.84,506.53,514.32,1,Low Activity,511.45500000000004,141.5844832599957,349.47,-482.22
3,22.24,46.3,107.05,588.33,352.47,820.74,632.588,514.83,2,Low Activity,580.157,197.26308705888184,347.69,-481.28000000000003
3,24.51,52.55,123.08,547.66,472.36,705.94,648.6,566.36,1,Low Activity,598.315,101.64891522621711,335.37,-424.58
1,18.79,49.25,85.95,581.61,507.03,751.74,723.43,640.12,2,Moderate Activity,655.5799999999999,109.78233342998925,333.78000000000003,-495.66
3,22.19,45.91,104.13,593.67,355.64,887.52,597.87,517.22,2,High Activity,589.5625,222.71121785472178,348.9,-489.53999999999996
0,20.56,53.3,109.85,550.35,466.6,735.84,667.2,596.74,1,High Activity,616.595,114.99703923724879,330.1,-440.5
3,21.89,46.49,105.62,589.85,359.28,686.72,594.1320000000001,521.41,2,Low Activity,540.3855,138.39766843291355,347.735,-484.23
0,21.8,46.16,106.2,591.36,393.9,687.78,613.39,522.48,2,Low Activity,554.3874999999999,126.55589051877436,348.78000000000003,-485.16
0,21.79,46.24,94.41,591.2,359.95,685.24,604.55,524.49,2,Low Activity,543.5575,138.88760380849928,342.805,-496.7900000000001
3,21.4,47.02,110.26,590.49,412.0,736.93,501.45,622.37,1,Low Activity,568.1875,141.72532551265022,350.375,-480.23
0,21.29,47.17,106.19,589.58,348.53,687.59,516.15,519.15,2,Low Activity,517.855,138.42628591901664,347.885,-483.39000000000004
0,21.44,46.68,101.68,593.43,356.87,692.18,615.96,528.45,2,Low Activity,548.365,144.1281611390825,347.55499999999995,-491.74999999999994
0,20.57,55.38,138.45,559.78,360.69,682.49,640.698,537.34,2,Low Activity,555.3045000000001,143.37099674504137,349.115,-421.33
0,21.69,45.67,110.06,593.86,373.51,697.39,616.91,532.62,2,Low Activity,555.1075,138.50053968005565,351.96000000000004,-483.8
0,21.35,46.27,110.15,590.39,370.95,697.9,618.2,535.84,2,Low Activity,555.7225,139.8261659764247,350.27,-480.24
0,21.28,46.58,108.21,592.17,378.05,703.19,627.14,532.95,2,Low Activity,560.3325,140.05739118304328,350.19,-483.96
0,21.15,46.39,103.78,591.85,399.8,689.32,623.95,539.98,2,Low Activity,563.2625,124.94736181688673,347.815,-488.07000000000005
0,21.2,46.69,104.91,581.92,375.49,697.39,631.76,538.72,2,Low Activity,560.84,139.66563142018867,343.41499999999996,-477.01
0,21.0,47.04,99.34,592.88,389.54,696.37,628.2300000000001,536.96,2,Low Activity,562.7750000000001,132.6759969499633,346.11,-493.53999999999996
0,20.35,58.5,125.79,549.3,485.8,716.51,685.96,614.11,1,Low Activity,625.595,102.6060714577846,337.54499999999996,-423.50999999999993
0,20.15,48.92,109.95,590.1,355.95,703.5,628.93,544.08,2,Low Activity,558.115,149.68770924828797,350.02500000000003,-480.15000000000003
0,20.24,48.77,113.65,586.97,361.06,706.83,619.92,539.95,2,Low Activity,556.94,147.2991593096625,350.31,-473.32000000000005
0,20.19,48.94,119.13,587.45,354.26,707.2,618.59,533.68,2,Low Activity,553.4325,150.49893673489305,353.29,-468.32000000000005
2,21.3,53.72,130.35,554.28,426.3,686.9,633.66,551.87,2,Low Activity,574.6825,113.44439059880101,342.315,-423.92999999999995
0,18.19,51.84,120.23,593.63,479.52,594.25,713.64,642.33,0,Moderate Activity,607.435,98.37556353078746,356.93,-473.4
3,24.26,48.83,107.45,547.82,433.52,733.46,695.74,582.41,2,Low Activity,611.2825,134.7757872356901,327.63500000000005,-440.37000000000006
0,19.59,49.84,111.99,590.59,385.62,626.04,630.02,559.2,2,Low Activity,550.22,114.4414155801998,351.29,-478.6
1,19.79,55.66,114.08,553.46,530.95,724.56,671.92,604.26,1,High Activity,632.9224999999999,83.94078483272197,333.77000000000004,-439.38000000000005
0,19.56,49.69,113.33,590.08,380.49,708.46,651.31,550.45,2,Low Activity,572.6775,143.81707626356473,351.70500000000004,-476.75000000000006
2,22.73,52.23,104.99,565.21,423.17,642.16,555.6,497.08,3,Low Activity,529.5024999999999,92.61139396244214,335.1,-460.22
0,19.5,49.53,115.67,586.36,390.16,722.36,645.718,556.79,1,Low Activity,578.757,142.7783534340319,351.015,-470.69
2,22.87,52.36,108.29,566.53,417.63,637.07,559.22,493.58,3,Low Activity,526.875,93.5096503041264,337.40999999999997,-458.23999999999995
0,19.28,49.89,114.67,583.84,405.11,716.02,644.73,558.65,1,Low Activity,581.1275,133.82658290364685,349.255,-469.17
1,17.91,54.55,128.56,586.24,484.31,732.77,663.11,589.86,1,Moderate Activity,617.5125,106.25596465610764,357.4,-457.68
2,18.99,54.06,107.26,588.1,473.42,737.7,686.07,627.56,1,High Activity,631.1875,114.3980539971434,347.68,-480.84000000000003
0,21.02,55.22,147.18,559.88,356.13,685.71,645.28,543.15,2,Low Activity,557.5675,147.08151217947142,353.53,-412.7
0,18.98,50.46,110.72,586.75,380.74,721.91,648.56,547.95,1,Moderate Activity,574.79,147.7183078249499,348.735,-476.03
0,18.93,50.5,113.42,590.04,379.23,720.93,656.118,560.91,1,Low Activity,579.2969999999999,148.69012407016143,351.72999999999996,-476.61999999999995
0,18.78,50.58,119.94,593.08,397.59,721.53,646.368,548.58,1,Low Activity,578.5169999999999,139.86574475546183,356.51,-473.14000000000004
0,18.84,50.45,109.49,587.3,390.57,731.85,652.462,560.69,1,Low Activity,583.893,146.63462886599015,348.395,-477.80999999999995
0,18.86,50.31,115.32,590.31,394.92,559.83,652.72,571.39,1,High Activity,544.715,108.07966336611774,352.81499999999994,-474.98999999999995
2,22.96,51.19,106.12,562.96,475.49,713.34,640.3059999999999,596.01,2,Low Activity,606.2864999999999,99.71811789071566,334.54,-456.84000000000003
0,18.57,50.91,115.14,577.32,393.28,714.45,659.77,549.68,1,Low Activity,579.295,141.68242433931837,346.23,-462.18000000000006
3,23.74,52.43,116.54,553.95,427.9,700.47,648.96,575.13,2,Moderate Activity,588.115,118.55127793490884,335.245,-437.41
3,25.33,49.06,145.2,569.42,450.89,719.53,674.81,604.65,2,Low Activity,612.47,117.63980052119548,357.30999999999995,-424.21999999999997
0,18.45,50.89,117.49,585.19,378.71,733.17,663.85,562.93,1,High Activity,584.665,154.0712730091715,351.34000000000003,-467.70000000000005
0,18.53,50.74,122.39,584.97,396.01,723.3,662.36,570.23,1,High Activity,587.975,142.60835658076516,353.68,-462.58000000000004
0,18.42,50.84,113.44,587.93,394.75,727.84,698.894,572.54,1,Low Activity,598.5060000000001,151.65286544385944,350.68499999999995,-474.48999999999995
0,18.4,50.95,116.13,578.93,390.46,618.83,647.134,563.6,1,Low Activity,555.006,115.05116877864968,347.53,-462.79999999999995
0,18.35,50.94,114.17,585.33,383.18,733.31,657.29,568.28,1,Moderate Activity,585.515,150.81059876547135,349.75,-471.16
1,19.94,55.98,129.71,560.41,484.33,731.55,667.31,596.42,1,Moderate Activity,619.9024999999999,105.89926955209212,345.06,-430.69999999999993
0,18.29,51.06,121.32,593.43,415.4,727.64,653.5319999999999,570.71,1,Moderate Activity,591.8205,133.9466210137456,357.375,-472.10999999999996
0,18.3,50.99,116.56,578.93,377.27,731.75,668.47,559.24,1,Low Activity,584.1825,155.25834456908697,347.745,-462.36999999999995
0,17.32,49.02,112.17,584.39,504.32,748.67,700.75,649.73,2,Moderate Activity,650.8675000000001,105.7214208427034,348.28,-472.21999999999997
0,18.25,51.11,114.33,586.68,413.53,739.82,668.13,568.24,1,Moderate Activity,597.4300000000001,141.3561320447991,350.505,-472.34999999999997
0,18.2,51.25,119.54,578.93,409.98,734.37,663.08,588.16,1,Moderate Activity,598.8974999999999,139.37635772133905,349.23499999999996,-459.38999999999993
0,18.31,50.76,122.6,585.93,415.48,733.05,670.136,581.74,1,Moderate Activity,600.1015,137.8433625375798,354.265,-463.3299999999999
0,18.2,50.92,121.68,584.05,440.26,741.17,679.78,590.92,1,Low Activity,613.0324999999999,130.65698995844042,352.865,-462.36999999999995
0,18.22,50.9,116.65,589.47,405.63,737.88,697.0719999999999,577.11,1,Moderate Activity,604.423,149.06292280778607,353.06,-472.82000000000005
2,18.67,51.81,82.57,593.68,563.54,729.35,698.36,630.81,0,Low Activity,655.515,73.84000473997821,338.125,-511.10999999999996
0,21.94,52.17,106.17,547.02,459.95,717.73,650.38,583.61,1,Low Activity,602.9175,109.9197960257084,326.59499999999997,-440.84999999999997
1,18.05,51.01,112.41,597.48,431.56,739.73,685.594,597.36,1,High Activity,613.561,134.7766127733839,354.945,-485.07000000000005
1,17.93,51.26,114.26,583.87,419.61,742.97,670.46,583.18,1,Moderate Activity,604.055,139.239272357574,349.065,-469.61
1,17.89,51.45,110.82,593.8,406.73,737.62,676.07,575.9,1,Low Activity,599.08,144.51831095055047,352.30999999999995,-482.97999999999996
1,17.72,55.22,118.94,592.71,493.04,745.97,696.32,632.01,1,High Activity,641.835,109.61933542947612,355.82500000000005,-473.77000000000004
2,18.61,51.97,79.49,591.67,562.24,763.85,678.034,652.41,0,Low Activity,664.1335,82.9785716656214,335.58,-512.18
1,17.89,51.41,116.99,588.45,389.86,734.73,675.96,589.14,1,Moderate Activity,597.4225,150.74512670398337,352.72,-471.46000000000004
1,16.65,54.65,124.75,591.73,515.38,761.23,728.75,672.48,0,Moderate Activity,669.46,109.06695772169803,358.24,-466.98
1,19.29,57.36,138.63,557.92,418.69,684.87,639.41,563.52,2,Low Activity,576.6225,116.58207620241915,348.275,-419.28999999999996
3,21.1,53.02,129.29,573.43,453.53,716.41,675.1,600.33,2,Low Activity,611.3425,115.6579132254541,351.35999999999996,-444.14
1,17.81,51.27,116.45,586.76,458.8,744.58,689.63,612.35,1,High Activity,626.34,124.16614326511609,351.605,-470.31
1,17.87,51.01,116.79,586.82,447.51,735.12,682.1,612.03,1,Moderate Activity,619.19,125.0636118141484,351.805,-470.03000000000003
1,17.89,50.94,112.89,591.44,421.54,737.96,682.3300000000002,601.95,1,Low Activity,610.945,138.06253715858864,352.165,-478.55000000000007
2,21.63,48.98,160.0,575.3,402.0,707.18,666.51,583.17,2,Low Activity,589.7149999999999,135.37017950789604,367.65,-415.29999999999995
1,16.04,44.14,66.7,612.85,602.98,560.99,550.12,710.72,0,Low Activity,606.2025000000001,73.3114572105434,339.77500000000003,-546.15
1,17.82,51.08,118.59,590.09,429.22,733.92,708.422,589.9,1,Moderate Activity,615.3655,139.0603232689564,354.34000000000003,-471.5
1,17.79,51.15,116.56,590.75,456.43,748.87,691.31,609.6,1,Moderate Activity,626.5525,126.99626881001923,353.655,-474.19
0,20.01,54.83,125.0,601.94,465.77,744.76,691.302,607.19,1,Moderate Activity,627.2555,121.640800012441,363.47,-476.94000000000005
1,17.87,50.89,112.96,590.56,449.44,745.82,693.04,610.38,1,High Activity,624.67,129.4366465367002,351.76,-477.59999999999997
0,20.49,55.48,126.44,558.15,379.79,679.9,634.91,546.11,2,Moderate Activity,560.1775,132.4839213829361,342.29499999999996,-431.71
1,17.47,51.84,116.27,578.93,438.34,742.46,687.83,602.64,1,Low Activity,617.8175,132.76549812231593,347.59999999999997,-462.65999999999997
1,17.45,51.7,117.52,586.94,431.45,744.05,685.21,603.02,1,Moderate Activity,615.9325,135.9092727704773,352.23,-469.4200000000001
2,19.93,50.3,105.3,582.83,448.59,713.81,672.68,605.72,2,Moderate Activity,610.2,116.58565520680492,344.065,-477.53000000000003
1,17.44,45.54,102.51,578.93,400.13,757.41,705.582,609.14,1,Moderate Activity,618.0654999999999,157.74618237641548,340.71999999999997,-476.41999999999996
1,17.24,44.56,106.07,578.93,389.11,897.86,677.45,611.32,1,Moderate Activity,643.9350000000001,209.44424850860273,342.5,-472.85999999999996
1,17.14,43.94,97.56,578.93,390.66,762.33,707.5540000000001,606.34,1,Moderate Activity,616.721,163.97556286634097,338.245,-481.36999999999995
1,16.98,43.07,90.2,601.42,397.38,763.2,724.49,625.16,1,Moderate Activity,627.5575,164.0957310789447,345.81,-511.21999999999997
0,20.71,53.51,118.3,599.83,466.53,729.55,688.1,614.19,1,Low Activity,624.5925,115.67374417587885,359.065,-481.53000000000003
2,18.09,53.72,105.71,598.39,517.72,758.31,713.06,644.52,1,Low Activity,658.4024999999999,104.80655271339984,352.05,-492.68
3,23.43,53.25,107.43,550.76,475.75,862.12,672.408,594.01,1,Low Activity,651.0719999999999,162.2655834611887,329.095,-443.33
1,16.71,42.84,80.53,603.03,426.02,771.5,738.0,632.42,1,Moderate Activity,641.985,155.69776909127503,341.78,-522.5
1,16.51,43.89,75.86,602.22,446.58,779.02,723.4300000000001,641.49,1,Moderate Activity,647.63,145.45076394895057,339.04,-526.36
1,16.52,44.26,80.02,609.25,455.91,783.23,732.58,643.64,1,Moderate Activity,653.84,144.01630069775666,344.635,-529.23
1,16.44,44.72,70.67,606.44,442.93,771.73,746.58,661.29,1,Low Activity,655.6325,149.47066387198973,338.555,-535.7700000000001
1,16.39,44.99,73.04,613.19,461.65,584.59,705.9,660.81,1,Low Activity,603.2375,106.8471354708835,343.115,-540.1500000000001
1,16.34,45.11,78.14,612.05,466.62,780.3,733.19,661.22,1,Low Activity,660.3325,138.11316214732517,345.09499999999997,-533.91
1,16.33,45.04,70.74,578.93,467.85,768.17,733.24,664.15,1,Low Activity,658.3525,134.15517690967673,324.835,-508.18999999999994
1,16.34,44.97,70.19,611.56,458.94,778.9,747.87,655.96,1,Low Activity,660.4175,144.10539531306014,340.875,-541.3699999999999
2,23.22,51.62,146.59,560.71,351.46,694.77,649.394,562.85,2,Moderate Activity,564.6185,152.27822351100195,353.65000000000003,-414.12
1,17.8,40.56,59.98,633.67,580.91,805.5,765.284,715.98,0,Moderate Activity,716.9185,97.78393969529625,346.825,-573.6899999999999
2,23.25,50.55,125.62,561.34,412.99,710.1,650.0,570.71,2,Low Activity,585.95,128.66370143388022,343.48,-435.72
1,16.11,41.27,61.35,616.75,531.95,787.24,768.03,710.37,0,Low Activity,699.3975,116.31248983521358,339.05,-555.4
1,16.42,43.47,79.19,606.84,517.32,788.02,747.7,656.86,0,Moderate Activity,677.475,120.03659150442417,343.015,-527.6500000000001
1,16.6,43.91,70.9,612.67,515.88,781.73,747.25,667.53,0,Low Activity,678.0975000000001,118.24825957140625,341.78499999999997,-541.77
2,18.19,49.27,67.26,578.93,501.53,775.15,733.42,668.29,0,High Activity,669.5975,120.36477318966709,323.09499999999997,-511.66999999999996
1,16.82,44.94,78.72,606.03,492.73,773.61,724.486,650.1,0,Moderate Activity,660.2315,122.66855726849212,342.375,-527.31
0,21.28,53.96,104.68,555.35,492.94,716.42,672.636,592.89,1,Low Activity,618.7215,98.21748375756052,330.015,-450.67
1,17.38,44.63,78.06,609.01,427.01,765.43,833.43,631.95,0,Low Activity,664.4549999999999,179.0579089754671,343.53499999999997,-530.95
1,17.54,44.67,88.59,601.78,442.69,766.59,723.76,663.01,0,Moderate Activity,649.0125,143.96360798826905,345.185,-513.1899999999999
3,21.73,54.81,118.32,591.5,438.85,725.63,662.17,583.07,3,Low Activity,602.4300000000001,123.66666702605568,354.90999999999997,-473.18
1,18.04,44.81,99.84,591.52,425.22,748.28,748.156,652.79,0,Moderate Activity,643.6115,152.385628704503,345.68,-491.67999999999995
2,21.25,49.33,84.52,614.37,502.39,752.3,699.84,631.51,1,Moderate Activity,646.51,108.06045746093557,349.445,-529.85
2,19.09,51.03,85.87,609.02,445.25,845.17,717.52,649.41,1,Moderate Activity,664.3375,167.08374574346442,347.445,-523.15
3,25.45,46.7,108.31,576.59,402.03,705.62,623.862,587.85,2,Low Activity,579.8405,128.37328523100123,342.45000000000005,-468.28000000000003
1,17.89,54.85,122.31,583.08,518.41,734.68,699.51,634.47,1,Moderate Activity,646.7674999999999,95.1091570687772,352.69500000000005,-460.77000000000004
1,16.36,42.18,69.09,610.91,562.23,780.23,745.558,701.47,0,Moderate Activity,697.3720000000001,95.68610579737617,340.0,-541.8199999999999
2,16.3,42.07,68.97,611.8,579.64,793.85,754.76,714.69,0,Moderate Activity,710.735,93.18055036683712,340.385,-542.8299999999999
2,16.3,42.27,64.01,611.92,575.96,786.9,758.3100000000001,703.56,0,Moderate Activity,706.1825,93.44761112516466,337.965,-547.91
2,16.46,41.49,62.12,616.29,609.97,794.12,753.79,710.41,0,Moderate Activity,717.0725,79.1619152433795,339.205,-554.17
0,21.31,47.6,108.3,598.49,449.98,734.58,553.14,630.93,3,High Activity,592.1574999999999,120.44954970858132,353.395,-490.19
3,22.72,48.68,108.97,558.42,468.76,739.38,686.26,627.64,1,Low Activity,630.51,117.09261121010157,333.695,-449.44999999999993
2,16.35,41.97,68.31,608.95,574.67,785.44,766.04,702.83,0,Moderate Activity,707.245,95.16114911033812,338.63,-540.6400000000001
2,16.03,42.57,66.31,612.58,592.47,784.99,758.66,715.71,0,High Activity,712.9575,85.24907325986989,339.44500000000005,-546.27
1,19.98,57.31,107.65,554.79,478.89,703.47,643.18,578.63,2,Low Activity,601.0425,96.07378254064253,331.21999999999997,-447.14
2,20.96,43.71,107.8,582.59,502.76,840.61,700.84,608.96,2,Low Activity,663.2925,143.26434154503812,345.195,-474.79
2,15.99,42.51,70.52,617.92,570.16,770.68,717.81,636.55,0,Moderate Activity,673.8,88.41460399730352,344.21999999999997,-547.4
2,18.26,53.67,76.39,591.61,539.33,754.65,722.32,640.98,1,Low Activity,664.32,96.07421541010191,334.0,-515.22
2,17.92,41.88,74.88,613.88,528.27,746.37,682.98,615.57,0,Moderate Activity,643.2975,93.45013121981157,344.38,-539.0
3,24.47,42.8,114.14,594.75,467.13,742.22,706.56,637.14,1,Moderate Activity,638.2624999999999,122.1465006662082,354.445,-480.61
2,17.9,43.18,81.68,613.28,530.47,738.83,684.62,605.2,0,Low Activity,639.78,91.22496113089515,347.48,-531.5999999999999
2,18.58,42.04,81.89,607.52,535.58,739.82,679.52,611.18,0,Moderate Activity,641.525,88.03538890696173,344.705,-525.63
1,16.4,43.9,71.78,620.65,592.59,791.3,503.31,692.19,0,Moderate Activity,644.8475,124.4365397501875,346.215,-548.87
2,17.97,44.12,79.24,578.93,533.12,746.58,693.012,616.95,0,Moderate Activity,647.4155000000001,92.92334992347187,329.085,-499.68999999999994
2,17.9,44.14,85.49,595.88,511.91,736.18,679.85,610.52,0,Moderate Activity,634.615,96.60700543956425,340.685,-510.39
2,18.29,43.92,91.18,603.55,510.69,738.23,689.79,615.83,0,Moderate Activity,638.635,99.03869462656165,347.365,-512.3699999999999
2,17.68,45.79,90.19,597.33,524.26,725.97,666.882,585.24,0,High Activity,625.588,88.83892736858095,343.76,-507.14000000000004
2,17.73,46.07,99.45,592.62,489.53,705.39,636.866,560.87,0,Low Activity,598.164,93.42991717859971,346.035,-493.17
2,17.17,49.47,99.03,578.93,493.76,723.56,482.84,574.06,1,Moderate Activity,568.555,111.05285273238142,338.97999999999996,-479.9
2,17.26,50.5,103.6,589.68,480.79,716.19,656.6800000000001,571.47,1,Moderate Activity,606.2825,102.59929219216542,346.64,-486.0799999999999
2,17.16,55.01,108.49,596.45,433.3,704.06,471.98,553.81,1,Low Activity,540.7874999999999,119.88262242015448,352.47,-487.96000000000004
2,17.29,53.09,98.36,596.07,474.93,719.39,694.652,586.19,1,Low Activity,618.7905000000001,112.00277175588111,347.21500000000003,-497.71000000000004
2,21.41,53.48,129.02,542.81,446.04,689.97,812.04,561.56,2,Moderate Activity,627.4024999999999,158.35960098775192,335.91499999999996,-413.78999999999996
2,16.96,48.89,83.92,599.87,506.35,741.82,530.54,638.5,1,Low Activity,604.3025,108.19138979142474,341.895,-515.95
2,16.64,49.49,87.78,601.49,507.63,760.14,705.33,645.38,1,Moderate Activity,654.62,108.62383440111107,344.635,-513.71
2,16.39,47.24,81.2,600.56,525.32,759.71,728.82,657.85,1,Moderate Activity,667.9250000000001,104.19593546135408,340.88,-519.3599999999999
2,16.21,46.47,81.62,611.45,533.92,770.26,734.82,665.48,1,Moderate Activity,676.12,104.31056066701335,346.535,-529.83
3,23.2,51.62,110.56,574.73,422.15,593.34,672.53,600.13,1,Low Activity,572.0375,106.15710099501902,342.645,-464.17
2,16.49,43.16,73.3,578.93,539.02,872.59,743.78,685.46,0,Moderate Activity,710.2125000000001,138.33870014689793,326.11499999999995,-505.62999999999994
2,16.25,44.16,70.57,578.93,539.05,783.3,745.1320000000001,681.23,0,Moderate Activity,687.178,107.3551552682342,324.75,-508.35999999999996
2,16.06,44.84,74.93,613.48,538.94,775.23,903.84,687.05,0,Moderate Activity,726.2650000000001,153.36114642677046,344.20500000000004,-538.55
2,16.11,45.03,80.94,609.25,540.47,776.83,736.02,667.01,0,Low Activity,680.0825,103.52394743085614,345.095,-528.31
2,16.26,46.89,82.27,601.99,534.49,767.49,736.39,659.68,0,Moderate Activity,674.5124999999999,103.76245961329174,342.13,-519.72
2,16.3,47.46,77.67,602.89,525.08,764.52,681.288,650.32,0,Low Activity,655.302,99.30833017761734,340.28,-525.22
2,18.52,46.69,87.81,610.19,484.77,762.66,725.262,651.94,0,Low Activity,656.1579999999999,123.16611667175351,349.0,-522.3800000000001
1,19.1,54.03,103.97,549.41,494.74,720.0,654.44,585.37,2,Low Activity,613.6375,96.45982319943711,326.69,-445.43999999999994
2,17.98,46.44,83.69,609.8,503.25,761.38,714.67,642.48,0,Moderate Activity,655.445,112.63693014874532,346.745,-526.1099999999999
2,17.98,46.69,87.99,603.29,494.57,747.52,711.1,641.53,0,Low Activity,648.6800000000001,111.75362276006983,345.64,-515.3
2,19.29,44.79,89.86,595.88,512.87,572.84,695.87,635.78,0,Moderate Activity,604.3399999999999,79.00469479720809,342.87,-506.02
2,19.34,44.96,96.47,602.19,517.14,750.82,711.36,642.66,0,Moderate Activity,655.495,102.49324709462572,349.33000000000004,-505.72
2,19.41,45.04,93.97,602.04,526.42,746.59,710.3520000000001,644.05,0,Moderate Activity,656.8530000000001,96.7669993127823,348.005,-508.06999999999994
1,19.22,57.55,142.29,562.03,410.67,692.56,614.3100000000001,556.57,2,Low Activity,568.5275,119.08270301909228,352.15999999999997,-419.74
2,19.6,44.94,94.9,601.01,531.47,747.18,709.91,625.28,1,High Activity,653.46,95.9960301262505,347.955,-506.11
3,19.94,44.48,97.58,591.04,521.53,749.4,706.45,629.19,1,Moderate Activity,651.6424999999999,99.98961325224404,344.31,-493.46
3,19.97,44.72,94.33,597.24,523.7,748.11,708.58,630.75,1,Low Activity,652.785,98.90806522557534,345.785,-502.91
2,19.15,49.97,85.41,612.68,540.71,759.81,717.23,652.1,0,Moderate Activity,667.4625,95.40626722076487,349.04499999999996,-527.27
3,20.47,44.03,93.92,598.37,521.39,740.18,700.59,636.19,1,Low Activity,649.5875,95.60744056644684,346.145,-504.45
3,20.39,44.52,93.83,578.93,529.15,740.54,699.07,622.77,1,High Activity,647.8825,92.97601245303365,336.38,-485.09999999999997
1,16.28,40.69,68.92,602.76,590.93,787.88,522.23,712.97,1,Moderate Activity,653.5025,119.3614721130734,335.84,-533.84
0,21.49,53.74,117.9,572.2,397.1,691.87,650.14,574.66,3,Low Activity,578.4425,130.2635007398465,345.05,-454.30000000000007
3,20.23,45.3,97.69,597.97,500.77,736.44,700.9,624.24,1,High Activity,640.5875000000001,104.30959283945718,347.83000000000004,-500.28000000000003
3,20.12,45.66,102.27,588.55,506.05,743.56,692.87,625.76,1,Moderate Activity,642.06,102.71046068114644,345.40999999999997,-486.28
3,20.25,45.49,92.96,599.05,508.23,739.41,690.02,626.72,1,Moderate Activity,641.095,99.86531546704957,346.005,-506.09
0,20.5,56.12,126.04,560.7,461.85,722.77,663.9,590.69,1,Low Activity,609.8025,112.46247592715831,343.37,-434.66
3,22.1,53.74,123.11,592.71,408.54,714.31,667.496,592.97,3,Low Activity,595.829,134.48574850394618,357.91,-469.6
3,22.21,50.69,114.99,594.36,457.11,563.78,672.986,593.98,1,Low Activity,571.9639999999999,89.34682966209078,354.675,-479.37
3,21.59,44.05,98.21,588.99,507.66,729.18,687.93,603.46,1,High Activity,632.0575,98.05962688589015,343.6,-490.78000000000003
1,19.13,52.13,87.67,612.71,497.98,756.31,717.92,644.51,1,Moderate Activity,654.1800000000001,113.99601367299353,350.19,-525.0400000000001
3,21.62,44.04,93.11,596.42,502.21,741.8,691.91,630.43,1,High Activity,641.5875,103.48184458316024,344.765,-503.30999999999995
3,25.54,44.38,116.92,578.93,384.8,708.05,662.5,578.19,1,Low Activity,583.385,142.90268915127754,347.92499999999995,-462.00999999999993
1,18.02,45.57,67.89,628.99,585.44,784.32,759.41,699.71,0,Moderate Activity,707.22,88.60958300319439,348.44,-561.1
3,22.16,43.17,98.82,587.44,516.23,735.08,697.95,607.32,1,High Activity,639.145,97.94978322249281,343.13,-488.62000000000006
3,21.37,44.67,104.87,594.38,512.35,731.47,677.584,610.49,1,Moderate Activity,632.9735000000001,94.42314996334319,349.625,-489.51
3,21.2,45.11,105.64,588.85,484.97,727.94,810.02,613.08,1,Low Activity,659.0025,141.36813794133386,347.245,-483.21000000000004
3,20.75,46.51,103.15,591.85,484.74,721.08,678.4799999999999,608.57,1,High Activity,623.2175000000001,103.31437472588216,347.5,-488.70000000000005
3,22.12,45.5,118.39,582.79,451.17,713.25,672.58,595.9,1,Moderate Activity,608.225,115.45561239425882,350.59,-464.4
3,22.35,44.32,112.95,585.64,479.85,715.24,673.23,605.89,1,Low Activity,618.5525,102.85398076075292,349.295,-472.69
2,24.02,51.67,111.05,556.07,477.47,712.17,710.812,598.64,1,Low Activity,624.7729999999999,111.68714134879924,333.56,-445.02000000000004
0,22.74,51.84,115.3,548.4,473.76,699.92,636.75,588.05,1,Low Activity,599.6199999999999,95.59172105016904,331.84999999999997,-433.09999999999997
1,16.54,42.78,76.54,613.96,461.82,783.23,737.95,685.3,0,Moderate Activity,667.075,142.5681302629261,345.25,-537.4200000000001
3,23.71,41.78,111.77,591.81,445.94,717.09,675.36,617.62,1,High Activity,614.0024999999999,119.2334763884148,351.78999999999996,-480.03999999999996
3,22.82,43.52,114.09,584.55,456.09,719.48,688.52,604.21,1,Low Activity,617.075,117.85987513427405,349.32,-470.4599999999999
3,22.28,44.5,116.27,584.12,448.03,717.77,676.94,601.05,1,Moderate Activity,610.9475,118.89228861312523,350.195,-467.85
0,20.04,56.91,111.89,602.34,446.84,729.72,675.27,585.44,3,Low Activity,609.3175,123.57935004819105,357.115,-490.45000000000005
3,22.33,44.65,110.1,585.91,440.04,706.03,669.3,602.21,1,High Activity,604.395,117.69972033385066,348.005,-475.80999999999995
1,17.22,45.24,61.66,634.65,624.78,797.04,756.62,719.6,0,Low Activity,724.51,73.62480107500008,348.155,-572.99
2,19.3,43.07,68.21,619.42,508.22,760.22,729.44,680.18,0,Moderate Activity,669.515,112.46958388826732,343.815,-551.2099999999999
3,21.79,44.12,109.99,578.93,453.94,728.92,717.25,615.92,1,Moderate Activity,629.0074999999999,127.26502357285759,344.46,-468.93999999999994
3,21.55,44.34,111.15,578.93,460.53,725.67,685.41,618.24,1,Low Activity,622.4624999999999,116.69638651217953,345.03999999999996,-467.78
3,24.07,49.07,112.91,547.88,460.82,729.53,685.27,621.53,1,Moderate Activity,624.2874999999999,117.64930439658366,330.395,-434.97
3,21.4,44.67,116.55,586.85,468.87,721.72,672.13,604.94,1,Moderate Activity,616.9150000000001,109.6866854575644,351.7,-470.3
3,24.99,52.04,124.3,551.45,466.53,607.43,667.01,583.12,2,Low Activity,581.0225,84.0716723496486,337.875,-427.15000000000003
1,18.66,50.38,97.75,581.92,511.74,746.11,699.71,635.48,2,Moderate Activity,648.26,101.69032041775986,339.835,-484.16999999999996
2,20.76,46.68,99.56,584.92,459.21,726.77,681.18,622.59,2,High Activity,622.4375,116.87485026728376,342.24,-485.35999999999996
1,20.2,57.8,151.49,535.69,505.24,711.08,502.49,593.51,2,Low Activity,578.08,98.22864246236941,343.59000000000003,-384.20000000000005
3,21.49,47.15,103.46,580.61,426.35,733.12,665.4979999999999,636.25,1,Moderate Activity,615.3045,132.3409693720479,342.035,-477.15000000000003
3,25.06,46.9,106.64,602.69,373.31,712.26,667.73,599.71,2,Low Activity,588.2525,150.58340510051784,354.665,-496.05000000000007
3,21.29,44.01,114.67,587.31,448.34,708.75,670.32,610.64,2,High Activity,609.5124999999999,114.78019497427829,350.98999999999995,-472.63999999999993
1,18.86,51.75,115.16,597.23,478.49,746.0,700.58,629.82,1,Moderate Activity,638.7225000000001,117.03065250181254,356.195,-482.07000000000005
3,21.01,44.49,104.56,588.45,455.71,711.0,665.46,599.07,2,Low Activity,607.8100000000001,111.32908604672907,346.505,-483.89000000000004
3,21.04,44.3,110.4,589.39,438.0,714.27,661.27,600.34,2,Low Activity,603.47,119.73247651883483,349.895,-478.99
0,20.85,44.55,109.42,586.63,449.55,712.86,641.3879999999999,593.75,2,Moderate Activity,599.387,111.24014273633415,348.025,-477.21
1,20.77,55.61,122.78,546.52,493.07,711.81,881.02,583.29,2,Low Activity,667.2974999999999,168.39551802725234,334.65,-423.74
0,20.67,44.77,112.85,589.1,452.43,626.27,666.28,597.45,3,Low Activity,585.6075000000001,93.16290834697394,350.975,-476.25
0,20.6,44.85,106.31,577.83,458.97,714.02,664.07,590.26,3,Low Activity,606.8299999999999,110.91026132268675,342.07000000000005,-471.52000000000004
0,21.0,54.72,142.78,568.15,450.91,702.36,656.61,574.61,2,Low Activity,596.1225000000001,110.29445721189558,355.465,-425.37
0,19.25,53.18,130.76,591.76,430.07,735.27,687.57,606.81,1,High Activity,614.93,134.16089743289587,361.26,-461.0
0,20.38,44.88,104.9,586.5,449.03,706.44,657.61,591.9,3,High Activity,601.245,111.80300607169144,345.7,-481.6
2,19.5,57.57,129.93,543.13,499.04,722.12,713.124,606.15,2,Low Activity,635.1085,104.89780866316195,336.53,-413.2
0,20.02,45.49,115.04,586.06,446.73,706.97,664.92,606.97,3,Low Activity,606.3975,114.06686500323688,350.54999999999995,-471.0199999999999
0,19.97,45.4,193.7,585.26,443.36,711.59,667.27,597.33,3,Low Activity,604.8875,117.50921790083818,389.48,-391.56
0,19.34,46.69,110.37,586.81,456.7,709.98,666.356,600.27,3,Low Activity,608.3265,110.68929431370799,348.59,-476.43999999999994
0,19.11,47.16,113.58,587.06,449.12,716.68,826.59,597.36,3,Moderate Activity,647.4375,161.99560577888113,350.32,-473.47999999999996
0,18.9,47.6,115.08,586.15,464.88,717.29,666.73,595.34,3,Low Activity,611.0600000000001,109.54401337666364,350.615,-471.07
0,18.89,47.55,117.9,584.34,461.94,710.62,668.76,587.79,3,Low Activity,607.2774999999999,109.48747519693748,351.12,-466.44000000000005
2,23.35,52.24,112.87,543.18,494.19,707.75,867.76,605.7,2,Low Activity,668.8499999999999,158.71613675573968,328.025,-430.30999999999995
2,18.16,54.03,74.48,593.75,538.32,759.82,720.23,665.24,0,Moderate Activity,670.9025,96.52237611904644,334.115,-519.27
1,18.38,49.17,77.6,578.93,562.21,777.0,747.49,696.21,1,Low Activity,695.7275,95.06441899224616,328.265,-501.3299999999999
0,18.86,46.94,112.8,586.39,465.84,727.98,648.2099999999999,605.78,3,Moderate Activity,611.9524999999999,109.79366933024873,349.59499999999997,-473.59
1,17.99,50.79,113.79,595.16,440.24,741.9,691.95,608.67,1,Moderate Activity,620.6899999999999,132.25799862390176,354.47499999999997,-481.36999999999995
2,18.2,42.3,59.91,622.39,462.14,785.6,746.894,698.55,0,Moderate Activity,673.296,145.20499861919356,341.15,-562.48
3,23.94,51.89,130.47,551.58,435.76,696.01,622.12,568.33,2,Moderate Activity,580.555,109.80672247180496,341.02500000000003,-421.11
0,18.98,46.51,111.97,588.24,464.91,719.53,674.48,611.4,3,High Activity,617.58,111.02212061867068,350.105,-476.27
0,18.86,46.64,110.67,585.95,465.98,724.14,668.39,609.86,3,Low Activity,617.0925,111.02236632769092,348.31,-475.28000000000003
3,24.69,48.18,109.7,546.94,435.64,728.11,676.84,601.74,1,Low Activity,610.5825,127.65296402747569,328.32000000000005,-437.24000000000007
0,18.13,48.4,113.76,586.23,476.93,726.36,688.094,615.8,3,High Activity,626.796,109.92598247912093,349.995,-472.47
0,18.25,48.01,117.81,587.83,461.2,823.54,680.51,614.89,3,Moderate Activity,645.035,150.3623832612399,352.82000000000005,-470.02000000000004
1,16.2,44.36,69.4,616.18,566.63,794.44,751.03,694.97,1,Moderate Activity,701.7675000000002,98.86579468316297,342.78999999999996,-546.78
1,18.07,52.3,122.77,589.76,472.33,751.09,699.672,621.45,1,Moderate Activity,636.1355000000001,121.5172548008444,356.265,-466.99
3,24.97,45.73,99.86,600.74,411.31,700.13,672.05,575.89,1,Low Activity,589.845,130.37117715712063,350.3,-500.88
3,23.3,46.15,110.17,599.28,452.68,737.68,693.568,616.48,3,Low Activity,625.102,125.38618239662613,354.72499999999997,-489.10999999999996
0,17.82,48.61,114.42,584.76,471.86,742.71,692.16,625.68,2,Low Activity,633.1025,117.69427864174196,349.59,-470.34
0,17.78,48.65,113.53,578.32,469.88,731.27,692.02,617.12,2,Moderate Activity,627.5725,115.30081103357425,345.925,-464.7900000000001
2,24.52,44.59,97.68,604.42,439.63,632.85,645.838,614.35,1,Low Activity,583.167,96.55966132914925,351.04999999999995,-506.73999999999995
0,17.77,48.55,113.43,587.08,480.84,739.76,681.39,633.89,2,Low Activity,633.9699999999999,110.88880887327329,350.255,-473.65000000000003
0,17.7,48.57,116.76,586.37,483.48,733.63,689.42,633.47,2,Moderate Activity,635.0,109.0108016054678,351.565,-469.61
1,16.48,48.23,113.29,585.91,520.66,757.75,730.91,669.37,1,Low Activity,669.6724999999999,106.0070659201546,349.59999999999997,-472.61999999999995
0,17.62,48.72,111.54,584.13,472.3,735.93,687.39,639.96,2,High Activity,633.895,114.63359673324393,347.835,-472.59
0,17.65,48.53,113.96,578.49,471.48,557.45,690.48,630.83,2,Low Activity,587.5600000000001,94.59738861793878,346.225,-464.53000000000003
3,23.71,51.15,110.65,554.18,463.78,706.15,647.96,590.33,3,Low Activity,602.055,103.60258893161568,332.41499999999996,-443.53
0,17.61,48.63,117.12,584.87,483.84,732.09,728.008,632.69,2,Low Activity,644.157,116.32746203139942,350.995,-467.75
2,17.99,56.16,106.26,596.03,384.97,721.23,670.65,577.07,1,Low Activity,588.48,148.23515057727255,351.145,-489.77
0,17.5,48.79,115.5,581.33,502.44,741.4,696.22,626.12,2,Moderate Activity,641.545,104.16094645627345,348.415,-465.83000000000004
0,22.82,52.13,144.0,559.29,339.39,668.91,615.3520000000001,525.81,2,Low Activity,537.3655,144.58409069119605,351.645,-415.28999999999996
0,17.49,48.68,120.67,586.26,496.48,747.94,695.52,630.23,2,Low Activity,642.5425,108.6294927340944,353.465,-465.59
3,24.09,51.63,118.13,549.09,489.64,717.48,676.08,595.82,1,Low Activity,619.755,100.37509435445962,333.61,-430.96000000000004
0,17.27,48.97,115.76,583.84,492.08,738.46,701.0,640.24,2,Low Activity,642.9449999999999,108.41442631556622,349.8,-468.08000000000004
0,17.24,49.09,114.63,580.83,494.98,739.28,703.07,640.01,2,Moderate Activity,644.335,107.68778157246994,347.73,-466.20000000000005
0,17.26,48.97,111.84,585.87,490.15,743.52,698.2,631.19,2,High Activity,640.7650000000001,110.50479341036147,348.855,-474.03
0,22.38,52.69,143.29,562.34,339.68,675.44,607.26,521.55,3,Low Activity,535.9825000000001,145.22608222469316,352.815,-419.05000000000007
3,25.74,46.54,125.57,576.56,440.79,716.42,675.06,605.74,2,Low Activity,609.5025,121.39083116803617,351.06499999999994,-450.98999999999995
0,17.21,49.11,117.21,588.2,496.65,736.21,701.33,649.03,2,Low Activity,645.8050000000001,105.69406211640592,352.70500000000004,-470.99000000000007
1,19.05,56.15,109.62,603.33,485.77,726.95,681.8,595.79,1,Low Activity,622.5775,106.19916113133853,356.475,-493.71000000000004
1,17.0,49.31,114.25,583.68,503.87,746.76,896.3,637.87,2,Moderate Activity,696.2,166.32251942135395,348.965,-469.42999999999995
3,23.67,49.45,139.87,572.54,436.41,706.01,654.788,580.53,2,Low Activity,594.4345000000001,117.26993772631302,356.205,-432.66999999999996
1,16.88,49.6,112.4,578.93,490.24,749.14,707.1,636.19,2,High Activity,645.6675,113.61930744816217,345.66499999999996,-466.53
3,22.29,45.22,121.22,582.54,473.64,711.65,668.074,594.75,2,Low Activity,612.0285,104.10806057009546,351.88,-461.31999999999994
1,16.76,49.83,113.66,588.03,509.23,745.35,707.13,646.17,2,Moderate Activity,651.97,103.55481253906068,350.84499999999997,-474.37
1,19.66,54.88,112.47,545.49,472.51,734.01,683.052,621.9,1,Moderate Activity,627.868,113.25947084460532,328.98,-433.02
1,16.8,49.67,113.44,580.14,518.42,749.22,700.14,649.93,2,High Activity,654.4274999999999,99.32021995377714,346.78999999999996,-466.7
1,16.71,49.82,109.96,575.59,508.47,749.52,704.78,648.15,2,Moderate Activity,652.73,104.73686170589605,342.77500000000003,-465.63000000000005
1,16.79,49.63,106.7,582.95,501.43,740.73,708.566,653.86,1,Moderate Activity,651.1465000000001,106.0575251251257,344.82500000000005,-476.25000000000006
1,16.76,49.74,114.52,578.5,497.89,745.17,704.85,645.05,1,Moderate Activity,648.24,108.3442285803294,346.51,-463.98
3,23.69,51.05,137.36,560.62,407.45,684.27,898.34,530.02,2,Low Activity,630.02,211.7200114931668,348.99,-423.26
3,23.2,46.12,91.71,606.32,451.06,737.28,723.618,608.64,1,Moderate Activity,630.1495,132.6009202117391,349.01500000000004,-514.61
1,19.44,54.97,110.17,559.35,477.26,719.67,668.13,594.75,2,Low Activity,614.9525,105.1363668052116,334.76,-449.18
1,16.51,50.07,120.53,578.93,521.16,744.04,705.19,656.27,1,Moderate Activity,656.665,97.2125288564528,349.72999999999996,-458.4
1,16.5,50.03,117.95,583.72,508.17,753.98,708.8439999999999,645.66,1,Low Activity,654.1635,106.98863227309089,350.83500000000004,-465.77000000000004
1,16.47,50.05,111.92,579.67,522.62,744.34,710.42,655.45,1,Moderate Activity,658.2075,97.53038274472901,345.79499999999996,-467.74999999999994
1,16.45,50.11,116.15,585.07,511.61,749.2,699.24,656.22,1,Moderate Activity,654.0675,102.28965388379544,350.61,-468.9200000000001
0,18.72,53.54,132.81,579.12,478.72,733.73,694.538,622.29,1,Low Activity,632.3195000000001,112.32190128228184,355.96500000000003,-446.31
1,16.3,50.36,115.38,587.85,514.18,745.74,658.914,654.41,1,Moderate Activity,643.311,95.80041164142601,351.615,-472.47
1,16.35,50.24,118.2,582.53,517.72,747.49,703.87,648.79,1,Moderate Activity,654.4675,99.70941994114698,350.365,-464.33
1,19.24,53.58,92.26,550.57,467.76,722.92,642.16,593.08,2,Low Activity,606.4799999999999,106.855251625739,321.415,-458.31000000000006
3,22.08,44.66,112.19,586.55,448.55,719.07,650.74,601.5,1,Moderate Activity,604.965,114.88104006609039,349.37,-474.35999999999996
1,19.06,55.78,111.33,551.35,497.88,714.39,671.05,589.74,2,Low Activity,618.265,95.45067783939514,331.34000000000003,-440.02000000000004
1,17.38,43.99,107.92,592.36,532.67,772.2,729.49,655.42,1,Low Activity,672.4449999999999,104.93187202497951,350.14,-484.44
2,24.59,44.01,96.6,603.99,475.28,745.28,700.3620000000001,630.56,1,Moderate Activity,637.8705,118.22450727746767,350.295,-507.39
2,22.93,51.89,151.08,550.31,418.81,705.95,667.02,589.62,1,Low Activity,595.35,127.23751202639366,350.695,-399.2299999999999
1,19.05,56.07,117.97,597.58,504.7,734.38,688.76,609.98,1,Low Activity,634.4549999999999,100.61382327162275,357.77500000000003,-479.61
1,16.76,42.47,89.68,593.58,540.1,759.01,717.05,660.4,1,Moderate Activity,669.14,95.04331328399698,341.63,-503.90000000000003
1,17.09,41.57,86.43,596.21,551.97,759.27,721.5260000000001,662.79,1,Moderate Activity,673.889,90.45556789938361,341.32000000000005,-509.78000000000003
0,22.92,55.24,129.74,541.21,438.26,697.46,648.87,574.26,2,Low Activity,589.7125000000001,112.96868751266139,335.475,-411.47
1,19.45,55.09,119.7,578.93,463.22,724.54,664.58,602.42,2,Low Activity,613.69,112.02045706030661,349.315,-459.22999999999996
2,16.1,45.05,73.81,615.31,557.84,776.92,740.16,676.09,0,Moderate Activity,687.7525,96.10872432649732,344.55999999999995,-541.5
1,16.18,41.45,69.86,602.73,574.56,782.38,751.59,700.37,1,Low Activity,702.225,91.58515254486763,336.295,-532.87
1,16.33,40.97,72.01,611.76,578.82,789.9,747.76,700.79,1,Low Activity,704.3175,91.23902833583149,341.885,-539.75
0,20.65,56.26,113.86,600.05,434.66,727.13,679.46,601.16,3,Low Activity,610.6025,128.276962955162,356.955,-486.18999999999994
3,23.07,49.67,106.38,572.72,466.18,724.59,674.18,609.79,1,High Activity,618.685,112.00068467052631,339.55,-466.34000000000003
1,17.08,40.13,80.11,599.33,549.24,785.3,736.95,691.88,1,Moderate Activity,690.8425,101.81759061347567,339.72,-519.22
3,25.13,46.64,105.24,599.1,374.32,721.73,669.4300000000001,602.71,2,Low Activity,592.0475,153.1062324825479,352.17,-493.86
1,17.85,41.22,81.79,595.89,513.63,768.33,729.46,673.46,1,Moderate Activity,671.22,112.04444862047683,338.84,-514.1
0,21.78,51.26,125.66,567.59,369.18,681.15,649.21,550.72,2,Low Activity,562.565,140.3659746282315,346.625,-441.93000000000006
1,16.71,43.28,77.85,602.49,542.08,779.05,740.83,682.77,1,Low Activity,686.1825,103.90363720775127,340.17,-524.64
1,16.07,43.69,88.08,578.93,544.35,770.36,735.06,695.02,1,Moderate Activity,686.1975,99.44750721695674,333.505,-490.84999999999997
1,16.23,43.44,68.91,616.51,606.62,797.61,765.66,709.24,0,Low Activity,719.7825,83.82275044202896,342.71,-547.6
1,15.64,42.1,68.11,609.09,560.86,786.52,747.99,693.57,1,Moderate Activity,697.235,98.58913750172141,338.6,-540.98
1,15.62,42.03,73.16,605.62,569.87,771.45,746.95,692.43,1,Moderate Activity,695.1750000000001,89.82836281858125,339.39,-532.46
1,15.61,41.89,71.83,605.88,555.95,796.09,779.638,695.46,1,Moderate Activity,706.7845,109.79131034679688,338.855,-534.05
1,15.51,42.09,74.03,602.96,585.4,784.55,760.3419999999999,702.11,1,Low Activity,708.1004999999999,88.81628822650342,338.495,-528.9300000000001
0,20.05,53.89,118.84,598.76,464.68,738.38,695.7,610.22,1,High Activity,627.245,120.76741434123142,358.8,-479.91999999999996
3,22.85,44.01,122.0,586.35,472.51,716.03,671.2540000000001,613.12,2,Low Activity,618.2285,105.88801485059582,354.175,-464.35
2,23.33,51.47,109.58,552.22,475.83,716.91,674.97,617.18,1,Low Activity,621.2225,105.19856189606395,330.90000000000003,-442.64000000000004
1,15.39,42.83,63.08,612.67,562.71,782.83,744.68,693.96,1,Moderate Activity,696.045,96.05479148208416,337.875,-549.5899999999999
2,18.38,47.18,103.16,597.01,375.86,747.47,700.41,631.89,2,High Activity,613.9074999999999,165.64178868369336,350.085,-493.85
1,15.27,43.24,70.78,606.42,557.45,779.52,745.29,700.27,0,Low Activity,695.6325,97.67102892703987,338.59999999999997,-535.64
1,15.23,43.55,71.22,606.31,577.02,782.19,756.35,697.94,0,Moderate Activity,703.375,91.31133573293809,338.765,-535.0899999999999
1,15.14,43.91,64.15,607.44,596.26,783.64,751.984,695.57,0,Moderate Activity,706.8635,82.24185436260542,335.795,-543.2900000000001
3,22.73,49.27,107.29,551.22,471.85,736.58,685.76,624.78,1,Moderate Activity,629.7425000000001,114.75608869104362,329.255,-443.93
2,15.12,44.22,63.87,609.81,579.86,779.54,756.3,695.82,0,Low Activity,702.88,89.28272695954873,336.84,-545.9399999999999
2,15.28,44.12,69.1,603.55,578.98,787.6,758.2,681.27,0,Moderate Activity,701.5124999999999,93.1817268835473,336.325,-534.4499999999999
2,15.44,44.87,83.98,600.82,549.5,782.27,740.01,692.56,0,Low Activity,691.0849999999999,101.25355582233477,342.40000000000003,-516.84
2,21.59,44.75,109.82,591.37,432.76,737.44,731.4979999999999,638.47,1,Moderate Activity,635.0419999999999,142.26602903012372,350.595,-481.55
2,14.97,45.54,69.99,604.92,567.44,784.15,750.46,707.08,0,Moderate Activity,702.2825,95.26957344818962,337.455,-534.93
2,14.94,45.14,67.79,607.63,576.26,777.44,744.956,693.12,0,Moderate Activity,697.944,88.24210822504189,337.71,-539.84
3,24.26,51.03,109.97,544.39,467.99,647.17,552.97,500.7,2,Low Activity,542.2075,78.2390943944692,327.18,-434.41999999999996
2,15.57,45.73,76.79,602.22,561.31,775.21,742.75,677.95,1,Moderate Activity,689.3050000000001,94.42403136913826,339.505,-525.4300000000001
3,22.45,52.71,145.17,560.66,349.21,682.95,813.03,540.6,3,Low Activity,596.4475,198.8600734813301,352.91499999999996,-415.49
0,20.81,53.37,116.86,587.78,465.5,728.56,832.71,601.84,1,Low Activity,657.1525,158.86012744444926,352.32,-470.91999999999996
3,23.18,49.98,110.59,573.6,429.94,711.97,698.116,590.83,2,Low Activity,607.714,130.29517728603773,342.095,-463.01
3,23.85,52.95,123.38,554.85,482.82,827.32,687.3480000000001,612.89,2,Low Activity,652.5945,143.91737708722556,339.115,-431.47
2,15.56,47.22,81.07,604.65,542.5,754.4,720.93,657.86,1,Moderate Activity,668.9225,93.3027517904304,342.86,-523.5799999999999
0,18.52,50.78,118.02,590.21,384.28,723.76,666.27,573.35,1,Moderate Activity,586.915,148.62561746437478,354.115,-472.19000000000005
2,17.55,45.27,89.55,578.93,489.26,743.42,696.37,634.25,1,Low Activity,640.8249999999999,110.49307806374117,334.23999999999995,-489.37999999999994
2,17.3,45.56,93.71,594.85,484.21,742.99,653.722,638.71,1,Moderate Activity,629.908,107.48647624701445,344.28000000000003,-501.14000000000004
2,17.31,45.57,84.74,578.93,432.45,739.55,702.62,625.69,1,High Activity,625.0775,136.89718949513414,331.835,-494.18999999999994
2,16.99,45.75,92.63,598.65,436.68,752.41,705.5,631.3,1,High Activity,631.4725,139.1043942212706,345.64,-506.02
2,16.97,45.86,92.05,597.3,438.84,738.15,706.37,639.86,1,High Activity,630.8050000000001,134.36960531806787,344.67499999999995,-505.24999999999994
3,22.69,45.99,121.77,588.74,449.92,732.49,560.17,618.65,1,Low Activity,590.3075,117.80786571787131,355.255,-466.97
2,23.31,51.92,163.59,545.3,431.6,709.47,673.034,595.79,1,Low Activity,602.4735000000001,123.38213991092876,354.445,-381.7099999999999
2,17.31,46.94,94.32,594.19,461.43,726.68,724.334,628.62,2,Moderate Activity,635.266,124.56959531656723,344.255,-499.87000000000006
2,17.34,47.17,90.69,597.78,455.22,735.28,695.05,623.06,2,Moderate Activity,627.1524999999999,123.66508517632073,344.235,-507.09
2,17.71,47.0,96.78,590.21,457.88,734.68,664.2,623.22,2,Moderate Activity,619.995,117.4711384411791,343.495,-493.43000000000006
1,17.93,44.05,51.4,578.93,608.64,799.74,761.35,715.26,0,Moderate Activity,721.2475,82.63490439880718,315.16499999999996,-527.53
2,19.08,55.8,99.69,560.11,521.74,732.7,700.7920000000001,642.16,0,Moderate Activity,649.3480000000001,92.96865071624954,329.9,-460.42
2,18.64,45.74,96.08,585.78,490.21,735.61,699.54,637.19,2,High Activity,640.6375,108.21213467844846,340.93,-489.7
2,18.81,45.63,95.2,592.45,494.41,733.81,665.636,619.61,2,Moderate Activity,628.3665,100.87676889320616,343.82500000000005,-497.25000000000006
0,17.6,50.17,113.99,585.23,503.94,744.91,703.3760000000001,631.43,1,Moderate Activity,645.914,105.62274438143837,349.61,-471.24
2,19.37,44.86,102.5,588.85,487.16,727.75,692.95,627.3,2,Low Activity,633.79,106.25576721602769,345.675,-486.35
0,21.08,57.48,136.35,560.49,433.79,698.73,482.97,580.19,1,Low Activity,548.9200000000001,116.94039564382075,348.42,-424.14
2,19.84,44.32,107.44,583.82,488.51,734.4,684.62,624.4,2,Low Activity,632.9825,106.29817068824218,345.63,-476.38000000000005
2,19.22,46.02,117.3,591.2,504.11,874.97,697.52,626.64,2,Low Activity,675.81,154.95656230053635,354.25,-473.90000000000003
2,19.65,45.15,106.3,588.84,488.85,733.76,697.85,626.78,2,Moderate Activity,636.81,108.19418745940098,347.57,-482.54
2,19.55,45.37,113.72,590.2,482.18,728.76,695.56,624.42,2,Moderate Activity,632.73,109.3979408703229,351.96000000000004,-476.48
2,19.62,45.41,109.25,590.77,500.63,731.54,492.02,624.49,2,Low Activity,587.1700000000001,113.69282211291969,350.01,-481.52
0,18.63,53.57,16.44,583.35,475.06,726.35,691.61,616.45,1,Low Activity,627.3675000000001,111.41723456599225,299.89500000000004,-566.91
0,20.11,54.63,109.51,578.93,482.44,729.22,681.0420000000001,620.5,1,Low Activity,628.3005,106.93073235043332,344.21999999999997,-469.41999999999996
1,18.51,53.72,106.91,598.07,528.98,754.79,547.47,648.42,1,Low Activity,619.915,104.117326287863,352.49,-491.1600000000001
2,19.93,45.32,113.42,587.06,496.3,731.34,686.85,620.31,2,Low Activity,633.7,102.33367676381026,350.23999999999995,-473.63999999999993
1,18.34,47.72,78.02,566.88,539.2,761.35,717.7279999999998,657.6,1,Moderate Activity,668.9695,96.40355588704524,322.45,-488.86
2,21.04,43.99,108.43,580.14,488.29,730.54,715.028,621.72,2,Moderate Activity,638.8945,111.31320131802275,344.28499999999997,-471.71
1,18.15,52.26,121.3,593.8,479.26,738.29,693.63,615.72,1,Moderate Activity,631.7249999999999,113.56358644683016,357.54999999999995,-472.49999999999994
2,21.53,43.38,107.35,589.95,484.66,717.9,679.79,603.09,2,High Activity,621.36,102.88297462003449,348.65000000000003,-482.6
2,21.72,43.17,113.74,585.03,484.98,718.42,633.212,605.19,2,Low Activity,610.4505,96.5160056553661,349.385,-471.28999999999996
2,22.62,52.55,118.56,548.75,486.73,716.28,674.03,602.02,2,Low Activity,619.765,100.45402215275733,333.655,-430.19
2,21.48,43.92,111.68,578.93,487.89,724.95,679.298,610.02,2,High Activity,625.5395000000001,103.21605747653804,345.30499999999995,-467.24999999999994
2,21.28,44.61,109.05,588.46,483.89,720.9,681.86,610.05,2,Low Activity,624.175,104.18362267330377,348.755,-479.41
3,23.1,51.15,131.15,570.98,424.78,679.64,573.15,525.57,1,Low Activity,550.7850000000001,105.85660190402234,351.065,-439.83000000000004
3,21.03,45.79,114.83,587.84,486.48,710.25,680.69,601.16,2,Moderate Activity,619.645,100.0172826732127,351.33500000000004,-473.01000000000005
1,19.64,59.16,136.47,547.95,478.85,634.01,624.62,570.64,1,Low Activity,577.03,71.16102163403782,342.21000000000004,-411.48
3,21.41,45.84,122.53,577.22,487.63,714.37,668.47,588.9,2,Low Activity,614.8425,99.394274608752,349.875,-454.69000000000005
2,18.93,53.09,74.2,617.18,533.58,758.33,712.8,662.87,1,Low Activity,666.895,97.05104859471294,345.69,-542.9799999999999
0,20.93,53.3,100.64,546.03,490.31,727.12,659.32,591.4,1,Low Activity,617.0375,101.03317487340483,323.335,-445.39
1,17.82,54.81,138.4,591.5,494.17,727.85,671.49,593.85,1,High Activity,621.84,101.30204275663283,364.95,-453.1
1,17.26,50.82,113.5,584.9,487.59,747.52,706.2819999999999,636.19,1,Moderate Activity,644.3955,114.19266824538255,349.2,-471.4
3,22.5,43.97,128.85,578.74,477.74,711.71,793.91,603.5,2,Low Activity,646.715,137.00462875392202,353.795,-449.89
3,23.28,51.48,132.19,569.57,407.13,681.52,603.86,535.77,2,Low Activity,557.07,116.35119280293893,350.88,-437.38000000000005
3,22.23,44.48,130.77,580.77,494.07,723.32,669.0699999999999,598.49,2,High Activity,621.2375,98.99125664252712,355.77,-450.0
3,21.95,45.16,122.22,578.93,492.77,719.51,669.35,604.71,2,Moderate Activity,621.585,97.89257837037496,350.575,-456.7099999999999
3,21.88,45.36,121.17,576.17,480.96,722.18,673.646,595.53,2,Low Activity,618.079,105.25332497044134,348.66999999999996,-454.99999999999994
3,21.94,45.14,118.5,581.68,485.77,718.93,672.88,596.86,2,Low Activity,618.61,101.86406530273567,350.09,-463.17999999999995
1,18.43,49.17,77.02,589.91,594.81,768.63,740.004,686.42,0,Low Activity,697.466,76.45056091357345,333.465,-512.89
3,22.13,44.85,129.16,586.75,485.55,723.25,680.97,587.37,2,Low Activity,619.285,105.6998547775729,357.955,-457.59000000000003
3,22.05,45.14,120.41,577.3,484.36,707.64,664.82,587.03,2,Low Activity,610.9625000000001,98.06142101594625,348.85499999999996,-456.89
2,20.27,55.49,182.36,557.0,433.25,691.76,639.81,567.33,2,Moderate Activity,583.0375,112.14086301760537,369.68,-374.64
0,21.9,53.16,115.76,550.05,481.81,590.32,659.04,592.14,1,Low Activity,580.8275,73.34789402793601,332.905,-434.28999999999996
3,22.92,43.65,128.71,578.93,477.89,712.58,668.1,598.39,2,Low Activity,614.24,102.32985911583515,353.82,-450.2199999999999
3,23.13,43.36,128.94,587.29,481.88,714.47,669.58,586.9,2,Low Activity,613.2075,102.25939154098923,358.115,-458.34999999999997
2,18.8,56.74,69.48,578.93,564.45,753.35,734.316,671.15,0,Low Activity,680.8165,85.16241085322405,324.205,-509.44999999999993
3,22.68,44.32,123.84,570.62,479.91,707.03,668.04,579.05,2,Low Activity,608.5074999999999,101.08719482868901,347.23,-446.78
3,22.54,44.81,126.19,568.31,474.12,707.31,671.88,589.02,2,Low Activity,610.5825,103.60268348358548,347.25,-442.11999999999995
3,22.39,45.0,121.95,577.95,467.3,712.2,543.17,587.21,2,Low Activity,577.47,102.5686102079969,349.95000000000005,-456.00000000000006
3,21.62,51.72,117.63,599.81,455.2,716.64,680.62,604.52,1,Moderate Activity,614.245,115.8738743922316,358.71999999999997,-482.17999999999995
3,22.56,44.84,128.43,578.05,484.07,709.25,673.52,603.17,2,Low Activity,617.5024999999999,99.27271641795645,353.24,-449.61999999999995
3,22.63,44.61,127.56,573.28,457.15,714.1,668.66,596.09,2,Low Activity,609.0,112.29487402964276,350.41999999999996,-445.71999999999997
0,19.72,56.06,143.36,563.0,407.02,713.95,671.12,595.17,2,Low Activity,596.815,135.72851493575945,353.18,-419.64
3,23.39,43.34,130.4,581.52,472.48,710.88,663.15,598.26,2,Low Activity,611.1925000000001,103.35309489802421,355.96,-451.12
3,23.48,43.06,128.52,575.73,458.21,719.73,668.02,588.38,2,Low Activity,608.585,113.88095085073127,352.125,-447.21000000000004
1,19.98,55.22,114.4,578.93,517.69,725.42,680.51,615.14,1,Low Activity,634.69,90.18981428077116,346.66499999999996,-464.53
3,20.99,47.79,111.36,593.71,430.33,738.62,686.21,628.76,1,High Activity,620.98,134.78634129614176,352.535,-482.35
3,23.56,42.93,128.11,578.77,461.12,720.99,665.39,599.98,2,Low Activity,611.87,112.00967130862703,353.44,-450.65999999999997
3,23.12,43.71,121.3,576.54,465.12,715.77,673.028,592.97,2,Low Activity,611.722,110.19406494604567,348.91999999999996,-455.23999999999995
3,22.54,55.21,132.62,554.62,419.97,680.09,611.064,554.73,2,Low Activity,566.4635,110.29990430186237,343.62,-422.0
3,22.85,44.01,122.0,586.35,472.51,716.03,671.01,613.12,2,Low Activity,618.1675,105.84734806156773,354.175,-464.35
3,24.25,49.04,112.29,598.78,407.78,722.41,668.78,576.12,3,Low Activity,593.7725,137.9354345034903,355.53499999999997,-486.48999999999995
3,22.22,44.83,127.53,581.21,459.89,712.36,669.89,596.08,2,Low Activity,609.555,110.74048958413239,354.37,-453.68000000000006
3,21.69,46.08,118.94,581.71,463.65,710.52,670.15,599.6,2,Low Activity,610.98,108.38962711748142,350.32500000000005,-462.77000000000004
3,23.08,45.54,114.24,590.3,499.02,725.74,694.17,605.63,1,Moderate Activity,631.14,101.69954998261628,352.27,-476.05999999999995
3,21.93,45.36,114.45,585.39,468.84,716.01,664.272,599.76,2,High Activity,612.2204999999999,106.76274444299379,349.92,-470.94
3,21.89,45.21,110.15,587.22,474.36,708.52,667.47,601.68,2,Low Activity,613.0075,102.3722668743835,348.685,-477.07000000000005
3,21.86,44.99,113.15,580.18,481.37,719.73,674.94,595.13,2,Moderate Activity,617.7925,104.53353221973003,346.66499999999996,-467.03
3,22.02,44.36,107.25,585.23,462.08,726.44,677.416,605.91,2,High Activity,617.9615,115.10387081096219,346.24,-477.98
3,21.98,44.5,109.77,585.72,464.75,721.38,682.57,592.37,2,Moderate Activity,615.2675,113.97266115901073,347.745,-475.95000000000005
2,19.05,55.63,77.17,586.2,510.97,751.15,708.182,639.74,0,Low Activity,652.5105,104.92198003437284,331.685,-509.03000000000003
0,20.61,55.28,137.09,559.03,384.12,684.86,637.466,547.02,2,Low Activity,563.3665,132.47379900317395,348.06,-421.93999999999994
3,21.43,45.34,113.92,584.74,453.45,619.2,677.89,595.2,2,High Activity,586.435,95.21799147220025,349.33,-470.82
3,21.2,45.6,104.5,584.97,464.51,717.56,676.97,604.68,2,Low Activity,615.93,111.21917910144813,344.735,-480.47
3,21.04,45.99,106.01,588.04,455.39,710.41,677.51,603.86,2,High Activity,611.7925,113.38557767635176,347.025,-482.03
3,20.72,46.41,114.44,582.58,458.46,726.77,683.0,618.78,2,Low Activity,621.7525,117.54886625711596,348.51,-468.14000000000004
0,21.01,45.77,108.0,584.28,453.37,720.51,678.97,608.28,2,Moderate Activity,615.2825,117.4643450513105,346.14,-476.28
0,20.81,45.89,107.85,584.87,447.86,725.38,534.72,610.53,2,High Activity,579.6225,117.72583018040972,346.36,-477.02
0,20.57,46.35,113.07,585.86,452.23,732.26,716.8320000000001,601.88,2,High Activity,625.8005,129.51096211389472,349.46500000000003,-472.79
0,20.64,45.98,116.17,579.5,433.5,724.03,690.87,610.6,2,Moderate Activity,614.75,129.8783505182189,347.835,-463.33
0,20.37,46.31,111.36,583.92,449.74,724.93,682.92,612.09,2,High Activity,617.4200000000001,121.09726311248049,347.64,-472.55999999999995
0,20.17,47.02,110.91,581.18,460.28,723.93,671.892,605.49,2,Low Activity,615.398,114.20818629152642,346.04499999999996,-470.27
0,20.09,46.95,114.66,584.87,451.54,722.16,682.69,609.46,2,Low Activity,616.4625000000001,119.45223491002584,349.765,-470.21000000000004
0,20.06,47.05,114.51,580.53,467.79,631.78,670.016,606.69,2,High Activity,594.069,88.1206404349552,347.52,-466.02
0,20.01,47.27,114.09,579.7,461.19,731.13,713.5179999999999,609.42,2,Moderate Activity,628.8145,123.98556916431845,346.89500000000004,-465.61
0,19.74,47.61,112.99,581.11,474.07,727.42,676.71,610.86,2,Low Activity,622.265,109.71730963404697,347.05,-468.12
0,19.65,47.58,111.35,578.84,466.87,728.81,687.0500000000001,605.59,2,Moderate Activity,622.08,115.43318124929822,345.095,-467.49
0,19.6,47.9,120.06,578.47,458.27,721.62,680.09,616.06,2,Moderate Activity,619.01,115.62241507020458,349.265,-458.41
0,19.6,47.78,42.11,578.97,452.24,724.77,680.2,608.85,2,Moderate Activity,616.515,119.47098964462738,310.54,-536.86
0,19.45,47.95,116.52,579.28,458.22,727.58,679.0,614.87,2,Moderate Activity,619.9175,117.26538914644281,347.9,-462.76
0,22.17,44.93,108.41,576.56,445.26,727.13,682.89,602.93,2,Low Activity,614.5524999999999,124.01443528208051,342.48499999999996,-468.15
3,22.77,48.76,91.32,609.54,489.75,733.39,687.934,618.71,1,Moderate Activity,632.4459999999999,106.17506831015774,350.42999999999995,-518.22
1,19.2,55.37,75.49,587.46,531.7,753.96,715.63,647.87,0,Low Activity,662.29,97.48543309985685,331.475,-511.97
0,19.13,48.32,119.1,584.17,458.56,720.78,689.09,620.73,2,Low Activity,622.29,116.86525945150109,351.635,-465.06999999999994
2,20.63,48.23,107.33,585.39,445.23,713.51,673.45,614.74,2,High Activity,611.7325000000001,118.18042262433599,346.36,-478.06
0,19.06,48.43,118.53,581.08,448.16,718.6,680.38,603.82,1,Moderate Activity,612.74,119.64900333893299,349.805,-462.55000000000007
0,18.91,48.6,121.12,579.47,471.71,728.0,678.006,605.83,1,Moderate Activity,620.8865,111.37962935683827,350.295,-458.35
1,17.23,52.79,123.5,577.74,473.39,715.09,660.97,592.75,2,Low Activity,610.55,104.24409431713629,350.62,-454.24
0,18.99,48.33,120.3,575.9,460.42,727.38,673.93,609.23,1,Moderate Activity,617.74,115.47041208321146,348.09999999999997,-455.59999999999997
0,18.95,48.29,121.86,582.96,461.98,725.83,686.82,614.8,1,Moderate Activity,622.3575000000001,116.39019213404539,352.41,-461.1
0,18.86,48.48,121.2,578.95,488.17,724.27,677.43,608.98,1,Moderate Activity,624.7125,102.60311313503112,350.07500000000005,-457.75000000000006
0,18.58,48.94,123.3,584.03,462.07,723.28,687.56,612.54,1,Low Activity,621.3625,115.78892128207545,353.66499999999996,-460.72999999999996
0,18.57,48.94,121.18,579.7,468.24,724.23,678.07,620.47,1,Moderate Activity,622.7525,111.41069858112073,350.44000000000005,-458.52000000000004
2,17.55,54.49,91.53,600.15,519.0,769.05,740.49,670.38,0,Moderate Activity,674.73,111.79057115875202,345.84,-508.62
0,18.46,49.12,117.6,581.31,482.19,729.49,683.95,616.55,1,High Activity,628.0450000000001,107.73775738647372,349.455,-463.7099999999999
0,18.46,49.12,118.14,579.32,469.29,733.99,685.73,624.25,1,Moderate Activity,628.315,115.13638680567783,348.73,-461.18000000000006
3,22.27,47.01,124.8,575.78,432.97,714.91,673.53,608.42,2,Low Activity,607.4575,124.30933067017399,350.28999999999996,-450.97999999999996
0,18.32,49.29,120.97,584.68,469.46,726.06,683.78,615.19,1,Moderate Activity,623.6225,112.47155147710316,352.825,-463.7099999999999
0,18.36,49.12,118.24,586.84,475.28,714.66,688.71,615.63,1,Moderate Activity,623.57,107.38338698327595,352.54,-468.6
0,18.33,49.07,120.71,585.23,481.12,737.51,738.064,617.69,1,Low Activity,643.596,122.22058450741156,352.97,-464.52000000000004
1,19.04,56.32,137.88,572.72,484.25,719.88,674.92,610.31,1,Low Activity,622.34,102.45694542912483,355.3,-434.84000000000003
0,18.26,49.23,118.29,583.84,467.51,724.15,691.74,638.33,1,Low Activity,630.4325,114.23322761642808,351.065,-465.55
0,18.31,49.13,117.96,582.39,489.6,729.59,682.89,623.46,1,Low Activity,631.385,104.02368143841093,350.175,-464.43
3,19.11,53.37,87.66,587.77,436.98,746.42,702.91,622.26,1,Low Activity,627.1424999999999,136.81307354074997,337.715,-500.11
0,17.93,49.9,120.87,581.26,491.59,732.17,695.74,629.81,1,Moderate Activity,637.3275,105.99221932921932,351.065,-460.39
3,22.44,53.44,137.17,572.07,432.09,695.7,622.4860000000001,567.03,2,Low Activity,579.3265,111.40814570308586,354.62,-434.9000000000001
0,17.92,49.84,117.85,587.34,489.28,734.91,682.76,623.47,1,Low Activity,632.605,105.8416126420354,352.595,-469.49
1,18.76,46.6,74.41,580.52,570.36,766.19,743.75,695.76,1,Low Activity,694.0150000000001,87.51457954725791,327.465,-506.11
0,17.92,49.68,117.49,583.28,477.67,733.27,687.57,630.63,1,Moderate Activity,632.2850000000001,111.29980338407312,350.385,-465.78999999999996
3,24.24,47.56,114.2,581.64,457.68,727.1,680.88,620.55,1,Moderate Activity,621.5525,117.63676901802431,347.92,-467.44
0,17.91,49.58,121.65,580.05,479.12,732.7,694.52,619.96,1,Low Activity,631.575,111.90140585950356,350.84999999999997,-458.4
0,17.85,49.68,122.86,577.94,488.33,730.63,694.982,629.9,1,Low Activity,635.9605,106.89144942884815,350.40000000000003,-455.08000000000004
0,17.79,49.83,115.7,586.73,494.85,731.26,692.56,628.73,1,Low Activity,636.85,103.6770411743442,351.21500000000003,-471.03000000000003
0,17.75,49.9,117.3,582.81,468.87,739.03,695.89,641.21,1,Low Activity,636.25,118.54861731233589,350.05499999999995,-465.50999999999993
0,17.74,49.9,113.18,586.95,492.99,739.71,702.414,633.82,1,High Activity,642.2335,108.73173395563965,350.06500000000005,-473.77000000000004
1,19.51,57.17,127.9,543.13,520.59,716.84,665.0199999999999,593.9,2,Low Activity,624.0875,85.44298971634048,335.515,-415.23
0,17.65,49.99,117.82,582.76,488.19,740.94,699.24,641.73,1,Moderate Activity,642.5250000000001,110.63758809735506,350.28999999999996,-464.94
0,17.6,50.17,113.99,578.93,503.94,744.91,703.3760000000001,631.43,1,Moderate Activity,645.914,105.62274438143837,346.46,-464.93999999999994
0,17.67,49.98,114.33,583.3,502.17,735.65,702.016,633.58,1,High Activity,643.3539999999999,103.26056813065993,348.815,-468.96999999999997
3,23.08,51.94,113.9,596.71,397.63,718.59,567.65,576.56,3,Low Activity,565.1075,131.3306449069168,355.305,-482.81000000000006
3,21.92,45.31,109.12,590.96,424.42,744.68,690.22,628.67,1,Moderate Activity,621.9975,139.98416109808042,350.04,-481.84000000000003
1,16.9,48.01,109.71,588.5,511.32,752.13,701.26,653.84,1,Moderate Activity,654.6375,103.63234191924192,349.105,-478.79
1,17.42,50.5,118.93,578.93,489.26,742.96,699.21,641.07,1,High Activity,643.125,110.74176523185221,348.92999999999995,-459.99999999999994
3,23.7,44.0,95.17,606.32,470.66,741.43,686.3,626.73,1,Moderate Activity,631.28,116.87558883987136,350.745,-511.15000000000003
1,17.35,50.64,116.78,584.59,498.78,734.03,699.18,637.97,1,Moderate Activity,642.49,103.70844099364976,350.685,-467.81000000000006
1,17.23,50.9,119.95,587.06,494.19,737.77,696.68,646.1,1,High Activity,643.685,106.48167995794705,353.505,-467.10999999999996
1,17.28,50.64,115.39,580.36,495.24,748.82,696.36,650.01,1,Moderate Activity,647.6075000000001,109.30447303290018,347.875,-464.97
2,21.77,43.99,76.07,557.93,523.5,761.94,722.242,654.7,1,Moderate Activity,665.5955,104.56406598030384,317.0,-481.85999999999996
1,17.19,50.75,113.73,584.71,496.99,737.32,703.85,637.71,1,Low Activity,643.9675,106.36751520867011,349.22,-470.98
1,17.17,50.77,115.82,584.4,500.45,748.08,698.96,646.9,1,Moderate Activity,648.5975,107.05716926795081,350.11,-468.58
0,20.48,51.77,97.92,556.61,485.72,748.37,709.0,647.51,1,Moderate Activity,647.6500000000001,115.65708711531688,327.265,-458.69
1,17.09,50.96,119.87,582.78,504.06,744.44,662.912,638.88,1,Moderate Activity,637.573,99.81658183555143,351.325,-462.90999999999997
1,17.05,50.92,119.45,584.94,498.48,743.6,704.278,651.7,1,Moderate Activity,649.5145,107.49778112903851,352.19500000000005,-465.49000000000007
2,22.75,51.66,107.62,553.45,495.52,705.51,671.01,600.29,2,Low Activity,618.0825,92.70567669601829,330.535,-445.83000000000004
1,17.05,50.84,117.8,583.74,506.24,744.46,706.534,645.39,1,Moderate Activity,650.656,104.57095376186767,350.77,-465.94
1,16.98,50.96,119.02,585.57,495.1,746.99,695.93,647.52,1,High Activity,646.385,108.72674080770867,352.295,-466.55000000000007
1,17.0,50.91,113.12,586.0,498.28,744.35,695.18,653.36,1,Low Activity,647.7925,106.38594937772565,349.56,-472.88
1,16.99,50.95,113.64,580.88,493.12,743.54,847.72,639.78,1,Low Activity,681.04,151.3327309826485,347.26,-467.24
3,23.75,50.76,138.02,559.47,399.8,684.48,547.26,553.33,2,Low Activity,546.2175,116.34184927044382,348.745,-421.45000000000005
2,22.85,51.85,96.83,583.46,428.13,648.5,556.14,497.15,3,Low Activity,532.48,93.37659842451605,340.14500000000004,-486.63000000000005
1,16.89,50.99,121.23,585.75,493.49,746.85,700.54,642.6,1,Low Activity,645.87,110.17580889953415,353.49,-464.52
1,16.81,51.24,117.53,578.93,503.87,755.29,833.74,641.3,1,Low Activity,683.55,143.49637463480857,348.22999999999996,-461.4
2,16.83,43.21,55.54,571.26,600.31,793.24,770.81,719.08,0,Moderate Activity,720.8599999999999,86.15748719641262,313.4,-515.72
1,18.93,50.27,80.79,588.63,526.02,761.64,722.092,664.88,1,Moderate Activity,668.658,103.05454382348537,334.71,-507.84
1,16.86,50.85,111.58,586.34,490.39,742.58,699.65,635.48,1,High Activity,642.025,110.25418948956091,348.96000000000004,-474.76000000000005
0,17.88,48.57,114.62,588.19,463.24,730.1,691.89,621.4,2,Low Activity,626.6575,117.88207451375575,351.40500000000003,-473.57000000000005
1,16.76,44.98,95.71,596.19,551.06,760.17,735.91,691.97,1,Moderate Activity,684.7774999999999,93.50697563105476,345.95000000000005,-500.4800000000001
2,18.01,45.95,71.0,624.25,572.96,788.66,713.506,704.05,0,Low Activity,694.7939999999999,89.61056855825281,347.625,-553.25
1,16.59,44.33,81.31,595.34,554.77,779.78,735.99,699.86,1,Low Activity,692.6,97.52411838446255,338.32500000000005,-514.03
1,16.47,44.3,80.59,599.97,577.59,782.09,747.48,706.44,1,Low Activity,703.4,89.39157342837187,340.28000000000003,-519.38
2,21.11,44.18,78.38,567.82,533.94,753.72,721.14,657.54,1,Moderate Activity,666.585,97.03137688397499,323.1,-489.44000000000005
1,16.19,44.13,75.77,599.48,593.53,790.53,752.32,696.22,1,Moderate Activity,708.1500000000001,85.66898038380054,337.625,-523.71
1,16.14,44.42,74.75,605.27,569.02,598.14,747.62,709.08,1,Moderate Activity,655.9649999999999,85.87783163696362,340.01,-530.52
1,16.19,44.39,72.16,602.33,589.45,793.26,764.95,718.49,1,Low Activity,716.5374999999999,90.15756036887124,337.245,-530.1700000000001
1,19.46,54.5,112.39,559.24,475.32,712.1,664.7760000000001,585.02,2,Low Activity,609.3040000000001,103.5786099411135,335.815,-446.85
2,22.2,54.91,122.22,549.14,487.08,709.59,644.87,580.6,1,Low Activity,605.535,94.91755457588796,335.68,-426.91999999999996
0,19.1,50.27,118.69,591.82,378.24,719.59,653.178,557.08,1,Low Activity,577.0219999999999,148.3659190964466,355.255,-473.13000000000005
3,22.14,46.95,124.67,583.07,457.45,723.06,673.06,601.77,1,Low Activity,613.835,115.52710172653572,353.87,-458.40000000000003
1,16.13,45.89,74.35,606.67,578.81,792.04,698.1879999999999,708.45,1,Low Activity,694.3719999999998,87.76173427335327,340.51,-532.3199999999999
1,16.2,46.01,66.75,607.44,477.58,778.89,734.992,673.47,1,Moderate Activity,666.233,132.99339370560227,337.095,-540.69
1,15.92,46.73,78.98,605.49,415.24,770.4,743.33,661.47,1,Moderate Activity,647.6099999999999,161.68654757482662,342.235,-526.51
1,17.29,44.83,66.52,607.99,409.69,768.66,738.2,674.41,1,Low Activity,647.74,163.48674706735915,337.255,-541.47
0,22.12,55.54,133.19,578.93,432.05,689.8,647.45,562.32,2,Low Activity,582.905,113.68607551792199,356.05999999999995,-445.73999999999995
1,18.22,48.54,76.44,584.04,587.7,774.47,735.16,677.61,0,Low Activity,693.735,81.11228369776468,330.24,-507.59999999999997
1,18.57,44.19,85.52,601.04,472.24,766.81,720.2,657.74,1,Low Activity,654.2475,129.30451948146796,343.28,-515.52
1,17.89,45.55,83.35,599.99,444.2,760.46,725.08,660.73,1,Moderate Activity,647.6175000000001,141.75622934577984,341.67,-516.64
2,19.25,54.13,122.36,581.61,487.6,732.95,712.3799999999999,618.54,1,Moderate Activity,637.8675000000001,111.87294620088745,351.985,-459.25
1,18.48,45.25,86.8,590.56,448.51,827.39,729.0759999999999,675.53,1,Low Activity,670.1265000000001,160.57181453272966,338.67999999999995,-503.75999999999993
1,18.38,45.7,92.37,594.52,462.77,752.66,708.15,650.12,1,High Activity,643.425,127.54432288424286,343.445,-502.15
1,18.52,45.78,94.25,592.68,446.46,756.56,739.6780000000001,652.9,1,Low Activity,648.8995,142.39531181772338,343.465,-498.42999999999995
1,18.23,46.56,100.79,595.93,442.68,758.09,713.2439999999999,641.85,1,High Activity,638.966,139.3368339815427,348.35999999999996,-495.13999999999993
1,18.23,46.66,108.02,586.97,479.65,753.18,716.86,667.93,1,Moderate Activity,654.405,121.62697521520461,347.495,-478.95000000000005
1,17.49,48.15,100.37,578.93,467.45,755.56,719.18,641.23,1,Low Activity,645.855,128.14246928061488,339.65,-478.55999999999995
1,17.39,48.15,106.02,597.27,467.58,765.91,721.32,657.32,1,Low Activity,653.0325,131.42237896061184,351.645,-491.25
1,16.32,48.39,78.5,598.18,556.85,776.46,748.838,699.35,0,Moderate Activity,695.3745,97.703711705339,338.34,-519.68
2,16.31,48.26,72.75,605.7,577.58,775.85,742.24,689.61,0,Low Activity,696.32,86.75228911485083,339.225,-532.95
2,19.46,54.54,87.28,559.12,518.35,738.27,699.37,628.71,0,Low Activity,646.175,96.53229839454424,323.2,-471.84000000000003
0,19.23,55.93,116.93,590.99,495.08,732.5,688.886,624.82,1,Moderate Activity,635.3215,103.42594185696353,353.96000000000004,-474.06
2,16.13,49.09,75.11,578.93,570.55,776.29,744.5,698.38,0,Moderate Activity,697.4300000000001,90.43215025642154,327.02,-503.81999999999994
2,16.09,49.12,73.77,606.13,580.08,773.65,710.738,693.09,0,Low Activity,689.3895,80.65947103512806,339.95,-532.36
2,15.99,49.38,70.14,618.02,583.65,783.22,750.81,680.71,0,Moderate Activity,699.5975,88.34780335884608,344.08,-547.88
2,15.92,49.5,64.68,609.53,592.49,779.23,751.548,698.8,0,Moderate Activity,705.517,82.40687703503067,337.105,-544.8499999999999
3,22.95,53.3,111.43,550.41,412.35,711.51,669.864,585.94,2,Low Activity,594.916,132.44152983109186,330.91999999999996,-438.97999999999996
3,22.81,45.87,107.95,592.6,475.97,726.45,696.04,621.99,1,Moderate Activity,630.1125,111.73366319810098,350.27500000000003,-484.65000000000003
2,16.28,49.32,70.1,612.96,598.19,768.62,736.81,691.65,0,Moderate Activity,698.8175,74.14644490241365,341.53000000000003,-542.86
2,16.95,48.79,67.55,607.04,531.5,768.91,725.88,683.2,0,Moderate Activity,677.3725,103.35188673491483,337.29499999999996,-539.49
2,17.57,47.45,72.23,615.63,530.97,761.94,725.21,675.03,0,Moderate Activity,673.2875,101.34515096934832,343.93,-543.4
2,17.71,47.41,74.6,605.11,536.75,766.37,724.83,666.8,0,Moderate Activity,673.6875,100.0081957891452,339.855,-530.51
2,17.91,47.35,77.41,604.15,524.45,759.07,722.3820000000001,671.02,0,Moderate Activity,669.2305,103.05469939632383,340.78,-526.74
2,18.35,46.78,81.65,605.42,539.43,758.07,718.4780000000001,664.62,0,Moderate Activity,670.1495,95.19072308266183,343.53499999999997,-523.77
2,18.87,45.88,77.34,602.79,552.23,760.78,728.73,671.75,0,Low Activity,678.3725,91.80170963368093,340.065,-525.4499999999999
2,19.14,45.58,76.61,601.93,534.98,764.19,724.21,675.6,0,Moderate Activity,674.745,99.97029642182056,339.27,-525.3199999999999
3,22.07,46.08,87.99,556.09,519.56,744.08,704.31,658.23,1,High Activity,656.545,97.82910422432242,322.04,-468.1
2,19.48,45.42,84.03,599.85,537.7,756.18,732.476,683.06,0,Moderate Activity,677.354,97.9587860820389,341.94,-515.82
2,19.32,46.97,85.19,599.17,520.5,750.99,712.7,643.75,0,Low Activity,656.985,101.23310015339187,342.17999999999995,-513.98
2,19.46,46.99,93.77,598.58,458.48,722.21,676.67,612.09,1,Low Activity,617.3625000000001,115.15471603455934,346.175,-504.81000000000006
2,19.43,47.15,89.53,597.4,469.4,727.8,683.92,629.78,1,Moderate Activity,627.7249999999999,112.90691195257563,343.465,-507.87
1,19.34,55.32,116.66,550.62,488.69,701.92,652.994,584.03,2,High Activity,606.9085,92.46638658993872,333.64,-433.96000000000004
2,19.87,46.69,95.09,593.64,459.04,719.49,677.38,614.54,2,Low Activity,617.6125,114.17217564567412,344.365,-498.54999999999995
2,19.97,46.62,91.34,589.62,453.32,724.08,685.972,614.71,2,Moderate Activity,619.5205000000001,119.71387834193105,340.48,-498.28
0,21.63,56.91,123.93,549.87,461.86,716.54,676.29,595.52,2,Low Activity,612.5525,112.3598455484283,336.9,-425.94
2,20.12,46.37,92.25,592.11,449.72,716.12,668.76,611.72,2,Moderate Activity,611.58,116.0414339794196,342.18,-499.86
2,19.48,55.22,83.6,567.93,544.05,749.89,707.83,644.65,1,Low Activity,661.605,89.51283315815674,325.765,-484.3299999999999
2,20.94,45.24,99.52,590.93,460.51,727.04,670.52,622.75,2,Moderate Activity,620.2049999999999,114.67967925196395,345.22499999999997,-491.40999999999997
2,21.07,45.05,97.34,592.22,457.49,728.85,690.51,605.45,2,Moderate Activity,620.575,120.33268148484572,344.78000000000003,-494.88
2,23.89,47.54,109.13,578.93,458.15,724.52,674.5,611.92,1,High Activity,617.2725,115.65124624634761,344.03,-469.79999999999995
2,21.18,45.0,97.7,588.19,459.16,722.34,677.266,614.75,2,Moderate Activity,618.379,114.94843465948836,342.94500000000005,-490.49000000000007
2,21.2,45.1,95.99,588.34,459.05,719.28,677.06,602.95,2,Moderate Activity,614.585,114.29592891554213,342.165,-492.35
3,24.79,45.18,100.34,600.33,459.81,724.96,673.15,589.39,1,Moderate Activity,611.8275,115.71829771043127,350.33500000000004,-499.99
2,20.82,46.33,102.68,584.04,463.19,728.63,681.27,614.83,2,Moderate Activity,621.98,115.69343571122204,343.36,-481.35999999999996
2,20.84,46.38,107.62,581.81,454.38,721.83,683.33,611.81,2,Low Activity,617.8375,118.12196052526956,344.715,-474.18999999999994
2,21.71,52.58,104.36,611.82,468.2,743.2,691.38,612.99,1,Moderate Activity,628.9425000000001,119.78571322017777,358.09000000000003,-507.46000000000004
2,20.82,46.6,102.18,582.56,466.08,714.28,682.48,609.97,2,High Activity,618.2025,110.41061554488319,342.37,-480.37999999999994
2,21.03,46.37,100.9,578.93,452.69,719.32,684.02,610.76,2,Low Activity,616.6975,118.31794802564826,339.91499999999996,-478.03
2,21.17,46.13,100.4,584.65,464.41,724.52,681.02,609.49,2,Moderate Activity,619.86,113.96856379429079,342.525,-484.25
2,19.91,49.44,104.5,584.94,441.16,711.92,674.3,606.15,2,High Activity,608.3824999999999,119.76849791020449,344.72,-480.44000000000005
2,19.71,49.74,103.46,584.71,436.97,725.42,678.12,596.0,2,Moderate Activity,609.1274999999999,126.61548967247252,344.08500000000004,-481.25000000000006
2,19.5,50.29,101.05,581.04,449.52,727.35,674.39,596.88,2,Moderate Activity,612.035,120.86699921814888,341.04499999999996,-479.98999999999995
2,19.87,49.56,102.87,587.08,458.07,722.09,665.91,601.5,2,High Activity,611.8925,113.76986255155624,344.975,-484.21000000000004
1,18.94,52.33,119.56,575.88,407.13,710.16,659.33,588.41,2,Low Activity,591.2574999999999,132.51756396166257,347.72,-456.32
2,17.17,47.01,58.7,569.48,589.81,784.49,753.01,694.83,0,Moderate Activity,705.535,85.62445192038703,314.09000000000003,-510.78000000000003
2,20.53,48.31,109.53,585.31,422.36,707.43,663.51,589.31,2,Moderate Activity,595.6524999999999,125.39187596624164,347.41999999999996,-475.78
2,20.77,47.92,110.74,581.78,436.98,711.49,677.81,599.58,2,Low Activity,606.465,122.32869396289107,346.26,-471.03999999999996
2,20.81,47.97,19.86,580.9,445.82,711.05,670.894,602.33,2,Low Activity,607.5235,116.77407079056547,300.38,-561.04
3,23.11,46.16,153.42,571.23,427.09,698.82,663.23,586.25,2,Low Activity,593.8475000000001,120.69098678719416,362.325,-417.81000000000006
1,17.57,53.34,119.66,588.19,487.73,752.32,703.94,657.71,1,Low Activity,650.4250000000001,115.13641257221802,353.925,-468.5300000000001
2,19.7,50.78,61.53,622.94,563.43,779.86,733.94,677.36,0,Moderate Activity,688.6475,93.41299102194873,342.235,-561.4100000000001
2,19.93,50.18,112.7,582.85,434.06,713.66,655.38,591.92,2,Low Activity,598.755,120.52760389222045,347.77500000000003,-470.15000000000003
3,24.57,47.91,120.59,570.48,395.07,696.86,650.49,559.9,2,Low Activity,575.58,133.10405578594015,345.535,-449.89
3,19.92,50.23,111.73,585.82,449.4,713.33,674.592,603.02,2,High Activity,610.0855,116.46210617335296,348.77500000000003,-474.09000000000003
3,19.87,50.37,109.06,581.27,443.7,716.73,661.22,595.31,2,Moderate Activity,604.24,117.97394768902724,345.16499999999996,-472.21
3,19.97,50.27,110.52,580.32,434.78,720.67,669.13,594.89,2,High Activity,604.8675,124.59159425231437,345.42,-469.80000000000007
3,19.87,50.52,113.22,581.26,432.1,709.41,673.988,595.52,2,Low Activity,602.7545,123.32194122566618,347.24,-468.03999999999996
3,20.72,48.83,116.15,587.83,439.7,717.39,667.04,599.73,2,Low Activity,605.9649999999999,120.86991864534919,351.99,-471.68000000000006
3,21.05,48.1,106.17,581.99,447.75,710.49,676.66,597.44,2,Low Activity,608.085,116.91869382894535,344.08,-475.82
1,20.0,58.1,123.25,546.54,477.63,692.58,605.29,556.63,2,Low Activity,583.0325,90.00524072704509,334.895,-423.28999999999996
3,20.31,49.64,115.69,580.08,449.59,718.16,662.61,600.84,2,Low Activity,607.8000000000001,115.84804904126209,347.885,-464.39000000000004
3,21.17,47.73,112.18,577.79,436.04,712.8,663.83,605.22,2,Low Activity,604.4725000000001,120.59329151463331,344.985,-465.60999999999996
3,20.68,49.03,113.14,582.2,453.86,710.84,673.6499999999999,604.1,2,Low Activity,610.6125,113.47986175969724,347.67,-469.06000000000006
2,19.42,54.38,99.49,578.93,457.35,723.44,679.99,602.85,0,Moderate Activity,615.9075,116.87712133547211,339.21,-479.43999999999994
3,21.22,47.79,115.15,579.78,440.35,720.06,665.27,597.85,2,Low Activity,605.8824999999999,121.14578858411323,347.465,-464.63
3,21.68,47.43,126.31,569.06,458.57,716.53,812.41,600.77,2,Low Activity,647.0699999999999,152.57560661302753,347.68499999999995,-442.74999999999994
2,18.05,53.91,95.31,565.64,484.42,713.03,637.06,587.16,1,Low Activity,605.4175,95.83915218566295,330.475,-470.33
3,22.38,47.42,148.38,570.13,438.7,702.13,654.674,575.89,3,Low Activity,592.8485,115.20154725089415,359.255,-421.75
0,20.57,50.06,115.14,593.2,412.1,636.13,639.0939999999999,607.26,2,Moderate Activity,573.646,108.65035982759863,354.17,-478.06000000000006
3,23.7,46.67,164.73,566.67,436.57,708.0,654.56,576.24,3,Low Activity,593.8425,117.98733953974327,365.7,-401.93999999999994
3,23.21,48.17,163.16,578.93,410.21,699.34,650.83,576.76,3,Low Activity,584.2850000000001,126.523543658878,371.04499999999996,-415.77
3,23.19,47.53,153.91,563.98,411.39,700.74,656.028,581.4,3,Low Activity,587.3895,127.24160436350998,358.945,-410.07000000000005
1,18.85,56.04,114.73,605.13,498.55,746.86,497.31,639.92,1,Moderate Activity,595.66,121.00063663744362,359.93,-490.4
3,22.4,47.74,137.62,573.67,396.83,702.96,646.52,563.61,3,Low Activity,577.48,133.33985575713413,355.645,-436.04999999999995
3,21.66,49.28,134.05,575.47,403.93,701.25,660.61,589.15,3,Low Activity,588.735,131.62915216622798,354.76,-441.42
3,21.5,49.48,130.11,575.69,398.66,717.1,660.81,590.33,3,Low Activity,591.725,138.7655914363019,352.90000000000003,-445.58000000000004
3,22.73,43.45,110.26,592.81,493.74,731.91,688.54,613.92,1,Low Activity,632.0275,104.27765928040385,351.53499999999997,-482.54999999999995
2,21.47,51.75,99.71,568.49,506.57,711.82,633.18,577.76,2,Low Activity,607.3325,86.82039905268041,334.1,-468.78000000000003
0,17.5,53.31,126.71,594.67,499.22,751.49,713.91,650.99,0,Low Activity,653.9024999999999,111.14461851569781,360.69,-467.96
3,21.5,49.14,133.82,578.03,394.9,703.6,657.86,586.95,3,Low Activity,585.8275000000001,136.03138495092475,355.92499999999995,-444.21
2,23.69,50.84,118.08,556.39,358.79,690.83,643.5600000000001,586.63,1,Low Activity,569.9525000000001,147.07954137699326,337.235,-438.31
3,21.5,48.98,124.32,575.27,404.47,720.19,668.62,598.2,3,Low Activity,597.8700000000001,138.28884481403406,349.79499999999996,-450.95
0,21.95,52.14,116.91,577.44,429.59,705.14,669.14,591.57,1,Low Activity,598.86,122.39307415046,347.175,-460.5300000000001
0,20.41,53.21,98.2,609.1,461.21,725.34,662.366,588.62,1,Moderate Activity,609.384,113.48944772092251,353.65000000000003,-510.90000000000003
0,20.29,51.98,112.27,564.7,451.75,717.53,670.06,593.96,1,Moderate Activity,608.325,116.13071098263943,338.485,-452.43000000000006
3,21.91,47.98,124.96,569.41,424.92,712.41,695.914,590.41,2,Low Activity,605.9135,132.21270749187966,347.185,-444.45
3,23.18,45.48,133.75,574.57,433.53,720.82,673.176,598.42,2,Low Activity,606.4865,125.82879631599971,354.16,-440.82000000000005
3,23.5,44.81,132.62,572.57,429.46,721.42,664.62,603.06,2,Low Activity,604.64,126.39316648194766,352.595,-439.95000000000005
3,23.26,44.97,116.26,592.13,421.68,883.79,681.73,615.43,1,Moderate Activity,650.6575,190.60249655150548,354.195,-475.87
2,15.85,42.8,69.02,610.32,602.75,797.03,761.78,714.5,0,Moderate Activity,719.015,84.56382382555792,339.67,-541.3000000000001
3,23.86,44.15,128.42,572.32,418.46,720.75,671.94,608.99,2,Low Activity,605.0350000000001,132.52938403740256,350.37,-443.9000000000001
3,23.47,44.97,125.61,577.07,438.77,722.17,676.11,606.77,2,Low Activity,610.955,124.20297728583913,351.34000000000003,-451.46000000000004
3,22.19,47.59,148.6,574.16,403.61,711.64,669.58,599.39,2,Low Activity,596.055,136.39650300991346,361.38,-425.55999999999995
2,18.01,49.7,90.9,611.15,428.06,753.26,724.26,641.43,1,Low Activity,636.7524999999999,146.9761870451582,351.025,-520.25
3,22.16,47.23,131.0,575.4,439.11,711.19,665.35,598.85,2,Low Activity,603.625,118.97925687558595,353.2,-444.4
3,22.19,46.78,125.77,587.24,432.72,715.81,678.66,614.28,2,Low Activity,610.3675000000001,125.63960134050087,356.505,-461.47
3,22.56,45.88,122.79,574.34,439.66,720.51,672.66,617.85,2,Low Activity,612.67,122.72945612199214,348.565,-451.55
3,22.59,45.49,122.17,575.36,423.93,718.84,678.06,615.68,2,Low Activity,609.1274999999999,130.5495710129553,348.765,-453.19
3,22.8,44.87,117.72,581.71,432.81,712.53,681.66,604.42,2,Low Activity,607.855,125.24187917785328,349.71500000000003,-463.99
3,22.84,44.67,118.35,578.13,440.37,726.63,682.75,618.78,2,Low Activity,617.1324999999999,125.88758804981529,348.24,-459.78
3,22.64,45.11,120.62,582.94,429.58,728.19,680.18,614.52,2,Moderate Activity,613.1175,130.9287848094019,351.78000000000003,-462.32000000000005
2,22.99,51.04,128.93,566.16,399.41,702.92,653.85,574.54,2,Low Activity,582.68,133.13774696406222,347.54499999999996,-437.22999999999996
2,18.43,44.34,64.22,578.93,583.5,783.47,748.4100000000001,693.45,0,Low Activity,702.2075,87.38121322687162,321.575,-514.7099999999999
3,22.19,45.73,119.59,579.78,440.57,721.44,673.75,608.54,2,Moderate Activity,611.075,122.72865747928098,349.685,-460.18999999999994
3,22.54,49.8,132.75,578.42,449.85,707.14,658.61,581.43,2,Low Activity,599.2574999999999,112.25235539473844,355.585,-445.66999999999996
0,20.97,57.51,140.52,558.73,441.82,706.12,654.37,573.95,1,Low Activity,594.065,115.14652882306093,349.625,-418.21000000000004
1,16.79,54.3,121.4,591.52,509.87,762.49,715.03,671.89,0,Moderate Activity,664.82,109.72687364542925,356.46,-470.12
0,22.28,44.82,114.25,578.93,446.02,721.43,682.52,603.68,2,Moderate Activity,613.4124999999999,121.87233412468969,346.59,-464.67999999999995
0,21.86,45.4,113.93,581.24,439.59,716.66,674.86,618.9,2,High Activity,612.5025,122.03401612528643,347.58500000000004,-467.31
0,21.81,45.34,113.48,577.6,438.36,720.26,679.63,617.73,2,High Activity,613.995,124.44785641651954,345.54,-464.12
3,22.11,51.58,123.2,540.48,431.09,644.2,582.1,513.58,4,Moderate Activity,542.7425,91.57759783374975,331.84000000000003,-417.28000000000003
0,21.6,45.84,113.76,584.12,433.79,724.03,690.68,609.92,2,High Activity,614.605,129.71410833058982,348.94,-470.36
2,18.27,52.12,94.91,604.19,491.91,765.55,898.15,672.67,0,Moderate Activity,707.07,170.69335312190685,349.55,-509.2800000000001
0,21.33,46.13,117.21,581.56,446.7,729.45,692.29,607.9,2,Moderate Activity,619.085,125.67298529649615,349.385,-464.34999999999997
0,21.48,45.86,120.42,584.93,458.28,718.94,679.83,620.99,2,Low Activity,619.51,114.77823632262931,352.67499999999995,-464.50999999999993
0,20.69,47.47,113.84,577.92,452.05,725.78,689.07,616.06,2,High Activity,620.74,121.35431457787838,345.88,-464.0799999999999
0,20.53,47.64,115.21,582.13,460.67,723.43,678.0919999999999,609.6,2,Low Activity,617.948,114.81842396874579,348.67,-466.92
0,18.82,53.37,139.11,584.06,479.73,739.43,694.58,614.98,1,High Activity,632.18,113.9198036632203,361.585,-444.94999999999993
2,23.31,54.16,119.92,546.75,469.69,702.43,647.96,576.4,1,Low Activity,599.12,100.54290129094146,333.335,-426.83
0,20.32,47.93,111.11,579.58,452.53,722.69,691.93,621.08,2,Moderate Activity,622.0575,120.76091403402566,345.345,-468.47
0,20.21,48.22,115.01,583.69,457.05,735.36,688.22,614.52,2,Moderate Activity,623.7875,121.77472408098488,349.35,-468.68000000000006
0,20.27,47.96,115.25,584.82,455.01,724.84,694.04,612.34,1,Moderate Activity,621.5575,120.7532189702066,350.035,-469.57000000000005
0,20.25,48.11,117.12,579.56,449.52,729.79,688.26,619.87,1,High Activity,621.86,123.50827313720053,348.34,-462.43999999999994
0,20.18,47.96,116.6,581.0,455.42,728.47,704.03,623.84,1,Moderate Activity,627.94,123.39088215909634,348.8,-464.4
0,19.77,48.87,121.76,583.04,442.53,729.11,680.44,619.09,1,Moderate Activity,617.7925,125.2130484081698,352.4,-461.28
0,19.95,48.45,123.03,578.96,455.05,560.41,681.45,637.97,1,Low Activity,583.72,99.32025708115475,350.995,-455.93000000000006
0,20.03,48.02,203.63,577.71,455.66,735.98,696.72,632.13,1,High Activity,630.1225000000001,123.93846762943832,390.67,-374.08000000000004
1,19.64,58.17,119.75,550.52,464.77,709.56,657.75,589.84,2,Low Activity,605.48,105.8437732383598,335.135,-430.77
0,19.73,48.6,115.77,583.03,464.89,738.55,695.41,633.16,1,Moderate Activity,633.0024999999999,120.1343806951199,349.4,-467.26
0,19.45,49.5,123.72,584.34,465.71,735.46,701.15,627.64,1,Moderate Activity,632.49,119.93902256285624,354.03000000000003,-460.62
0,19.38,49.61,118.87,580.15,472.73,733.09,687.04,615.93,1,Moderate Activity,627.1975,113.69771541973331,349.51,-461.28
0,19.21,49.72,120.03,578.93,468.4,735.03,696.37,632.27,1,High Activity,633.0174999999999,117.64291942852603,349.47999999999996,-458.9
2,18.8,54.31,91.4,607.92,520.1,762.05,725.01,654.05,1,Low Activity,665.3025,106.66997246179449,349.65999999999997,-516.52
0,19.1,49.86,122.63,578.25,466.49,737.62,700.55,638.45,1,Low Activity,635.7775,120.0455073086869,350.44,-455.62
0,19.04,49.91,123.29,576.85,469.74,740.53,696.54,621.89,1,Moderate Activity,632.175,118.84803980994664,350.07,-453.56
2,18.43,48.83,88.35,609.22,462.97,762.49,710.22,645.32,0,Low Activity,645.25,130.62965691858287,348.785,-520.87
0,19.42,48.75,116.65,586.99,457.52,731.57,695.05,636.85,1,High Activity,630.2475000000001,121.57850039514938,351.82,-470.34000000000003
3,23.05,46.91,160.94,573.84,426.02,713.59,663.316,577.55,2,Low Activity,595.119,125.94886556588487,367.39,-412.90000000000003
0,19.07,49.53,122.44,577.49,478.02,741.0,697.842,624.63,1,Low Activity,635.373,115.37593300164467,349.96500000000003,-455.05
0,18.83,50.02,121.42,578.58,482.26,734.73,697.16,627.28,1,Low Activity,635.3575000000001,111.35309197173947,350.0,-457.16
0,19.3,48.83,122.42,579.87,477.71,743.22,705.28,644.91,1,Moderate Activity,642.78,117.25625129035411,351.145,-457.45
3,23.79,51.58,119.86,562.49,466.95,706.73,631.82,571.35,2,Moderate Activity,594.2125,101.31296342686525,341.175,-442.63
0,18.95,49.44,125.84,582.79,480.44,731.98,700.28,640.5,1,Low Activity,638.3,111.86611402326743,354.315,-456.94999999999993
0,18.61,50.29,124.46,584.11,482.88,740.09,697.12,633.85,1,Moderate Activity,638.485,112.54042014612646,354.285,-459.65000000000003
0,18.64,50.16,126.03,582.96,483.46,743.8,696.23,642.58,1,Moderate Activity,641.5175,113.19374198691375,354.495,-456.93000000000006
2,19.3,46.45,82.89,600.85,527.69,751.78,718.06,664.31,0,Low Activity,665.46,98.65731566048878,341.87,-517.96
0,18.51,50.4,123.55,579.79,485.29,739.66,706.99,645.95,1,High Activity,644.4725000000001,113.0049398256554,351.66999999999996,-456.23999999999995
0,18.5,50.33,123.89,577.03,489.91,612.99,698.72,643.82,1,High Activity,611.36,88.38963099066919,350.46,-453.14
1,17.87,54.81,117.06,593.23,515.93,584.56,695.27,631.39,1,Moderate Activity,606.7874999999999,75.68263313557038,355.145,-476.17
0,18.39,50.49,124.19,585.82,494.56,748.96,712.41,636.66,1,Low Activity,648.1474999999999,112.5668865978505,355.005,-461.63000000000005
0,17.5,48.63,114.65,578.93,486.75,734.97,697.31,625.39,2,Moderate Activity,636.105,109.456334520514,346.78999999999996,-464.28
0,18.26,50.82,125.74,580.64,480.8,752.28,706.58,642.24,1,Low Activity,645.4749999999999,118.7005334163808,353.19,-454.9
0,18.25,50.76,128.54,573.72,500.97,893.65,696.59,638.29,1,High Activity,682.375,162.98308000116657,351.13,-445.18000000000006
0,18.35,50.53,128.76,572.72,491.29,747.08,701.15,643.92,1,Low Activity,645.86,111.35247490139888,350.74,-443.96000000000004
2,17.93,44.31,67.81,630.07,593.53,797.78,756.03,694.22,0,Moderate Activity,710.3900000000001,88.76513992929131,348.94000000000005,-562.26
1,16.41,55.48,71.18,614.37,600.52,775.58,753.84,694.84,1,Moderate Activity,706.195,78.27401846504797,342.775,-543.19
3,20.49,43.89,93.49,594.92,526.04,750.02,704.82,636.21,1,High Activity,654.2725,97.45505198979342,344.205,-501.42999999999995
1,18.02,51.16,131.36,576.79,497.22,747.05,705.6,650.78,1,High Activity,650.1624999999999,109.3195524978644,354.075,-445.42999999999995
1,17.97,51.25,126.12,583.0,496.21,743.88,706.56,647.42,1,Low Activity,648.5174999999999,109.02861593025321,354.56,-456.88
1,17.89,51.43,119.14,584.32,494.82,739.44,709.49,651.92,1,Low Activity,648.9175,108.96238689719189,351.73,-465.18000000000006
1,17.19,42.49,66.74,629.06,578.12,792.89,773.92,705.56,0,Moderate Activity,712.6225,97.19577575697411,347.9,-562.3199999999999
1,17.84,51.54,126.71,576.68,499.62,750.97,706.5739999999998,636.96,1,Low Activity,648.531,109.80454230434488,351.695,-449.96999999999997
1,17.88,51.36,128.96,584.46,490.03,750.27,707.74,635.99,1,Moderate Activity,646.0074999999999,114.17953884854617,356.71000000000004,-455.5
1,17.86,51.39,124.86,578.93,504.93,746.98,705.632,648.9,1,Low Activity,651.6105,105.72949743409671,351.895,-454.06999999999994
1,17.75,51.65,123.95,583.15,499.4,748.96,708.24,650.42,1,Moderate Activity,651.755,109.32092739574922,353.55,-459.2
1,17.79,51.51,128.03,583.84,486.48,749.65,702.88,633.17,1,High Activity,643.0450000000001,114.8259089520595,355.935,-455.81000000000006
1,17.73,51.57,129.34,573.27,478.61,741.34,832.71,641.36,1,Moderate Activity,673.505,151.61923943440246,351.305,-443.92999999999995
1,17.7,51.66,128.0,578.93,490.23,755.32,708.51,644.38,1,Low Activity,649.61,115.57559056017553,353.465,-450.92999999999995
1,17.68,51.62,128.23,578.86,488.54,741.81,705.15,651.96,1,Moderate Activity,646.865,111.81004561308433,353.545,-450.63
1,17.71,51.61,125.33,578.93,490.16,740.0,711.02,648.02,1,Low Activity,647.3,111.57512626029153,352.13,-453.59999999999997
1,17.61,51.82,124.98,585.35,488.44,745.29,704.08,655.04,1,Moderate Activity,648.2125,112.7224986046116,355.165,-460.37
1,17.53,52.09,127.05,579.77,498.84,740.41,704.41,658.91,1,Moderate Activity,650.6424999999999,106.55436589678843,353.40999999999997,-452.71999999999997
1,17.51,52.11,122.04,578.64,490.88,751.75,707.892,648.7,1,Moderate Activity,649.8055,114.05445956939461,350.34,-456.59999999999997
1,17.58,51.99,125.82,580.16,479.86,741.83,701.81,640.79,1,Moderate Activity,641.0725,115.22538446453541,352.99,-454.34
3,24.61,50.78,108.99,549.36,481.63,709.89,669.56,590.22,1,Low Activity,612.825,100.60415581210681,329.175,-440.37
0,19.97,56.11,124.64,562.5,361.69,699.87,517.34,554.05,2,Moderate Activity,533.2375,138.90143444783666,343.57,-437.86
1,17.45,52.2,128.26,580.4,501.3,748.44,710.96,656.26,1,Moderate Activity,654.24,108.75894200784903,354.33,-452.14
1,17.54,51.8,127.47,584.78,490.78,749.07,705.89,647.09,1,Moderate Activity,648.2075,112.96781440599209,356.125,-457.30999999999995
1,17.51,51.75,121.38,577.96,477.21,734.51,683.39,619.67,1,High Activity,628.695,111.38149621907583,349.67,-456.58000000000004
1,18.91,57.66,146.61,564.75,439.27,727.06,689.632,610.47,1,Low Activity,616.608,127.82617124830108,355.68,-418.14
1,17.36,52.52,124.24,583.24,467.48,726.62,686.0620000000001,596.18,1,Moderate Activity,619.0855,114.83090438118131,353.74,-459.0
0,19.48,53.0,129.35,589.14,437.19,727.59,700.53,609.62,1,Moderate Activity,618.7325,131.12526234482812,359.245,-459.78999999999996
1,17.26,52.85,121.2,578.93,477.84,715.99,665.33,593.77,2,Moderate Activity,613.2325,103.25239508925046,350.065,-457.72999999999996
2,18.12,48.85,93.17,612.03,489.97,761.61,713.75,655.67,0,Low Activity,655.25,118.39531860114515,352.59999999999997,-518.86
3,21.62,44.04,93.11,596.42,502.21,741.8,903.32,630.43,1,High Activity,694.4399999999999,170.21895409540426,344.765,-503.30999999999995
1,17.3,52.63,122.04,583.46,460.12,712.56,659.49,588.81,2,Low Activity,605.2449999999999,109.22515598523994,352.75,-461.42
2,18.38,52.77,113.09,594.67,433.7,727.04,678.592,598.26,1,High Activity,609.3979999999999,128.6096057169396,353.88,-481.5799999999999
1,19.02,49.1,16.14,578.54,470.57,711.92,651.82,600.69,2,Low Activity,608.75,102.72576729655839,297.34,-562.4
1,18.01,51.83,125.35,577.53,465.16,713.21,655.45,594.59,3,Low Activity,607.1025000000001,106.30227071108752,351.44,-452.17999999999995
1,17.9,52.0,125.21,580.26,476.39,623.52,662.83,583.68,3,High Activity,586.6049999999999,80.26802954269321,352.735,-455.05
0,19.22,55.27,107.61,604.82,484.71,739.48,706.94,617.47,1,High Activity,637.1500000000001,113.96977523302691,356.21500000000003,-497.21000000000004
1,18.66,49.74,128.87,575.8,475.43,716.56,688.876,589.09,2,Low Activity,617.489,109.38986773920148,352.335,-446.92999999999995
1,18.08,51.2,122.08,582.06,469.34,714.3,661.63,590.13,2,Low Activity,608.85,106.01715175699951,352.07,-459.97999999999996
1,17.74,52.01,124.63,578.03,470.13,715.42,654.7,600.08,2,Moderate Activity,610.0825,104.52027311324184,351.33,-453.4
1,17.55,52.5,198.42,579.56,468.76,717.52,665.95,606.25,2,Low Activity,614.62,107.34426766250725,388.98999999999995,-381.14
1,17.45,52.84,120.76,577.54,460.68,713.97,664.914,598.86,2,Low Activity,609.606,109.91701316902675,349.15,-456.78
3,22.16,45.51,111.5,589.59,446.15,741.81,705.68,641.15,1,Low Activity,633.6975,131.78188731764314,350.545,-478.09000000000003
1,17.22,53.26,128.06,578.24,496.37,723.28,644.1220000000001,591.05,2,High Activity,613.7055,95.24114265554216,353.15,-450.18
0,20.17,53.12,96.12,604.3,470.67,740.58,696.75,603.45,1,Moderate Activity,627.8625,119.38198450771372,350.21,-508.17999999999995
2,17.58,47.21,78.19,602.62,532.94,760.18,723.34,663.23,0,Low Activity,669.9225,99.68089164094253,340.405,-524.4300000000001
2,19.13,52.64,103.13,582.26,427.26,720.13,661.32,596.94,2,Moderate Activity,601.4125,126.53306534262103,342.695,-479.13
3,24.44,49.49,111.74,540.62,391.71,723.14,703.904,576.09,2,Low Activity,598.711,152.65349317108118,326.18,-428.88
1,16.8,54.02,113.24,581.87,497.89,736.12,674.31,607.24,2,Low Activity,628.89,101.9656344068922,347.555,-468.63
1,16.89,53.86,119.02,575.71,488.45,566.14,679.39,610.32,2,High Activity,586.075,80.04905600109639,347.365,-456.69000000000005
3,21.95,47.46,110.02,589.99,484.9,728.67,682.91,599.3,1,Moderate Activity,623.9449999999999,107.05930583871103,350.005,-479.97
0,18.72,51.77,127.55,591.31,483.29,739.63,678.0,613.81,1,Moderate Activity,628.6825,109.69918546491886,359.42999999999995,-463.75999999999993
1,16.96,53.65,122.62,581.52,500.54,732.54,672.5,599.75,2,Low Activity,626.3325,99.90304212084833,352.07,-458.9
1,17.2,53.04,122.78,581.29,488.56,732.77,686.36,618.11,2,Low Activity,631.45,106.26438443806089,352.03499999999997,-458.51
0,18.55,51.96,120.87,592.41,480.87,735.06,680.29,612.35,1,Moderate Activity,627.1424999999999,109.67422346051355,356.64,-471.53999999999996
1,17.09,53.32,119.63,580.54,490.14,734.83,682.2620000000001,606.64,2,Low Activity,628.468,106.17244879283265,350.085,-460.90999999999997
1,16.96,53.58,112.59,581.08,505.99,736.98,678.56,611.2,2,Moderate Activity,633.1825,99.15341795251773,346.83500000000004,-468.49
0,18.22,52.38,125.37,593.12,483.89,734.73,717.884,619.48,1,Low Activity,638.996,115.22016720464639,359.245,-467.75
2,17.37,52.79,13.21,585.73,492.22,726.47,678.912,616.56,2,Low Activity,628.5405000000001,101.41381576327096,299.47,-572.52
2,19.07,49.18,116.63,578.93,490.56,736.67,667.91,600.9,2,Moderate Activity,624.01,104.82121318384618,347.78,-462.29999999999995
3,23.29,52.33,116.48,559.51,488.68,694.38,631.102,568.57,2,Low Activity,595.683,87.90214284077493,337.995,-443.03
2,19.27,49.09,118.09,580.93,487.81,727.58,683.17,609.07,2,Moderate Activity,626.9075,104.82797348513421,349.51,-462.8399999999999
2,18.97,49.85,122.83,576.43,471.78,725.26,677.14,602.91,2,High Activity,619.2724999999999,110.459293671168,349.63,-453.59999999999997
0,19.17,51.46,125.99,588.42,477.23,729.57,670.47,583.03,1,Low Activity,615.075,109.85723629632538,357.205,-462.42999999999995
2,17.12,45.7,57.67,570.13,593.97,793.49,751.89,722.53,0,Moderate Activity,715.47,86.07289623723989,313.9,-512.46
0,17.6,48.59,112.08,580.13,512.27,734.26,696.92,630.69,2,Low Activity,643.535,97.42771354530838,346.105,-468.05
2,18.94,49.98,124.97,580.03,486.13,733.55,682.37,617.3,2,Low Activity,629.8374999999999,106.96569648723836,352.5,-455.05999999999995
2,18.62,50.79,124.85,578.82,479.65,724.18,675.21,614.69,2,Moderate Activity,623.4325,105.79982179411583,351.83500000000004,-453.97
0,19.97,53.85,103.85,546.15,486.67,733.4,694.552,609.36,1,Moderate Activity,630.9955,109.27649201757286,325.0,-442.29999999999995
2,18.34,51.52,127.4,575.97,485.16,730.76,676.4399999999999,602.34,2,Low Activity,623.6750000000001,106.29037256496939,351.685,-448.57000000000005
3,22.44,45.6,80.26,562.59,531.04,750.62,717.74,653.82,1,Low Activity,663.305,96.90385940026677,321.425,-482.33000000000004
2,19.17,49.73,129.96,577.51,472.22,736.66,840.36,616.77,2,High Activity,666.5025,158.50080596535358,353.735,-447.54999999999995
2,18.9,50.48,126.24,580.23,479.73,730.05,684.578,608.55,2,Moderate Activity,625.727,109.47892014447346,353.235,-453.99
2,18.33,51.86,123.31,578.93,479.11,730.14,676.13,612.62,2,High Activity,624.5,108.17401567227994,351.12,-455.61999999999995
2,21.21,53.36,96.49,579.98,478.38,726.14,680.9639999999999,606.39,1,Moderate Activity,622.9685,108.30284303285855,338.235,-483.49
2,18.84,50.7,129.19,576.95,477.64,736.09,666.08,615.87,2,Low Activity,623.92,109.2736860669881,353.07000000000005,-447.76000000000005
2,18.61,51.28,125.02,576.88,478.61,727.32,672.13,612.03,2,Moderate Activity,622.5225,106.87113778596478,350.95,-451.86
1,18.6,48.39,84.58,620.5,537.84,787.26,739.32,690.89,2,Moderate Activity,688.8275,108.07393869476581,352.54,-535.92
0,19.86,49.37,113.91,589.55,434.28,736.98,691.67,620.99,1,Moderate Activity,620.98,133.30412121661257,351.72999999999996,-475.64
0,19.67,57.34,113.48,598.52,461.69,730.0,681.02,614.07,2,Low Activity,621.695,116.7749535074481,356.0,-485.03999999999996
2,19.93,50.39,142.74,576.69,463.53,723.39,677.8599999999999,608.51,2,Low Activity,618.3225,113.49140448362891,359.71500000000003,-433.95000000000005
3,24.94,47.73,121.9,568.68,395.42,701.56,646.19,588.12,2,Low Activity,582.8225,133.24387975313036,345.28999999999996,-446.78
2,19.91,50.56,129.86,578.93,471.38,716.19,662.71,603.48,2,Low Activity,613.44,105.30169450994923,354.395,-449.06999999999994
3,23.43,49.86,138.04,570.3,449.15,705.59,646.19,586.27,2,Low Activity,596.8,109.82719699600825,354.16999999999996,-432.26
2,20.2,50.02,129.91,579.16,459.12,720.01,672.14,603.06,2,Low Activity,613.5825,113.61511119418343,354.53499999999997,-449.25
2,20.47,49.48,127.91,577.36,481.14,714.52,676.872,602.6,2,Low Activity,618.7829999999999,102.87110061949694,352.635,-449.45000000000005
2,20.52,49.54,120.37,574.33,481.72,724.34,663.79,599.85,2,Moderate Activity,617.425,103.77099482353759,347.35,-453.96000000000004
3,23.12,55.04,131.59,544.2,414.49,692.18,645.36,570.88,2,Low Activity,580.7275000000001,121.56054660812718,337.89500000000004,-412.61
2,20.76,49.22,121.75,579.25,477.05,725.68,676.52,614.18,2,Low Activity,623.3575,107.682026471459,350.5,-457.5
2,20.71,49.4,124.54,574.77,481.52,719.34,877.06,602.29,2,Moderate Activity,670.0525,168.73808370272155,349.655,-450.22999999999996
2,20.85,49.21,124.3,579.81,475.75,716.66,512.5,606.6,2,Moderate Activity,577.8774999999999,107.68752337976143,352.05499999999995,-455.50999999999993
2,20.88,49.19,128.32,569.32,482.38,723.92,682.22,613.14,2,Moderate Activity,625.415,105.7350933544141,348.82000000000005,-441.00000000000006
2,21.29,48.48,126.4,578.25,471.48,724.21,676.34,590.39,2,Moderate Activity,615.605,110.89273811511134,352.325,-451.85
1,19.21,52.88,110.16,553.37,479.89,724.02,610.5360000000001,618.24,1,Moderate Activity,608.1714999999999,99.97330268126588,331.765,-443.21000000000004
2,21.92,47.39,126.31,581.42,487.83,722.77,663.47,594.32,2,Low Activity,617.0975,100.9058754070677,353.865,-455.10999999999996
2,21.89,47.48,126.86,581.15,469.89,724.96,727.1780000000001,596.86,2,Low Activity,629.722,122.73837738322386,354.005,-454.28999999999996
2,21.48,48.55,128.28,573.79,477.61,715.89,530.45,596.2,2,Low Activity,580.0375,102.7414896313396,351.03499999999997,-445.51
1,15.99,45.22,65.39,620.15,605.79,793.45,762.08,722.98,0,Moderate Activity,721.075,82.08493751393536,342.77,-554.76
2,21.31,49.32,128.16,580.25,473.8,717.73,668.53,599.65,2,Moderate Activity,614.9275,105.81738243313336,354.205,-452.09000000000003
2,20.87,50.51,122.94,578.43,475.39,721.38,671.47,595.28,2,High Activity,615.88,107.05496750112378,350.68499999999995,-455.48999999999995
2,20.45,51.76,120.59,584.05,478.21,727.33,665.52,609.65,2,Moderate Activity,620.1775,106.14957979976496,352.32,-463.4599999999999
2,20.18,52.6,121.43,578.17,464.29,725.56,677.608,610.22,2,Moderate Activity,619.4195,113.72701209914904,349.79999999999995,-456.73999999999995
2,20.12,53.01,116.53,574.81,481.79,720.8,675.6,596.57,2,Low Activity,618.69,104.71565403510593,345.66999999999996,-458.28
2,14.97,45.04,68.71,604.87,587.47,782.03,745.51,692.0,0,Moderate Activity,701.7525,84.68529363669545,336.79,-536.16
2,20.23,53.07,124.52,578.66,472.85,717.75,669.35,604.35,2,Moderate Activity,616.0749999999999,106.18679688799983,351.59,-454.14
2,20.22,53.17,123.3,569.59,477.24,721.68,677.148,611.39,2,Moderate Activity,621.8645,106.52912053049155,346.445,-446.29
3,21.55,48.65,124.2,570.4,405.7,707.21,654.488,596.64,3,Low Activity,591.0095,131.53375926987974,347.3,-446.2
2,21.34,50.52,126.23,568.94,458.36,717.53,680.08,611.06,2,Moderate Activity,616.7574999999999,114.43639466970288,347.58500000000004,-442.71000000000004
3,22.87,45.65,100.83,594.91,488.44,733.35,691.1,625.51,1,High Activity,634.5999999999999,107.06569042726372,347.87,-494.08
1,18.96,55.65,112.15,572.41,445.87,722.33,689.73,622.04,2,Low Activity,619.9925000000001,123.3681753600444,342.28,-460.26
0,19.34,55.43,113.99,596.73,496.6,733.57,687.5039999999999,616.66,1,Moderate Activity,633.5835,103.20788830801645,355.36,-482.74
2,21.97,49.6,124.03,571.08,473.14,715.68,666.13,606.78,2,Moderate Activity,615.4324999999999,104.78838847092426,347.555,-447.05000000000007
2,22.2,49.43,130.79,575.99,472.98,724.74,666.8,607.56,2,Low Activity,618.02,107.88058212672009,353.39,-445.20000000000005
3,20.97,52.88,129.49,574.24,453.73,716.74,704.7180000000001,600.45,2,Low Activity,618.9095,121.87278307453775,351.865,-444.75
3,21.06,52.88,132.08,576.83,460.07,714.02,664.914,598.89,2,Low Activity,609.4735,110.20743469627324,354.45500000000004,-444.75
3,21.51,49.84,105.26,564.86,437.36,729.8,691.31,631.25,1,Moderate Activity,622.43,129.87361625826853,335.06,-459.6
3,23.65,49.36,141.03,545.65,467.25,699.75,743.5219999999999,558.51,2,Low Activity,617.258,127.41174112302208,343.34,-404.62
3,21.12,52.94,124.83,575.0,466.2,712.22,670.68,580.56,2,Low Activity,607.415,109.00980919165028,349.915,-450.17
3,21.28,52.68,130.17,578.12,444.0,717.2,662.0,591.68,2,Low Activity,603.72,118.22254268962413,354.145,-447.95000000000005
1,19.87,57.45,129.71,551.83,437.16,702.39,663.49,588.01,2,Low Activity,597.7625,117.12570494273804,340.77000000000004,-422.12
3,21.43,52.65,132.98,566.71,458.1,718.66,729.182,581.28,2,Low Activity,621.8054999999999,128.26056006296972,349.845,-433.73
3,21.66,51.16,114.79,596.73,471.63,732.54,687.44,608.23,1,Low Activity,624.96,114.40744235698422,355.76,-481.94
3,22.74,49.65,134.61,575.37,460.37,715.2,641.4060000000002,588.13,2,Low Activity,601.2765,107.4188264489362,354.99,-440.76
3,22.73,49.62,132.6,578.93,454.67,706.5,665.458,591.62,2,Low Activity,604.562,110.65680531565452,355.765,-446.3299999999999
3,22.73,50.03,127.57,564.11,454.38,709.78,661.53,589.12,2,Moderate Activity,603.7025,111.2149781204552,345.84000000000003,-436.54
1,19.11,52.59,110.81,571.36,502.48,747.62,710.706,658.73,1,High Activity,654.884,107.94725920868332,341.08500000000004,-460.55
3,22.59,50.46,132.85,577.14,457.74,710.14,833.39,590.94,2,Low Activity,648.0525,160.91978527100594,354.995,-444.28999999999996
1,17.88,43.57,62.47,616.34,566.61,781.67,755.31,693.38,0,Low Activity,699.2425000000001,95.85337113703059,339.40500000000003,-553.87
3,21.53,53.38,134.99,573.83,454.99,701.64,664.14,583.34,2,Low Activity,601.0275,109.15716784374109,354.41,-438.84000000000003
0,21.1,53.95,118.51,578.93,428.36,710.85,667.422,594.89,2,Low Activity,600.3805,124.25681894501136,348.71999999999997,-460.41999999999996
1,18.34,55.86,100.62,606.92,500.14,739.86,698.77,631.95,1,Moderate Activity,642.6800000000001,104.91714985326915,353.77,-506.29999999999995
3,21.64,53.52,133.67,571.91,455.22,704.51,663.49,582.95,2,Low Activity,601.5425,109.8419377636186,352.78999999999996,-438.24
3,22.1,48.28,107.5,600.56,464.99,731.57,686.34,604.3,2,Low Activity,621.8,117.06193602818414,354.03,-493.05999999999995
3,21.6,53.74,133.54,578.93,461.29,712.42,663.46,597.08,2,Low Activity,608.5625,108.9665894896229,356.23499999999996,-445.39
0,18.64,50.16,126.03,578.93,483.46,743.8,459.66,642.58,1,Moderate Activity,582.375,134.81570272041753,352.47999999999996,-452.9
1,19.05,55.79,118.71,602.41,499.35,735.79,705.83,612.72,1,Moderate Activity,638.4224999999999,106.49879478973772,360.56,-483.7
2,23.24,51.63,115.09,549.87,480.47,709.15,661.726,593.0,2,High Activity,611.0865,99.27839735981503,332.48,-434.78
0,20.91,49.62,102.26,609.19,455.52,727.6,683.9300000000001,612.31,2,High Activity,619.8399999999999,119.41176519366368,355.725,-506.93000000000006
1,16.37,55.85,65.33,618.03,587.31,782.54,741.87,694.21,1,Low Activity,701.4825,84.24115675646121,341.68,-552.6999999999999
3,23.23,50.34,135.26,572.01,401.34,696.21,667.106,553.48,2,Low Activity,579.534,133.80839125655262,353.635,-436.75
3,23.1,50.64,130.64,571.73,402.65,686.82,872.13,567.26,2,Low Activity,632.2149999999999,197.87214264098253,351.185,-441.09000000000003
0,20.38,58.64,130.11,549.88,464.63,722.33,686.29,601.23,1,Low Activity,618.62,114.52849019639903,339.995,-419.77
3,24.67,45.36,97.65,602.54,487.58,722.15,461.18,599.26,1,Moderate Activity,567.5425,119.18677453895629,350.09499999999997,-504.89
3,24.7,48.28,140.75,563.55,412.85,684.11,610.25,534.3,2,Low Activity,560.3775,115.81795640141472,352.15,-422.79999999999995
3,22.99,51.11,142.72,575.83,416.54,689.28,647.34,574.61,2,Moderate Activity,581.9425,120.0137832014862,359.27500000000003,-433.11
2,17.26,47.14,68.41,619.75,558.82,776.64,757.83,679.49,0,Moderate Activity,693.1949999999999,98.97006096121525,344.08,-551.34
0,18.37,53.7,119.02,584.85,486.87,731.82,687.43,599.93,1,Low Activity,626.5124999999999,108.02355989165821,351.935,-465.83000000000004
3,21.43,45.34,113.92,584.74,453.45,722.8,827.65,595.2,2,High Activity,649.7750000000001,161.7550643205131,349.33,-470.82
1,16.53,53.31,71.72,578.93,571.68,856.61,742.99,678.72,1,Low Activity,712.5,119.2597906532905,325.325,-507.2099999999999
0,18.92,51.88,117.54,591.47,469.5,750.78,713.46,644.39,1,Moderate Activity,644.5325,124.73428808872082,354.505,-473.93
3,22.42,53.45,134.0,570.74,419.95,687.56,641.648,572.11,2,Low Activity,580.317,116.97219348774021,352.37,-436.74
3,22.44,53.44,137.17,572.07,432.09,695.7,639.39,567.03,2,Low Activity,583.5525,113.88410786848183,354.62,-434.9000000000001
1,17.18,42.44,65.81,626.39,559.38,797.62,759.1,705.88,0,Low Activity,705.495,104.41943162074769,346.1,-560.5799999999999
3,24.36,49.32,142.24,572.24,434.16,698.81,642.63,567.85,2,Low Activity,585.8625,114.48112722919294,357.24,-430.0
3,24.52,48.95,136.91,570.94,425.43,699.36,864.3,566.83,2,Low Activity,638.98,187.28238197972598,353.925,-434.0300000000001
3,24.3,49.31,137.67,565.67,432.27,699.8,641.19,586.29,2,Low Activity,589.8875,114.8461615597143,351.66999999999996,-428.0
3,23.83,50.44,141.85,567.18,424.71,694.68,630.96,564.75,2,Low Activity,578.775,115.59983866770749,354.515,-425.3299999999999
3,23.72,50.65,138.37,568.6,439.19,689.22,648.18,564.29,2,Moderate Activity,585.22,110.3672466510483,353.485,-430.23
3,23.77,50.28,142.18,569.26,426.55,690.7,636.1160000000001,560.63,2,Low Activity,578.499,114.47937638427867,355.72,-427.08
3,23.61,50.64,135.15,567.68,430.19,693.3,610.794,566.35,2,Low Activity,575.1585,110.031447848634,351.41499999999996,-432.53
3,23.73,50.03,140.98,565.99,436.99,692.87,871.65,565.98,2,Low Activity,641.8725000000001,185.41391072858224,353.485,-425.01
3,24.29,48.52,128.8,571.33,437.39,691.78,651.46,566.96,2,Moderate Activity,586.8975,112.42575576056109,350.06500000000005,-442.53000000000003
1,19.06,56.79,109.9,601.18,487.33,732.98,665.18,598.11,1,Moderate Activity,620.9,104.69475281343696,355.53999999999996,-491.28
3,23.79,49.35,139.3,570.35,432.9,698.08,651.76,572.62,2,Low Activity,588.84,116.15029918170683,354.82500000000005,-431.05
3,24.24,48.32,135.87,571.95,455.7,696.45,650.52,572.92,2,Low Activity,593.8975,105.2959753504378,353.91,-436.08000000000004
3,23.89,49.45,140.68,573.3,445.58,701.56,649.23,584.22,2,Low Activity,595.1475,110.66222522462967,356.99,-432.61999999999995
3,23.85,49.08,132.35,572.75,438.42,696.39,648.058,574.23,2,Low Activity,589.2745,112.41685425682395,352.55,-440.4
1,16.27,44.17,74.28,602.85,566.7,790.94,747.9359999999999,690.93,1,Low Activity,699.1265,97.32428026448486,338.565,-528.57
0,22.51,51.73,139.88,569.28,450.78,702.44,651.11,576.85,2,Low Activity,595.295,109.27056404479056,354.58,-429.4
0,22.62,51.49,143.54,563.43,452.81,865.59,658.95,581.0,2,Low Activity,639.5875000000001,172.9839742818199,353.48499999999996,-419.89
0,22.59,51.61,142.22,569.2,448.07,702.59,649.774,575.17,2,Low Activity,593.9010000000001,110.38209663407076,355.71000000000004,-426.98
0,22.36,52.15,139.89,578.93,441.2,700.37,652.2,583.44,2,Low Activity,594.3025,112.7841662572071,359.40999999999997,-439.03999999999996
0,22.34,52.21,139.22,572.88,440.79,702.14,646.31,571.25,2,Low Activity,590.1225,113.08009296511918,356.05,-433.65999999999997
0,22.13,52.59,138.26,568.49,438.15,710.51,649.41,571.19,2,Low Activity,592.3149999999999,117.53440616829326,353.375,-430.23
3,23.61,45.71,133.88,585.02,450.37,714.69,673.83,598.74,2,Low Activity,609.4075,116.39213214388678,359.45,-451.14
0,21.77,53.28,141.02,573.31,445.66,700.02,662.36,583.45,2,Low Activity,597.8725,112.50096751435814,357.16499999999996,-432.28999999999996
1,18.97,47.99,85.25,593.57,523.39,767.15,727.726,665.06,1,Moderate Activity,670.8315,106.90578984476628,339.41,-508.32000000000005
0,21.45,54.0,142.46,570.1,439.39,698.76,651.31,572.48,2,Low Activity,590.485,113.39758271967999,356.28000000000003,-427.64
1,20.0,46.88,82.25,593.28,460.75,740.65,698.476,639.72,1,High Activity,634.8990000000001,123.25640642173533,337.765,-511.03
0,21.23,54.3,149.0,578.93,440.58,700.91,649.56,582.15,2,Low Activity,593.3,112.83146812835503,363.965,-429.92999999999995
3,23.99,47.04,105.66,601.32,477.63,717.46,688.16,598.17,1,Moderate Activity,620.355,107.84170328155369,353.49,-495.6600000000001
0,21.18,54.45,145.35,569.38,437.94,704.61,653.85,576.88,2,Low Activity,593.32,116.13578690481242,357.365,-424.03
0,21.08,54.6,144.65,564.17,438.16,698.42,649.85,578.25,2,Low Activity,591.17,113.32091804546353,354.40999999999997,-419.52
0,20.96,56.3,116.45,599.3,416.04,725.13,660.18,603.61,3,Low Activity,601.24,133.0755582366649,357.875,-482.84999999999997
1,18.48,41.16,82.24,616.64,515.97,782.05,535.54,684.97,1,Low Activity,629.6324999999999,126.57790180359285,349.44,-534.4
2,18.85,56.12,72.19,567.99,566.38,751.9,728.9100000000001,664.1,0,Moderate Activity,677.8225,83.07656403382767,320.09000000000003,-495.8
3,24.02,51.03,121.17,564.45,490.08,697.5,634.33,571.76,2,Moderate Activity,598.4175,88.60903955955436,342.81,-443.28000000000003
0,19.66,54.47,98.9,601.55,480.95,736.77,683.16,613.76,1,Moderate Activity,628.6600000000001,110.60180257723349,350.22499999999997,-502.65
0,21.47,54.19,150.65,559.29,334.83,667.86,610.01,539.03,2,Low Activity,537.9325,145.2906871011812,354.96999999999997,-408.64
2,21.46,45.92,144.16,580.09,419.54,731.34,699.75,622.82,2,Low Activity,618.3625000000001,140.16430415171095,362.125,-435.93000000000006
0,20.87,54.76,146.94,570.96,447.46,703.53,650.94,586.07,2,Low Activity,597.0,110.66441915388464,358.95000000000005,-424.02000000000004
3,23.2,43.89,112.38,584.65,434.08,745.69,504.79,629.54,1,Low Activity,578.525,137.65642702031752,348.515,-472.27
1,16.64,49.74,35.15,582.53,491.79,751.3,708.904,656.65,1,Moderate Activity,652.161,113.70622693590705,308.84,-547.38
0,20.77,54.84,144.19,569.77,442.61,707.95,652.15,580.63,2,Low Activity,595.835,114.67380564017226,356.98,-425.58
2,22.14,52.6,101.24,569.46,484.44,710.61,675.63,612.5,1,Moderate Activity,620.795,99.55752859528003,335.35,-468.22
0,20.64,54.96,142.08,567.44,445.53,702.89,660.7,575.43,2,Low Activity,596.1375,113.54269721856475,354.76000000000005,-425.36
1,16.82,44.94,78.72,606.03,492.73,773.61,739.37,650.1,0,Moderate Activity,663.9525,125.46128602747011,342.375,-527.31
1,20.04,58.89,128.89,556.87,485.53,728.22,680.1020000000001,620.41,1,Moderate Activity,628.5655,105.05981890174127,342.88,-427.98
1,15.21,43.26,61.5,609.41,564.98,786.11,750.74,693.23,1,Moderate Activity,698.765,97.05601836053239,335.455,-547.91
0,22.19,50.13,127.86,573.27,370.45,602.12,643.89,563.69,2,Low Activity,545.0375,120.91173016571497,350.565,-445.40999999999997
0,20.42,55.13,138.41,566.14,446.56,711.09,658.168,589.75,1,Low Activity,601.392,114.55078898025977,352.275,-427.73
2,23.36,47.53,104.34,578.93,490.87,729.42,683.868,624.42,1,High Activity,632.1445,103.53098667065817,341.635,-474.5899999999999
2,19.84,46.68,101.52,603.09,484.98,749.87,690.28,639.29,0,Low Activity,641.105,113.46998971828042,352.305,-501.57000000000005
0,20.32,55.37,145.41,568.75,437.05,710.63,657.06,586.11,1,Low Activity,597.7125,118.6304408306176,357.08,-423.34000000000003
0,20.27,55.4,143.02,565.92,449.68,719.4,700.654,582.45,1,Moderate Activity,613.046,124.64736947618802,354.46999999999997,-422.9
0,20.31,55.19,148.61,566.94,469.53,709.52,658.8,605.04,1,Low Activity,610.7225,103.34409332419536,357.77500000000003,-418.33000000000004
0,20.27,55.29,143.55,566.78,452.26,706.76,627.818,584.22,1,Low Activity,592.7645,106.51798734329647,355.16499999999996,-423.22999999999996
0,20.18,55.45,142.8,570.22,464.7,628.77,647.94,596.57,1,Low Activity,584.495,82.62806484482135,356.51,-427.42
0,20.04,55.69,147.21,578.93,448.79,621.24,659.69,593.94,1,Moderate Activity,580.915,92.11998064119062,363.07,-431.7199999999999
3,23.02,50.66,110.67,569.0,447.66,726.54,676.77,609.35,1,Low Activity,615.08,121.5062097178576,339.835,-458.33
0,20.06,55.51,147.5,566.16,455.2,707.34,656.91,580.94,1,Low Activity,600.0975,109.68273834868761,356.83,-418.65999999999997
3,22.72,51.84,106.62,543.77,450.52,714.44,621.48,564.32,1,Low Activity,587.69,110.40696294467425,325.195,-437.15
0,19.92,55.79,139.48,572.95,451.49,707.79,663.5,580.74,1,Low Activity,600.88,112.65582423174281,356.21500000000003,-433.47
0,19.97,55.64,137.74,579.03,459.87,699.38,660.03,592.45,1,Low Activity,602.9325,105.10154847416219,358.385,-441.28999999999996
2,24.48,44.58,98.17,602.88,478.36,738.88,702.78,640.14,1,Moderate Activity,640.04,115.24768341851097,350.525,-504.71
0,19.9,55.56,141.55,571.67,447.61,708.84,667.63,605.31,1,Low Activity,607.3475,114.68061108283882,356.61,-430.11999999999995
0,19.66,56.03,139.06,570.88,461.84,703.82,663.99,599.95,1,Low Activity,607.4000000000001,106.05416949213583,354.97,-431.82
0,19.73,55.89,141.26,565.36,463.14,875.13,629.992,581.85,1,Low Activity,637.528,173.22693778970984,353.31,-424.1
0,19.7,55.79,136.44,569.07,452.82,717.53,670.15,603.19,1,Low Activity,610.9225,115.36788674352437,352.755,-432.63000000000005
0,19.67,55.8,136.12,570.25,465.75,714.38,588.9759999999999,599.96,1,Low Activity,592.2665,101.63357218786845,353.185,-434.13
0,19.68,55.77,143.21,567.95,470.23,716.63,671.08,602.08,1,Low Activity,615.005,107.39165470370591,355.58000000000004,-424.74
0,19.63,55.82,132.51,572.5,467.9,725.03,657.4559999999999,586.66,1,Low Activity,609.2615,109.87713882180708,352.505,-439.99
0,19.89,54.98,139.57,577.23,460.92,720.04,671.37,599.31,1,Low Activity,612.91,112.81301432015721,358.4,-437.66
1,19.69,55.4,146.2,570.81,454.82,716.25,670.48,594.29,1,Low Activity,608.96,114.41183359542259,358.505,-424.60999999999996
1,19.77,55.12,140.84,566.13,478.23,725.62,681.34,607.13,1,Low Activity,623.08,108.23524410591342,353.485,-425.28999999999996
0,20.99,56.08,134.0,565.4,443.78,706.88,655.288,577.05,2,Low Activity,595.7494999999999,114.51233011194327,349.7,-431.4
1,19.64,55.2,139.9,579.3,476.97,720.98,682.7,607.58,1,Moderate Activity,622.0575,107.584314958083,359.59999999999997,-439.4
1,19.62,55.27,136.04,578.09,471.83,716.43,681.81,603.9,1,High Activity,618.4925,108.51065949942428,357.065,-442.05000000000007
1,19.37,55.84,141.41,571.26,464.06,724.67,643.928,604.35,1,Moderate Activity,609.252,108.9778053366831,356.335,-429.85
1,19.34,56.02,142.59,568.7,464.07,719.6,679.0640000000001,612.5,1,Moderate Activity,618.8085000000001,112.21029707206021,355.64500000000004,-426.11
3,21.56,54.81,115.05,578.93,433.92,723.12,679.69,611.45,3,Moderate Activity,612.0450000000001,127.33469192119902,346.98999999999995,-463.87999999999994
1,19.13,56.41,136.32,576.73,462.63,721.93,669.34,605.82,1,Moderate Activity,614.9300000000001,112.08290116397474,356.525,-440.41
3,23.5,45.45,143.42,576.57,458.27,699.2,659.25,574.94,1,Low Activity,597.915,106.53514302801685,359.995,-433.1500000000001
1,19.26,56.04,138.26,567.07,465.85,725.39,645.746,605.8,1,Moderate Activity,610.6965,108.60870233242514,352.665,-428.81000000000006
1,19.18,56.22,139.37,573.07,480.96,724.3,680.764,611.26,1,Moderate Activity,624.3209999999999,106.3086367328638,356.22,-433.70000000000005
1,19.03,56.48,145.73,569.57,480.09,722.83,491.96,615.29,1,Moderate Activity,577.5425,114.53483527585253,357.65000000000003,-423.84000000000003
1,19.09,56.36,145.41,576.89,471.65,724.77,679.67,605.42,1,Moderate Activity,620.3775,110.69024448884373,361.15,-431.48
3,25.07,49.53,145.81,554.21,398.37,663.55,598.2,533.28,3,Low Activity,548.35,113.25070684106124,350.01,-408.40000000000003
1,19.0,56.47,135.3,573.94,463.71,716.25,672.502,613.1,1,Moderate Activity,616.3905,110.21582258308771,354.62,-438.64000000000004
1,19.04,56.32,137.88,572.72,484.25,719.88,681.66,610.31,1,Low Activity,624.025,103.65829457083177,355.3,-434.84000000000003
1,18.95,56.43,138.26,568.46,481.67,728.29,882.95,612.77,1,Low Activity,676.42,170.61069016916846,353.36,-430.20000000000005
2,22.39,53.89,110.31,547.5,469.34,711.3,662.15,606.92,1,Low Activity,612.4275,104.48678301584367,328.905,-437.19
1,18.8,56.74,147.5,580.89,483.9,727.61,675.11,619.38,1,High Activity,626.5,104.8357741104311,364.195,-433.39
1,18.9,56.5,141.03,578.93,481.74,721.29,674.15,606.98,1,High Activity,621.04,104.03990932970544,359.97999999999996,-437.9
1,18.86,56.48,141.9,572.19,476.0,718.69,673.06,601.77,1,Moderate Activity,617.38,105.82368197462546,357.045,-430.2900000000001
1,18.78,56.62,135.71,577.85,490.62,730.71,682.82,605.3,1,High Activity,627.3625,104.78788936863525,356.78000000000003,-442.14
1,18.81,51.11,114.94,603.12,459.68,745.9,704.89,632.03,1,Moderate Activity,635.625,126.39591620512638,359.03,-488.18
1,18.73,55.61,130.67,582.64,484.13,729.35,679.36,612.81,1,Moderate Activity,626.4125,106.18993121603701,356.655,-451.97
0,20.78,54.34,119.49,553.74,448.66,714.28,673.87,603.39,2,Low Activity,610.05,116.94439276852908,336.615,-434.25
1,18.55,54.81,107.44,583.5,501.41,741.7,680.8,612.17,1,Moderate Activity,634.02,103.03103965957702,345.47,-476.06
0,20.53,55.19,146.57,578.93,469.13,709.71,628.016,586.88,1,Low Activity,598.4340000000001,100.18393456038748,362.75,-432.35999999999996
1,18.6,52.56,98.67,592.08,514.4,743.96,705.89,633.37,1,High Activity,649.405,101.01926301453601,345.375,-493.41
1,18.52,52.09,92.84,586.73,537.23,751.49,720.34,650.94,1,Moderate Activity,665.0,94.98402005951668,339.785,-493.89
1,18.44,51.8,80.77,592.71,550.49,758.89,726.94,652.44,1,Low Activity,672.19,92.58402489990736,336.74,-511.94000000000005
1,18.35,51.98,89.05,592.68,553.86,757.82,722.912,661.81,1,Moderate Activity,674.1005,89.44337397295939,340.86499999999995,-503.62999999999994
1,18.39,51.59,83.57,598.05,550.57,757.37,721.69,665.22,1,Moderate Activity,673.7125000000001,90.43711567529486,340.80999999999995,-514.48
1,18.4,51.21,73.23,595.55,565.48,767.13,724.48,666.66,0,Low Activity,680.9375,87.29142316592926,334.39,-522.3199999999999
1,18.34,51.55,79.24,606.42,563.2,766.56,726.794,663.32,0,High Activity,679.9685000000001,88.69943717784605,342.83,-527.18
2,18.6,52.41,120.2,593.24,481.98,743.8,695.4760000000001,621.56,1,Low Activity,635.704,114.14692011029761,356.72,-473.04
3,23.14,43.43,105.47,595.0,434.41,739.9,690.11,624.44,2,Moderate Activity,622.215,133.83467276208108,350.235,-489.53
1,18.7,52.86,84.11,593.18,522.53,605.39,715.77,648.88,0,Low Activity,623.1425,80.99444235048888,338.645,-509.06999999999994
1,19.0,52.76,94.8,595.39,506.83,742.46,721.65,633.43,0,Low Activity,651.0925,107.16033730661111,345.09499999999997,-500.59
2,21.41,53.48,129.02,542.81,446.04,689.97,623.52,561.56,2,Moderate Activity,580.2725,103.71822320595355,335.91499999999996,-413.78999999999996
1,19.1,52.93,94.96,578.93,489.67,740.32,702.35,634.69,0,High Activity,641.7575,110.40316220561802,336.945,-483.96999999999997
1,19.09,53.08,95.56,578.93,490.58,747.15,709.01,644.65,0,Moderate Activity,647.8475,113.05622270209928,337.245,-483.36999999999995
3,22.85,50.16,138.42,584.63,429.41,713.74,661.16,574.54,2,Low Activity,594.7125,124.25063685282795,361.525,-446.21000000000004
1,19.14,53.12,110.34,582.4,499.61,743.08,714.69,623.54,0,Moderate Activity,645.23,109.6584919952243,346.37,-472.05999999999995
3,21.36,44.72,104.98,590.51,478.04,721.59,689.13,622.92,1,Moderate Activity,627.9200000000001,108.02738449115574,347.745,-485.53
1,18.9,54.03,105.4,596.43,511.34,752.47,693.9,634.5,0,Low Activity,648.0525,103.08408457015403,350.91499999999996,-491.03
1,18.91,54.07,95.65,581.94,512.95,744.65,696.56,635.49,0,Low Activity,647.4124999999999,100.15474373022309,338.795,-486.2900000000001
2,18.23,47.55,70.39,631.24,592.2,789.15,756.514,697.34,0,Low Activity,708.801,86.52483245095978,350.815,-560.85
2,19.14,53.51,103.14,593.03,486.72,741.88,686.68,618.8,0,Moderate Activity,633.52,110.05270494934081,348.085,-489.89
2,19.15,53.57,201.84,581.49,489.08,744.54,699.47,629.35,1,High Activity,640.61,111.58565170606241,391.665,-379.65
0,22.9,51.98,114.49,551.54,475.67,704.22,636.19,568.83,1,Low Activity,596.2275000000001,97.54334980749158,333.015,-437.04999999999995
2,18.9,54.85,121.55,581.58,488.45,736.28,694.41,616.92,1,Low Activity,634.015,108.9144840383194,351.565,-460.03000000000003
2,15.58,46.03,74.81,596.85,545.31,768.34,742.44,666.61,1,Moderate Activity,680.6750000000001,100.0359517040416,335.83000000000004,-522.04
2,19.12,54.33,113.17,583.89,469.13,739.59,688.9540000000001,624.9,1,Moderate Activity,630.6435,117.45786868348442,348.53,-470.71999999999997
2,18.92,54.56,115.01,579.48,462.49,739.61,686.24,622.35,1,Low Activity,627.6725,120.10237754377167,347.245,-464.47
3,21.71,48.69,102.48,596.57,476.47,721.03,680.6419999999999,611.2,1,Low Activity,622.3354999999999,107.30174854586477,349.52500000000003,-494.09000000000003
0,18.44,52.17,123.72,578.93,483.46,747.69,581.13,656.66,1,High Activity,617.235,112.20837654411845,351.325,-455.2099999999999
2,19.04,54.9,114.59,578.93,487.09,735.04,682.85,619.41,1,High Activity,631.0975,107.0157656220179,346.76,-464.3399999999999
1,16.88,56.17,75.45,611.5,579.08,769.93,739.75,678.27,1,Low Activity,691.7575,84.2463678247713,343.475,-536.05
0,19.67,49.76,116.4,581.37,384.67,715.82,687.404,548.11,2,Low Activity,584.001,151.7557693708326,348.885,-464.97
2,20.23,51.5,113.97,583.5,466.7,731.76,690.58,627.11,1,High Activity,629.0375,116.47112728769594,348.735,-469.53
2,20.27,51.79,112.75,581.6,467.5,740.61,688.34,621.95,1,Low Activity,629.6000000000001,118.47438569862545,347.175,-468.85
0,19.8,55.11,125.58,540.36,467.24,684.72,626.54,557.92,3,Low Activity,584.105,93.57205761693321,332.97,-414.78000000000003
2,17.84,47.11,79.19,578.93,471.96,755.12,709.204,645.97,0,Low Activity,645.5635,124.08475650000956,329.05999999999995,-499.73999999999995
2,21.39,49.7,108.18,582.81,487.96,735.62,690.99,631.35,1,Low Activity,636.48,107.83411179523235,345.495,-474.62999999999994
1,17.63,55.13,130.8,585.85,496.51,729.94,682.32,599.39,1,Moderate Activity,627.04,102.38309072628485,358.32500000000005,-455.05
2,21.47,50.29,114.36,587.08,474.96,728.64,687.75,626.78,1,Low Activity,629.5325,111.22321081950476,350.72,-472.72
2,21.72,49.73,102.52,577.76,469.25,726.98,682.97,617.29,1,High Activity,624.1225,112.65710197320008,340.14,-475.24
2,21.73,50.18,113.64,584.09,455.17,718.85,672.59,603.6,1,Moderate Activity,612.5525,115.11307263585083,348.865,-470.45000000000005
2,19.46,53.09,88.33,579.49,457.64,729.86,675.42,608.61,1,High Activity,617.8825,117.77543953784819,333.91,-491.16
2,21.86,50.19,125.86,583.51,415.7,865.16,671.73,589.01,1,Low Activity,635.4,186.6633766971979,354.685,-457.65
2,21.98,52.54,99.37,570.27,474.88,719.09,673.116,601.41,1,High Activity,617.124,106.4776260566823,334.82,-470.9
2,21.9,50.14,121.28,578.78,433.71,719.81,666.01,593.55,1,Low Activity,603.27,124.31539352255079,350.03,-457.5
2,21.97,49.95,195.98,576.73,432.09,718.26,676.8,597.03,1,Low Activity,606.045,126.41214142636774,386.355,-380.75
2,22.05,49.85,122.1,580.49,438.97,716.66,688.2,601.47,1,Low Activity,611.325,124.911428487015,351.295,-458.39
2,22.16,49.63,112.98,578.72,427.6,558.27,687.94,613.09,1,Moderate Activity,571.725,109.80291753865197,345.85,-465.74
2,22.65,48.45,116.39,575.76,444.94,725.11,542.08,610.93,1,Moderate Activity,580.765,117.8846414932836,346.075,-459.37
2,23.49,46.61,116.42,584.05,437.49,714.93,673.58,597.94,1,Low Activity,605.985,122.32931523828073,350.23499999999996,-467.62999999999994
3,20.76,49.71,116.26,590.81,405.62,731.39,681.32,605.39,2,Moderate Activity,605.93,143.23436668621116,353.53499999999997,-474.54999999999995
2,23.5,46.7,111.78,576.97,443.35,728.06,680.038,616.84,1,Moderate Activity,617.072,124.44870483857996,344.375,-465.19000000000005
2,23.05,47.97,120.32,578.93,448.77,718.31,669.7379999999999,593.82,1,Low Activity,607.6595,117.66432237938565,349.625,-458.60999999999996
2,22.6,49.11,113.1,581.01,453.09,724.3,675.72,601.49,1,Moderate Activity,613.65,118.35467403810746,347.055,-467.90999999999997
2,22.57,49.2,120.43,583.16,450.56,720.57,677.368,608.01,1,High Activity,614.127,118.49207780550847,351.79499999999996,-462.72999999999996
2,19.31,49.99,83.21,619.27,565.32,768.03,492.63,651.1,0,Low Activity,619.27,118.44967792273644,351.24,-536.06
2,23.05,48.33,118.82,582.03,444.77,724.19,683.55,600.49,1,High Activity,613.25,123.555792525752,350.42499999999995,-463.21
2,23.11,48.26,204.18,580.64,454.13,718.66,670.954,597.37,1,Low Activity,610.2785,115.43692255513395,392.40999999999997,-376.46
2,23.11,48.28,114.75,579.82,452.82,723.99,676.64,624.08,1,Moderate Activity,619.3824999999999,118.30227283671829,347.285,-465.07000000000005
2,20.03,56.43,97.23,565.17,501.72,727.8,698.22,626.91,1,High Activity,638.6625,100.63789755852412,331.2,-467.93999999999994
3,21.58,50.36,117.96,595.88,472.82,712.52,660.28,568.64,1,High Activity,603.5649999999999,105.51744547703947,356.92,-477.92
2,20.37,51.38,83.07,559.49,525.84,740.74,706.5800000000002,641.85,0,Low Activity,653.7525,94.6235472367564,321.28,-476.42
0,22.06,51.77,105.53,545.62,467.97,716.89,881.65,569.84,1,Low Activity,659.0875000000001,180.153832853111,325.575,-440.09000000000003
2,24.39,45.84,115.85,577.95,466.67,718.93,678.3639999999999,617.26,1,Moderate Activity,620.306,110.62055769159724,346.90000000000003,-462.1
1,19.69,53.2,120.33,575.79,397.44,716.83,663.44,589.16,2,Low Activity,591.7175,139.69913203619652,348.06,-455.46
2,23.96,46.86,119.14,578.59,463.16,721.62,678.38,613.14,1,Low Activity,619.0749999999999,113.10359779128748,348.865,-459.45000000000005
2,20.76,49.22,121.75,579.25,477.05,725.68,679.124,614.18,2,Low Activity,624.0085,108.1175477385609,350.5,-457.5
2,18.06,53.61,106.26,598.81,477.54,749.7,704.41,630.28,1,High Activity,640.4825000000001,119.26096997062086,352.53499999999997,-492.54999999999995
2,23.67,47.77,120.86,582.09,457.22,728.35,680.44,617.57,1,Moderate Activity,620.8950000000001,118.17042114392812,351.475,-461.23
2,23.55,48.07,111.02,583.04,452.54,733.33,689.7,615.73,1,High Activity,622.825,123.46516499266775,347.03,-472.02
2,23.59,48.11,113.04,583.56,459.94,724.16,680.15,619.3,1,High Activity,620.8875,115.59104791606195,348.29999999999995,-470.5199999999999
0,21.18,50.67,101.68,561.13,439.74,718.26,656.19,590.35,2,Low Activity,601.135,119.6020915368958,331.405,-459.45
2,22.69,51.45,114.42,559.92,499.72,711.43,647.864,578.11,2,Moderate Activity,609.2810000000001,91.10124414079094,337.16999999999996,-445.49999999999994
2,21.39,46.03,114.89,594.5,443.26,732.19,695.22,612.73,1,Moderate Activity,620.85,128.49336558748863,354.695,-479.61
3,24.6,45.75,100.97,600.27,457.6,720.79,667.33,590.21,1,Moderate Activity,608.9825,114.27221282971638,350.62,-499.29999999999995
3,24.64,46.29,109.29,586.31,468.53,730.4,693.3219999999999,614.86,1,Low Activity,626.7779999999999,115.9742658926252,347.79999999999995,-477.0199999999999
3,24.76,46.07,112.46,579.19,458.24,726.08,685.29,611.38,1,Moderate Activity,620.2475000000001,117.97755079533847,345.82500000000005,-466.7300000000001
3,24.86,45.98,111.01,573.0,457.57,733.07,676.58,615.84,1,Low Activity,620.7650000000001,118.8620922189521,342.005,-461.99
0,20.24,54.49,128.46,547.37,445.21,685.85,629.31,549.92,3,Low Activity,577.5725,104.37956069876262,337.915,-418.90999999999997
3,24.18,47.57,108.2,578.18,454.31,724.93,672.92,618.58,1,Low Activity,617.685,117.25269989784171,343.19,-469.97999999999996
0,21.16,57.92,126.43,549.78,456.09,709.2,673.05,591.97,1,Moderate Activity,607.5775,112.25838866205056,338.105,-423.34999999999997
3,24.28,47.64,109.81,578.49,452.8,725.63,690.83,607.2,1,Moderate Activity,619.115,121.50601205976051,344.15,-468.68
3,24.46,47.39,112.4,583.07,463.94,722.83,684.47,625.46,1,Moderate Activity,624.175,114.08359873356031,347.735,-470.6700000000001
3,24.61,47.15,112.5,578.24,450.95,728.4,670.6,606.52,1,Moderate Activity,614.1175,119.62736263776222,345.37,-465.74
2,17.27,48.25,79.58,610.71,569.65,784.86,747.04,686.86,0,Moderate Activity,697.1025000000001,94.06412932143688,345.14500000000004,-531.13
3,23.74,50.6,135.24,564.93,391.46,687.28,651.17,552.43,2,Low Activity,570.5849999999999,132.32162194189328,350.085,-429.68999999999994
3,25.42,45.76,119.16,579.26,437.13,724.62,681.87,620.93,1,Moderate Activity,616.1374999999999,126.69631338361823,349.21,-460.1
3,24.96,47.14,117.33,575.59,457.1,720.9,676.0,615.41,1,Moderate Activity,617.3525,115.24792272169881,346.46000000000004,-458.26000000000005
3,25.14,47.84,126.86,574.54,440.5,710.52,645.3299999999999,595.05,1,Low Activity,597.8499999999999,115.05903093629806,350.7,-447.67999999999995
3,24.73,47.65,118.35,572.8,451.24,720.4,671.5,605.17,1,Low Activity,612.0775,117.16258287098316,345.575,-454.44999999999993
3,24.68,48.0,119.1,573.4,444.44,715.25,669.4759999999999,593.22,1,Low Activity,605.5965,118.64383089313998,346.25,-454.29999999999995
3,24.57,48.37,123.92,576.18,451.79,718.72,674.65,593.56,1,Low Activity,609.68,117.3313385247096,350.04999999999995,-452.25999999999993
3,23.7,47.78,190.16,602.9,410.95,712.08,671.1659999999999,591.24,1,Moderate Activity,596.3589999999999,133.40432093451847,396.53,-412.74
0,20.76,57.38,138.43,568.54,450.46,707.11,650.07,575.6,1,Low Activity,595.81,110.8556181105255,353.485,-430.10999999999996
3,25.29,46.54,120.07,578.93,452.12,898.91,664.41,604.26,1,Low Activity,654.925,185.57609014453703,349.5,-458.85999999999996
1,18.89,55.92,127.83,603.36,507.04,842.57,701.31,612.9,1,High Activity,665.955,142.02305505327882,365.595,-475.53000000000003
3,24.83,47.81,121.03,578.95,446.95,719.7,670.22,612.56,1,Moderate Activity,612.3575000000001,118.6453584918798,349.99,-457.9200000000001
3,24.83,47.92,121.08,573.46,452.96,721.27,678.754,605.36,1,Low Activity,614.586,117.90828502413788,347.27000000000004,-452.38000000000005
0,17.47,53.39,121.33,592.29,485.24,753.27,717.46,653.84,0,Moderate Activity,652.4525,118.81650933968169,356.81,-470.96
0,18.55,51.96,120.87,578.93,480.87,735.06,715.47,612.35,1,Moderate Activity,635.9375,116.5518314956912,349.9,-458.05999999999995
1,16.06,45.08,68.5,603.56,571.37,792.31,757.51,715.85,1,Moderate Activity,709.2599999999999,97.09521993040302,336.03,-535.06
0,20.73,49.83,103.04,597.62,472.76,727.55,676.85,602.92,2,Low Activity,620.02,110.71023349266318,350.33,-494.58
0,20.18,55.4,142.55,578.93,459.55,708.96,667.84,576.82,1,Low Activity,603.2925,110.59641325558438,360.74,-436.37999999999994
3,25.17,47.23,116.6,574.6,452.98,715.08,675.88,600.79,1,Low Activity,611.1825,115.63807342307292,345.6,-458.0
3,25.3,46.88,107.25,579.61,453.11,713.85,670.62,614.2,1,Low Activity,612.9449999999999,114.10087189266639,343.43,-472.36
2,21.68,45.67,111.84,594.31,445.87,727.99,687.72,619.02,1,Moderate Activity,620.1500000000001,124.59262391222578,353.075,-482.4699999999999
3,25.03,48.16,117.52,578.55,453.94,718.72,818.91,581.59,1,Low Activity,643.2900000000001,159.36580749960135,348.03499999999997,-461.03
3,25.01,48.22,120.69,579.95,462.03,709.99,673.36,573.48,1,Low Activity,604.715,111.2498630710768,350.32000000000005,-459.26000000000005
3,24.03,44.15,104.11,599.18,383.55,726.47,662.19,592.06,3,Low Activity,591.0675,148.83631375328628,351.645,-495.06999999999994
1,18.05,51.01,112.41,597.48,431.56,739.73,688.96,597.36,1,High Activity,614.4025,135.38541240350332,354.945,-485.07000000000005
3,25.06,48.06,116.8,581.5,432.93,710.3,664.41,598.27,1,High Activity,601.4775,121.41030142317685,349.15,-464.7
3,23.96,49.38,119.48,579.32,445.93,704.19,658.03,588.92,1,Low Activity,599.2675,112.66650208321313,349.40000000000003,-459.84000000000003
3,24.49,49.29,120.7,576.42,438.63,707.07,665.72,595.0,1,Low Activity,601.605,118.0932909468894,348.56,-455.71999999999997
0,18.21,54.11,135.36,577.12,481.82,724.72,673.51,607.0,1,Moderate Activity,621.7625,105.00775411844594,356.24,-441.76
0,20.18,55.45,142.8,570.22,464.7,716.09,647.94,596.57,1,Low Activity,606.325,106.3531289306212,356.51,-427.42
3,25.69,46.39,115.47,572.85,455.52,704.52,598.262,587.53,1,Low Activity,586.458,102.01940875473973,344.16,-457.38
0,19.14,50.07,111.6,587.73,384.44,724.93,653.74,541.88,1,Low Activity,576.2475,148.41699753846703,349.665,-476.13
3,24.36,48.92,114.25,575.31,441.19,700.66,698.9399999999999,593.37,1,Low Activity,608.54,122.33070723793486,344.78,-461.05999999999995
3,24.18,49.26,118.08,573.06,437.64,709.98,656.57,597.74,1,Low Activity,600.4825000000001,117.84270770112735,345.57,-454.97999999999996
0,19.63,51.16,114.91,593.58,451.7,742.58,701.39,630.7,1,Low Activity,631.5925,128.51980946531162,354.245,-478.6700000000001
3,24.35,48.7,115.35,571.78,443.52,705.89,664.18,588.98,1,Low Activity,600.6424999999999,115.37987125866741,343.565,-456.42999999999995
1,18.62,52.27,110.52,604.97,492.36,753.99,704.15,647.23,1,Moderate Activity,649.4325,113.43558653115285,357.745,-494.45000000000005
3,24.24,48.96,123.84,573.77,429.57,712.65,654.63,583.69,1,Low Activity,595.135,122.32768492863748,348.805,-449.92999999999995
0,19.82,53.92,104.28,602.03,462.72,737.82,685.22,611.8,1,Moderate Activity,624.39,119.53012284218012,353.155,-497.75
3,23.32,50.54,119.83,580.32,424.95,702.12,665.61,586.51,1,Low Activity,594.7974999999999,123.08450359407557,350.07500000000005,-460.49000000000007
3,23.05,50.73,118.9,577.46,431.83,711.21,804.89,592.08,1,Low Activity,635.0024999999999,161.02872567236773,348.18,-458.56000000000006
3,24.28,44.08,106.5,593.96,301.24,721.94,649.758,560.51,3,Low Activity,558.3620000000001,183.69116081800635,350.23,-487.46000000000004
3,23.06,50.75,122.4,578.66,443.66,700.32,667.31,582.94,1,Low Activity,598.5575,114.48384816936695,350.53,-456.26
0,23.33,49.85,123.6,575.21,438.36,715.14,661.97,593.6,1,Low Activity,602.2675,120.06301661349897,349.40500000000003,-451.61
2,20.84,40.09,69.07,626.82,575.61,777.21,739.97,688.64,0,Moderate Activity,695.3575,87.70156873359413,347.94500000000005,-557.75
0,23.33,49.78,120.69,579.03,421.36,706.19,651.7,594.96,1,Low Activity,593.5525,123.45117290518819,349.86,-458.34
0,22.76,50.9,119.11,578.93,428.29,706.38,660.9,592.71,1,Low Activity,597.07,121.83136295716302,349.02,-459.81999999999994
3,21.16,52.15,129.66,574.04,461.51,718.57,677.058,608.95,2,Low Activity,616.5219999999999,112.7895635361121,351.84999999999997,-444.38
0,19.53,56.49,107.92,598.92,457.78,721.0,648.616,575.92,1,Moderate Activity,600.829,112.26180901802715,353.41999999999996,-490.99999999999994
0,22.98,50.2,118.12,577.79,435.89,716.45,664.69,589.77,1,Low Activity,601.7,122.16189203948454,347.955,-459.66999999999996
0,22.42,51.17,121.74,572.55,429.47,707.74,654.02,599.62,1,Low Activity,597.7125,120.53459071292909,347.145,-450.80999999999995
0,18.97,46.84,117.16,586.64,457.78,724.84,667.58,614.1,3,Low Activity,616.0749999999999,114.80969456743047,351.9,-469.48
0,20.28,52.58,113.18,569.37,390.93,708.46,655.56,580.32,2,Low Activity,583.8175,138.9251108511345,341.275,-456.19
1,17.84,51.09,115.47,589.61,471.41,567.66,672.626,606.01,1,Low Activity,579.4265,84.06117626863583,352.54,-474.14
2,18.18,53.13,105.55,593.46,464.6,742.02,493.02,622.95,1,Moderate Activity,580.6475,127.77087080003798,349.505,-487.91
0,21.68,52.59,125.94,574.9,441.56,707.6,667.39,592.88,1,High Activity,602.3575000000001,117.26162895423208,350.41999999999996,-448.96
0,21.67,52.53,126.23,575.64,431.17,706.41,675.6,583.61,1,Low Activity,599.1975,123.56924249855489,350.935,-449.40999999999997
0,21.73,57.51,127.95,578.93,468.01,698.23,659.97,591.17,1,Low Activity,604.345,101.10942372828889,353.44,-450.97999999999996
3,24.66,52.89,119.49,547.46,443.76,703.92,653.0,593.89,2,Low Activity,598.6424999999999,112.61921812757654,333.475,-427.97
0,20.04,52.53,132.6,588.22,417.21,714.81,683.32,593.35,1,Moderate Activity,602.1725,133.61772097417818,360.41,-455.62
0,21.13,53.26,126.72,576.28,464.83,712.03,675.478,619.06,1,Moderate Activity,617.8494999999999,108.94561836531103,351.5,-449.55999999999995
0,21.14,53.17,126.85,578.93,471.6,714.35,633.5840000000001,603.76,1,High Activity,605.8235,100.9436353400583,352.89,-452.0799999999999
0,20.37,56.12,125.77,560.58,462.85,717.06,661.42,603.9,1,Low Activity,611.3075,109.22355404551402,343.175,-434.81000000000006
0,21.0,53.2,124.5,574.98,456.89,718.62,679.82,603.84,1,High Activity,614.7925,115.55933868940812,349.74,-450.48
0,21.02,53.02,122.95,575.43,462.66,717.75,673.15,603.49,1,Moderate Activity,614.2625,111.47012316461003,349.19,-452.47999999999996
0,21.01,52.89,125.67,576.25,452.64,724.14,679.74,611.03,1,Moderate Activity,616.8875,118.9749092245924,350.96,-450.58
1,16.85,47.37,70.04,613.88,600.24,793.18,756.49,716.43,0,Moderate Activity,716.5849999999999,83.65681103970752,341.96,-543.84
0,23.09,48.72,125.11,578.89,419.41,723.96,673.06,603.26,2,Low Activity,604.9225,133.20447549413143,352.0,-453.78
0,20.77,53.19,122.77,579.5,490.51,730.32,687.742,616.74,1,Moderate Activity,631.328,104.91976986885425,351.135,-456.73
1,20.62,50.41,106.06,578.93,443.42,715.87,697.47,584.4,1,Low Activity,610.29,125.51676886642146,342.495,-472.86999999999995
0,20.77,52.98,124.46,575.98,478.29,721.97,687.53,621.5,1,Moderate Activity,627.3225,107.74612115988211,350.22,-451.52000000000004
2,17.57,47.42,98.59,601.9,364.3,745.81,475.21,625.22,1,Moderate Activity,552.635,167.38166536392208,350.245,-503.30999999999995
3,20.88,47.91,112.84,588.11,423.47,737.69,563.02,622.45,1,Moderate Activity,586.6575,130.74250861266714,350.475,-475.27
1,20.08,53.54,103.51,555.12,483.75,733.89,677.05,600.56,1,Low Activity,623.8125,108.18112909221583,329.315,-451.61
0,20.6,53.13,117.67,566.9,480.74,727.74,694.39,614.93,1,High Activity,629.4499999999999,109.85387597470863,342.28499999999997,-449.22999999999996
0,20.4,53.56,129.14,577.81,491.59,727.71,689.13,621.52,1,Moderate Activity,632.4875,103.6791346334128,353.47499999999997,-448.66999999999996
0,20.3,53.76,122.54,578.86,480.02,733.18,687.82,614.18,1,Moderate Activity,628.8,110.64624952221985,350.7,-456.32
0,20.21,53.98,123.56,574.38,498.2,724.77,694.0200000000001,630.78,1,Low Activity,636.9425000000001,100.4306866699616,348.97,-450.82
0,20.11,54.05,116.52,577.99,509.08,735.68,688.57,616.55,1,Low Activity,637.47,98.62057358043165,347.255,-461.47
2,16.56,42.06,70.51,612.71,578.75,783.44,763.96,701.62,0,Moderate Activity,706.9425,92.31198707824102,341.61,-542.2
1,20.06,55.73,141.16,578.93,384.58,861.86,645.04,564.62,2,Low Activity,614.025,197.88041801384324,360.04499999999996,-437.77
0,20.13,53.68,125.84,578.8,493.24,737.4,699.01,630.44,1,High Activity,640.0225,107.39154106197873,352.32,-452.9599999999999
2,21.34,45.32,84.1,596.36,525.78,756.58,708.15,657.14,0,Moderate Activity,661.9125,99.42279462812675,340.23,-512.26
0,20.06,55.51,147.5,566.16,455.2,707.34,664.824,580.94,1,Low Activity,602.076,111.11122216350006,356.83,-418.65999999999997
0,20.01,53.7,122.93,577.71,486.91,728.06,688.0,635.55,1,Moderate Activity,634.63,105.51392735874569,350.32000000000005,-454.78000000000003
0,19.93,53.92,120.02,581.42,482.2,727.13,700.65,635.51,1,Moderate Activity,636.3725,109.75491556949359,350.71999999999997,-461.4
0,19.94,53.82,119.03,579.31,488.17,609.45,467.62,640.97,1,High Activity,551.5525,86.42842062462249,349.16999999999996,-460.28
1,19.76,54.25,122.15,567.98,486.22,732.22,692.646,630.79,1,High Activity,635.469,107.89983375334737,345.065,-445.83000000000004
1,19.74,54.3,122.11,587.07,501.22,732.93,676.996,625.0,1,Moderate Activity,634.0365,98.90622492543122,354.59000000000003,-464.96000000000004
1,19.65,54.47,118.4,578.43,508.11,737.56,697.19,631.54,1,Low Activity,643.6,100.33834992995781,348.41499999999996,-460.03
1,19.7,54.35,114.03,581.35,497.62,739.79,692.85,637.02,1,Moderate Activity,641.8199999999999,104.91085390304792,347.69,-467.32000000000005
0,20.66,55.55,143.07,560.48,363.75,687.03,654.77,547.47,2,Low Activity,563.255,145.76997530355828,351.775,-417.41
1,19.72,54.08,118.31,579.03,494.7,732.02,694.61,633.2,1,High Activity,638.6324999999999,104.24455585305162,348.66999999999996,-460.71999999999997
1,19.66,54.18,121.42,573.25,504.02,738.45,652.96,628.41,1,Low Activity,630.96,96.8820007362909,347.335,-451.83
1,19.67,54.14,125.87,578.93,489.65,733.85,694.62,631.89,1,Moderate Activity,637.5024999999999,107.14026861238186,352.4,-453.05999999999995
1,19.29,54.8,118.16,575.77,499.44,743.58,736.7560000000001,631.44,1,High Activity,652.8040000000001,114.4044834086497,346.965,-457.61
2,19.77,55.2,106.81,565.89,382.4,711.77,658.63,603.39,1,Low Activity,589.0475,144.69673213886577,336.35,-459.08
1,19.57,54.21,125.18,575.92,495.85,741.68,700.448,631.89,1,Moderate Activity,642.467,107.72408172115769,350.54999999999995,-450.73999999999995
1,19.63,53.99,119.5,569.16,502.65,748.2,692.43,632.07,1,Moderate Activity,643.8375,105.39631030069317,344.33,-449.65999999999997
1,19.37,54.48,126.69,578.93,502.25,732.0,695.75,630.97,1,Low Activity,640.2425000000001,101.0419560958054,352.80999999999995,-452.23999999999995
1,19.37,54.48,122.88,577.18,487.39,735.15,707.89,639.15,1,Low Activity,642.395,110.95068739459586,350.03,-454.29999999999995
2,22.81,53.67,108.39,578.93,491.64,707.01,666.02,611.06,1,Low Activity,618.9325,93.52403519060398,343.65999999999997,-470.53999999999996
1,19.38,54.49,123.35,582.12,510.23,739.99,692.18,631.17,1,Moderate Activity,643.3925,99.3192463305409,352.735,-458.77
1,19.37,54.45,120.39,576.64,489.74,740.64,707.16,637.36,1,Low Activity,643.725,111.3079959691426,348.515,-456.25
0,19.65,56.91,133.44,563.97,396.96,685.19,506.25,576.25,2,Low Activity,541.1625,121.08990747236813,348.70500000000004,-430.53000000000003
1,19.24,54.6,116.8,573.78,513.86,741.8,699.09,651.32,1,Moderate Activity,651.5175,98.93381436596891,345.28999999999996,-456.97999999999996
0,19.67,57.28,110.07,595.59,458.64,739.82,730.534,610.76,2,Moderate Activity,634.9385,131.40825649732466,352.83000000000004,-485.52000000000004
3,23.95,44.19,107.59,599.17,447.11,733.83,728.4860000000001,621.22,1,Moderate Activity,632.6615,134.13633272035835,353.38,-491.5799999999999
0,20.6,57.44,130.71,562.18,470.21,702.89,653.97,581.19,1,Low Activity,602.065,101.12915224273037,346.445,-431.4699999999999
1,19.11,54.68,126.65,579.85,495.54,743.19,697.36,651.52,1,Moderate Activity,646.9025,107.62460944567155,353.25,-453.20000000000005
1,17.89,52.62,124.96,595.93,487.97,747.24,692.69,630.23,1,Moderate Activity,639.5325,111.78007168095752,360.445,-470.96999999999997
1,19.0,52.65,105.87,576.79,490.2,738.5,684.27,621.7,1,Low Activity,633.6675,106.89030307594167,341.33,-470.91999999999996
1,18.89,52.71,109.46,581.42,512.04,735.05,696.1,634.47,1,Low Activity,644.415,97.48176940672892,345.44,-471.96
2,20.86,53.42,91.13,577.83,486.39,727.47,692.34,615.93,1,High Activity,630.5325,106.78223834046563,334.48,-486.70000000000005
1,18.78,52.68,106.52,577.15,504.29,738.71,689.21,630.89,1,Low Activity,640.775,101.09909643513141,341.835,-470.63
1,18.83,52.34,107.38,583.0,495.13,883.48,690.09,618.9,1,Moderate Activity,671.9000000000001,162.43317128386474,345.19,-475.62
1,18.67,52.49,100.6,579.9,507.99,737.08,698.56,645.02,1,Moderate Activity,647.1625,100.16725159285677,340.25,-479.29999999999995
1,16.43,44.99,71.08,618.49,600.22,789.18,756.766,699.41,0,Moderate Activity,711.394,82.8906000139139,344.785,-547.41
2,17.85,46.04,62.1,626.56,609.93,792.45,757.65,708.98,0,Moderate Activity,717.2525,79.31619270363402,344.33,-564.4599999999999
1,18.75,52.12,104.99,590.89,523.47,744.27,704.082,635.02,1,Moderate Activity,651.7105,96.66821898121428,347.94,-485.9
1,18.81,51.96,99.53,589.65,517.22,743.95,700.89,643.17,1,High Activity,651.3075,98.4661256050357,344.59,-490.12
1,18.83,51.89,97.0,584.9,496.98,745.73,698.29,631.34,1,Moderate Activity,643.085,108.11753496388394,340.95,-487.9
1,18.87,51.6,209.14,583.81,518.09,740.0,697.43,644.14,1,Low Activity,649.915,96.23610497105541,396.47499999999997,-374.66999999999996
1,18.68,51.99,96.54,587.39,520.41,742.92,707.3,647.63,1,Moderate Activity,654.5649999999999,97.69552105052377,341.965,-490.84999999999997
1,19.46,50.4,99.69,588.91,506.72,746.26,704.2,635.88,1,Moderate Activity,648.265,104.75386945915967,344.29999999999995,-489.21999999999997
0,18.57,48.94,121.18,579.7,468.24,724.23,678.07,620.47,1,Moderate Activity,622.7525,111.41069858112073,350.44000000000005,-458.52000000000004
1,19.72,51.28,105.49,587.68,445.93,720.73,683.64,607.57,1,Moderate Activity,614.4675000000001,121.83187606287609,346.585,-482.18999999999994
1,19.57,51.69,112.51,585.88,443.51,735.64,683.6940000000001,599.58,1,Moderate Activity,615.606,127.69495264366039,349.195,-473.37
1,19.48,51.9,106.83,588.15,459.8,733.65,691.62,621.0,1,Moderate Activity,626.5175,120.47250817095158,347.49,-481.32
1,19.26,52.58,100.14,583.6,454.52,733.01,681.66,612.52,1,High Activity,620.4275,121.12261758922925,341.87,-483.46000000000004
1,19.23,49.77,100.87,586.49,498.34,756.5,708.84,648.65,1,Low Activity,653.0825,112.20363403948498,343.68,-485.62
1,19.05,46.39,82.1,594.11,548.25,763.94,729.376,682.71,1,Moderate Activity,681.069,94.59518756610545,338.105,-512.01
1,18.89,45.22,75.45,601.2,564.86,772.95,736.41,673.43,0,Moderate Activity,686.9124999999999,91.16111099769097,338.32500000000005,-525.75
2,17.86,54.51,95.88,578.93,447.37,738.61,663.36,627.94,1,Moderate Activity,619.32,123.57282953788831,337.405,-483.04999999999995
2,18.51,52.23,111.25,595.36,461.45,746.01,706.85,635.38,1,Low Activity,637.4225,125.93902688073571,353.305,-484.11
1,18.82,44.36,70.61,604.88,578.39,777.38,740.56,691.82,0,Low Activity,697.0375,86.5131529017409,337.745,-534.27
1,18.82,44.0,74.41,598.85,582.75,776.35,752.1,699.82,0,Moderate Activity,702.755,86.14129342732981,336.63,-524.44
1,18.75,43.92,70.43,601.25,591.56,593.0,712.616,695.64,0,Moderate Activity,648.204,64.94896507258603,335.84000000000003,-530.8199999999999
1,18.74,44.02,70.12,597.72,568.25,782.48,752.71,696.22,0,Moderate Activity,699.915,94.78680727471168,333.92,-527.6
1,18.69,44.41,70.81,600.71,574.81,784.4,753.9,690.34,0,Moderate Activity,700.8625000000001,92.72081045626526,335.76,-529.9000000000001
1,18.61,44.65,78.14,606.6,580.82,783.02,753.36,696.4,0,Low Activity,703.4000000000001,89.27523434114671,342.37,-528.46
2,18.65,44.59,73.21,603.54,580.62,776.41,511.6,692.1,0,Low Activity,640.1825,117.38044879081579,338.375,-530.3299999999999
2,18.56,44.79,65.73,610.5,580.05,778.77,749.47,693.86,0,Low Activity,700.5375,87.7050744921106,338.115,-544.77
2,18.56,45.23,68.96,602.36,572.1,774.61,756.02,693.2,0,Moderate Activity,698.9825000000001,91.47932603417378,335.66,-533.4
2,18.49,45.34,68.39,604.8,583.3,771.32,756.78,687.93,0,Low Activity,699.8324999999999,85.78067667992993,336.59499999999997,-536.41
2,18.45,45.41,70.31,606.19,569.76,775.73,746.28,683.12,0,Moderate Activity,693.7225,91.2261572046819,338.25,-535.8800000000001
1,18.84,53.03,111.01,578.93,467.99,726.97,673.67,607.67,1,Low Activity,619.075,111.92065090947246,344.96999999999997,-467.91999999999996
3,24.66,52.37,122.77,545.95,444.4,703.16,881.25,581.72,2,Low Activity,652.6324999999999,185.47986977477277,334.36,-423.18000000000006
2,18.07,46.46,68.39,604.37,572.39,781.6,509.73,682.91,0,Low Activity,636.6575,120.2615536722633,336.38,-535.98
2,18.28,53.58,83.76,592.5,510.7,751.41,824.45,658.85,1,High Activity,686.3525,135.2942300752943,338.13,-508.74
2,18.06,46.34,65.31,602.71,571.77,781.02,734.53,695.98,0,Moderate Activity,695.8249999999999,89.71423539959159,334.01,-537.4000000000001
2,19.67,54.4,90.01,607.88,501.66,749.43,736.632,631.0,1,Low Activity,654.6804999999999,114.99210929885577,348.945,-517.87
0,19.92,50.7,115.88,602.0,490.74,731.21,687.81,615.94,2,Moderate Activity,631.425,105.148100157191,358.94,-486.12
2,18.08,46.11,69.17,608.21,578.51,776.42,747.39,679.92,0,Low Activity,695.56,87.88249844726384,338.69,-539.0400000000001
2,18.05,46.45,67.4,601.27,577.94,775.03,746.006,683.41,0,Low Activity,695.5965,87.25892769415245,334.335,-533.87
1,19.47,50.8,92.65,613.23,493.46,769.0,716.06,642.93,1,Moderate Activity,655.3625,119.67268481849426,352.94,-520.58
2,18.21,46.18,67.79,606.77,570.41,777.61,744.39,692.22,0,Low Activity,696.1575,90.9007177731104,337.28,-538.98
2,19.74,44.84,71.08,598.38,538.88,764.01,737.16,655.94,0,Moderate Activity,673.9975,101.11802291546908,334.73,-527.3
2,20.08,46.31,78.84,595.66,499.76,745.97,708.3059999999999,655.06,0,Moderate Activity,652.274,108.30021149871622,337.25,-516.8199999999999
2,20.53,45.84,86.86,597.83,484.5,752.45,705.96,660.3,0,Moderate Activity,650.8025,117.07730789952424,342.345,-510.97
2,23.24,52.94,101.88,555.64,497.94,721.47,663.19,600.32,1,Low Activity,620.73,95.64753246512254,328.76,-453.76
2,21.23,45.06,89.11,588.61,525.18,753.08,715.74,671.56,0,Moderate Activity,666.39,99.8625248362301,338.86,-499.5
2,21.34,45.32,84.1,596.36,525.78,756.58,748.472,657.14,0,Moderate Activity,671.993,107.39778239175457,340.23,-512.26
2,21.32,45.89,88.08,593.58,524.21,753.54,470.27,657.04,0,Low Activity,601.265,128.3169114601293,340.83000000000004,-505.50000000000006
2,21.26,46.28,88.61,587.97,531.55,745.86,717.766,651.02,0,Moderate Activity,661.549,95.35773985716456,338.29,-499.36
1,18.87,52.23,70.6,559.87,554.46,751.54,724.112,661.99,1,High Activity,673.0255,87.47174256676645,315.235,-489.27
1,15.52,42.22,68.49,614.27,569.94,783.7,694.996,680.75,1,Low Activity,682.3465,87.6932377989698,341.38,-545.78
3,23.96,47.3,130.76,582.97,394.04,719.88,682.754,575.61,1,Low Activity,593.071,146.1070252155362,356.865,-452.21000000000004
1,19.46,54.56,111.13,555.79,490.52,710.67,663.05,591.89,2,Low Activity,614.0325,95.72033861724475,333.46,-444.65999999999997
1,19.52,56.93,113.33,595.28,468.93,728.96,688.61,622.04,2,Moderate Activity,627.135,114.31285623235911,354.305,-481.95
2,20.94,55.37,109.3,556.39,497.29,728.42,691.51,623.87,1,High Activity,635.2725,101.66661280053216,332.84499999999997,-447.09
2,21.98,46.41,87.33,585.16,499.31,745.57,709.68,648.66,0,High Activity,650.805,108.63088403703003,336.245,-497.83
2,22.01,46.55,91.62,578.93,511.82,744.08,706.29,641.59,0,Moderate Activity,650.945,101.94848192428698,335.275,-487.30999999999995
2,22.01,46.74,90.44,592.31,512.38,737.43,705.91,642.74,1,Low Activity,649.615,99.60139239321238,341.375,-501.86999999999995
1,19.99,58.42,127.92,549.19,481.79,695.95,618.88,541.3,2,Low Activity,584.48,93.12835121486906,338.555,-421.27000000000004
0,20.69,56.09,108.35,603.15,440.92,732.74,677.19,607.84,3,Moderate Activity,614.6725,126.60303666052668,355.75,-494.79999999999995
2,22.57,46.33,97.07,587.94,504.71,746.44,704.61,642.89,1,Low Activity,649.6625,105.58125824059246,342.505,-490.87000000000006
2,22.67,46.16,95.13,588.1,503.65,857.52,708.04,629.32,1,High Activity,674.6325,148.1577275237441,341.615,-492.97
2,22.72,46.38,96.11,591.16,500.44,737.67,696.15,632.26,1,Low Activity,641.6299999999999,103.63159910632147,343.635,-495.04999999999995
2,22.59,47.13,98.65,585.95,494.41,739.81,705.2819999999999,635.85,1,High Activity,643.838,108.59485139422276,342.3,-487.30000000000007
2,22.38,48.05,97.4,587.52,495.02,731.57,700.62,639.95,1,Moderate Activity,641.79,104.98608764974531,342.46,-490.12
0,22.11,56.47,130.18,550.78,444.72,696.95,702.4199999999998,598.26,2,Moderate Activity,610.5875,120.49299326101908,340.48,-420.59999999999997
2,22.46,48.26,101.02,582.23,492.67,587.58,697.75,631.36,1,Low Activity,602.34,86.00502892273218,341.625,-481.21000000000004
0,20.02,55.67,105.76,603.59,432.69,715.56,650.65,573.91,1,Low Activity,593.2025,121.66625973676238,354.675,-497.83000000000004
2,22.73,47.98,100.18,587.31,491.59,732.45,688.606,628.7,1,Moderate Activity,635.3365,104.84237519088678,343.745,-487.12999999999994
2,23.3,46.83,101.51,582.61,494.01,739.5,562.64,631.22,1,Moderate Activity,606.8425,104.68573426371587,342.06,-481.1
2,23.08,47.36,103.35,584.73,492.56,731.23,689.4,620.9,1,Moderate Activity,633.5225,104.40115656287848,344.04,-481.38
2,23.09,47.65,100.99,578.93,477.73,731.63,504.24,632.01,1,Low Activity,586.4025,117.94272547158923,339.96,-477.93999999999994
2,23.09,47.73,104.3,587.63,478.29,735.79,693.17,624.5,1,High Activity,632.9375,112.8326658892125,345.965,-483.33
1,19.38,54.38,123.46,578.93,497.29,742.36,897.08,632.48,1,Moderate Activity,692.3025,169.3597595603316,351.195,-455.46999999999997
2,23.55,47.01,94.5,580.2,468.82,735.33,645.07,619.93,1,Moderate Activity,617.2875,110.6879705523595,337.35,-485.70000000000005
1,17.79,55.07,127.08,585.29,477.88,743.26,696.32,643.76,1,Moderate Activity,640.3050000000001,115.65931278255692,356.185,-458.21
0,20.32,47.93,111.11,579.58,452.53,722.69,691.93,621.08,2,Moderate Activity,622.0575,120.76091403402566,345.345,-468.47
2,23.14,48.27,103.1,582.46,497.02,733.2,703.42,625.6,1,Low Activity,639.81,105.44956519587932,342.78000000000003,-479.36
0,19.21,51.42,121.77,587.83,479.61,723.99,658.56,593.72,1,Low Activity,613.97,104.1718781629668,354.8,-466.06000000000006
2,22.93,49.09,103.16,577.33,480.07,731.2,701.9,631.74,1,Moderate Activity,636.2275,112.15756100979848,340.245,-474.1700000000001
3,22.51,45.54,121.27,587.21,417.87,736.86,692.09,624.82,1,High Activity,617.9100000000001,141.08570043298744,354.24,-465.94000000000005
3,23.16,49.01,106.9,579.41,482.27,730.43,686.33,622.0,1,Moderate Activity,630.2574999999999,108.23915107298282,343.155,-472.51
3,23.5,48.89,109.32,581.79,472.98,867.58,667.446,622.97,1,High Activity,657.7439999999999,162.75978462343414,345.55499999999995,-472.46999999999997
3,23.73,48.41,105.73,575.63,478.6,730.2,679.08,624.83,1,Moderate Activity,628.1775,108.60369741250372,340.68,-469.9
3,23.61,52.98,171.54,539.73,445.52,703.78,699.1859999999999,597.58,2,Low Activity,611.5165,121.03382269294259,355.635,-368.19000000000005
3,24.19,48.04,114.24,578.97,447.07,714.87,671.28,595.41,2,Low Activity,607.1575,117.58640663359009,346.605,-464.73
3,24.01,48.3,109.64,581.67,474.49,727.11,682.72,629.98,1,Low Activity,628.575,110.12869517069564,345.655,-472.03
3,24.05,48.3,105.68,583.11,472.27,727.63,686.39,631.47,1,Low Activity,629.44,111.93913286544017,344.395,-477.43
3,23.89,48.66,109.31,579.71,478.79,734.11,525.25,613.94,1,Low Activity,588.0225,112.3764510844391,344.51,-470.40000000000003
1,16.84,45.23,78.51,607.48,479.31,776.08,725.9379999999999,657.03,0,Moderate Activity,659.5895,129.71688299652183,342.995,-528.97
2,20.72,49.41,97.18,516.13,568.89,797.53,742.13,696.95,2,Moderate Activity,701.375,97.43136028336393,306.655,-418.95
3,23.67,49.92,112.48,577.45,462.74,723.02,681.96,601.74,1,High Activity,617.365,114.72942705920453,344.96500000000003,-464.97
1,17.05,53.43,120.56,586.75,493.94,731.72,675.42,601.77,2,High Activity,625.7125,102.70615151164672,353.655,-466.19
2,18.1,53.82,110.04,560.24,494.7,704.56,642.64,564.68,1,Low Activity,601.645,91.425254534328,335.14,-450.2
3,23.33,51.26,114.0,580.2,408.31,716.19,676.5,605.42,1,Low Activity,601.605,136.76804512263334,347.1,-466.20000000000005
3,23.68,50.16,112.5,580.24,449.05,714.22,678.74,589.71,1,High Activity,607.9300000000001,118.16153209342993,346.37,-467.74
2,17.93,48.62,87.89,609.31,476.51,763.5,711.19,646.88,0,Moderate Activity,649.52,124.81193719619398,348.59999999999997,-521.42
0,22.85,50.62,116.97,572.25,429.06,704.46,669.55,587.15,1,Low Activity,597.555,122.62515796795805,344.61,-455.28
3,24.13,49.63,114.82,573.89,418.53,716.93,671.93,613.37,2,Low Activity,605.1899999999999,131.4647268281496,344.355,-459.07
3,24.67,48.1,114.83,576.14,450.22,727.9,681.208,614.47,2,Low Activity,618.4495,121.4290497409907,345.485,-461.31
3,24.67,48.32,115.24,577.54,451.68,719.95,684.11,612.93,2,Low Activity,617.1675,118.95322564632987,346.39,-462.29999999999995
3,23.77,49.62,121.89,572.39,428.4,709.64,664.008,581.72,1,Low Activity,595.942,123.60259248629592,347.14,-450.5
3,22.45,48.09,111.15,590.98,462.06,731.23,683.12,617.44,1,Low Activity,623.4625,117.27444858820131,351.065,-479.83000000000004
3,25.57,47.44,128.85,563.09,444.5,722.91,677.88,601.54,2,Low Activity,611.7075,122.21091314472152,345.97,-434.24
3,25.57,47.59,126.14,566.49,450.36,720.27,672.68,596.97,2,Low Activity,610.0699999999999,117.95895642129085,346.315,-440.35
2,17.84,54.47,108.51,597.25,508.71,753.62,712.08,653.72,1,Moderate Activity,657.0325,107.03567796923294,352.88,-488.74
1,19.14,55.72,111.23,597.85,486.36,734.86,677.13,613.72,1,High Activity,628.0174999999999,106.61241840579986,354.54,-486.62
1,19.48,56.81,115.07,596.76,473.4,743.57,684.75,619.4,2,Moderate Activity,630.28,116.23440942050397,355.91499999999996,-481.69
3,22.38,47.99,114.05,584.14,496.17,742.55,689.7,618.31,1,High Activity,636.6825,106.61471798802765,349.09499999999997,-470.09
3,25.2,47.56,121.31,567.44,436.81,724.49,672.4,601.68,2,Low Activity,608.8449999999999,125.24693276350789,344.375,-446.13000000000005
3,25.01,48.06,119.95,578.93,443.92,722.03,674.18,610.52,2,Low Activity,612.6625,121.41426944556392,349.44,-458.97999999999996
3,25.04,47.96,118.77,570.58,442.56,717.56,513.75,610.19,2,Low Activity,571.015,119.42931647352474,344.675,-451.81000000000006
1,16.94,54.14,121.45,594.16,493.2,760.93,740.124,665.09,0,Low Activity,664.836,121.60224887174851,357.805,-472.71
3,24.2,50.08,122.12,573.36,405.38,710.27,688.586,590.34,2,Low Activity,598.644,139.00822200143415,347.74,-451.24
3,23.93,50.38,120.6,577.58,405.88,711.4,663.88,592.88,2,Low Activity,593.51,134.2328856875244,349.09000000000003,-456.98
3,24.78,48.22,125.06,578.93,402.4,718.9,644.58,585.06,2,Low Activity,587.735,135.144156489777,351.995,-453.86999999999995
3,25.01,47.3,121.68,578.93,412.8,708.16,671.572,591.73,2,Low Activity,596.0655,131.49328059258386,350.30499999999995,-457.24999999999994
3,24.19,48.95,124.23,568.91,408.88,705.9,658.44,585.65,2,Low Activity,589.7175,130.30720276203718,346.57,-444.67999999999995
3,23.89,49.96,123.2,569.36,410.03,837.03,664.0,580.72,2,Low Activity,622.9449999999999,177.60785277308733,346.28000000000003,-446.16
3,22.81,46.91,108.8,600.02,458.13,730.07,640.2679999999999,610.29,3,Low Activity,609.6895,113.13288953409321,354.40999999999997,-491.21999999999997
3,23.82,49.74,117.61,573.41,413.22,713.96,672.22,588.76,2,Low Activity,597.04,133.14236691101246,345.51,-455.79999999999995
3,24.54,53.32,124.81,547.37,470.54,704.3,659.04,574.87,2,Low Activity,602.1875,102.85342236244092,336.09000000000003,-422.56
0,21.98,56.81,133.56,545.08,447.06,706.26,650.26,588.24,1,Low Activity,597.9549999999999,111.54889555706053,339.32000000000005,-411.52000000000004
3,23.07,49.96,104.92,574.71,424.39,696.73,652.71,579.42,2,Low Activity,588.3125,119.51437134643406,339.815,-469.79
3,23.67,49.49,119.12,571.33,412.96,716.7,655.98,590.2,2,Low Activity,593.96,131.2589369655771,345.225,-452.21000000000004
3,23.51,49.67,115.2,575.8,423.09,622.42,661.02,596.35,2,Low Activity,575.72,105.16414756623729,345.5,-460.59999999999997
1,18.42,46.78,81.68,559.6,548.73,770.69,724.81,687.67,1,Moderate Activity,682.975,95.72156061549909,320.64,-477.92
3,21.91,45.69,122.65,571.21,475.71,708.99,669.86,583.56,2,Low Activity,609.53,103.4637356758396,346.93,-448.56000000000006
0,20.91,53.41,96.21,545.55,464.14,733.08,681.954,596.49,1,High Activity,618.9159999999999,117.56663924770497,320.88,-449.34
0,22.91,49.41,121.6,573.54,425.4,725.49,671.344,596.91,2,Low Activity,604.786,130.69148321141668,347.57,-451.93999999999994
0,23.05,49.34,125.39,570.04,424.39,717.86,669.8140000000001,601.23,2,Low Activity,603.3235,128.5316777906002,347.715,-444.65
0,22.85,49.59,122.86,574.42,399.51,717.0,647.5120000000001,593.57,2,Moderate Activity,589.398,136.30158415318095,348.64,-451.55999999999995
0,22.65,50.04,124.59,576.4,417.29,718.63,674.31,587.12,2,Low Activity,599.3375,133.09412192755417,350.495,-451.80999999999995
0,22.52,50.3,122.81,577.43,416.39,708.72,666.44,593.59,2,Low Activity,596.2850000000001,129.01269614525026,350.12,-454.61999999999995
2,18.76,52.76,107.41,557.65,469.59,686.89,587.45,528.4,2,Low Activity,568.0825,92.67469175382601,332.53,-450.24
0,22.48,50.16,121.67,575.63,415.93,709.48,664.17,588.7,2,Low Activity,594.5699999999999,129.09321515865966,348.65,-453.96
0,22.38,50.63,122.21,572.87,408.01,715.34,675.86,583.38,2,Moderate Activity,595.6475,136.77068725303192,347.54,-450.66
0,22.21,50.86,126.43,568.12,418.2,710.01,678.68,584.52,2,Low Activity,597.8525,131.10449506023812,347.275,-441.69
0,21.84,51.23,105.24,555.72,471.84,741.94,652.2139999999999,644.89,1,High Activity,627.721,112.9004690453794,330.48,-450.48
0,22.2,50.97,122.17,570.08,404.58,721.3,666.66,596.53,2,Low Activity,597.2674999999999,138.2369905572793,346.125,-447.91
0,22.19,50.75,123.84,572.29,419.94,707.67,665.68,595.27,2,Low Activity,597.14,126.9093500626858,348.065,-448.44999999999993
0,22.08,51.24,127.18,569.42,401.71,712.04,669.514,590.1,2,Low Activity,593.341,137.3859803279311,348.29999999999995,-442.23999999999995
3,23.33,52.49,131.59,558.38,418.32,663.22,568.44,496.2,3,Low Activity,536.545,104.35311255540012,344.985,-426.78999999999996
0,21.78,51.64,127.7,578.93,399.83,711.86,669.2,591.11,2,Low Activity,593.0,138.14528656454408,353.315,-451.22999999999996
0,17.99,52.74,116.32,594.49,484.65,753.26,711.69,639.41,1,Low Activity,647.2524999999999,118.16776107861796,355.405,-478.17
0,21.61,51.95,126.9,575.52,425.73,710.0,662.7940000000001,587.91,1,Low Activity,596.6085,124.51677041935623,351.21,-448.62
2,19.71,52.88,86.33,618.75,442.81,754.32,702.83,623.08,1,Moderate Activity,630.76,136.43721804063094,352.54,-532.42
0,21.48,52.09,131.27,572.97,410.09,625.25,659.942,583.51,1,Low Activity,569.698,110.89858617674079,352.12,-441.70000000000005
0,21.51,51.97,128.43,570.61,413.03,712.36,674.86,585.98,1,Low Activity,596.5575,133.3363257268376,349.52,-442.18
0,21.4,52.21,128.18,567.44,399.56,713.35,671.706,597.45,1,Low Activity,595.5165,139.1549040302449,347.81000000000006,-439.26000000000005
0,21.28,52.44,125.45,568.77,419.32,703.1,677.12,601.05,1,Low Activity,600.1475,128.09291194936068,347.11,-443.32
0,19.41,48.05,116.44,579.31,467.32,725.78,681.332,613.76,2,Low Activity,622.048,112.96661071307751,347.875,-462.86999999999995
0,21.19,52.25,126.26,568.72,411.29,715.21,664.33,600.82,1,Low Activity,597.9125,132.92403704748062,347.49,-442.46000000000004
0,21.19,52.11,132.66,570.24,418.95,717.78,671.52,596.33,1,High Activity,601.145,131.3704255150298,351.45,-437.58000000000004
0,20.56,53.3,123.6,572.65,480.32,726.98,683.578,621.29,1,High Activity,628.0419999999999,107.61095657970894,348.125,-449.04999999999995
3,23.56,44.58,125.27,587.55,453.31,732.36,691.9300000000001,628.92,1,High Activity,626.63,123.13676596911799,356.40999999999997,-462.28
0,21.09,52.05,126.27,581.43,424.82,722.05,672.52,605.58,1,Low Activity,606.2425,130.02390353956716,353.84999999999997,-455.15999999999997
0,21.0,52.09,115.18,577.89,417.89,718.46,678.61,595.91,1,Low Activity,602.7175,133.37109216393185,346.53499999999997,-462.71
0,20.97,52.13,118.97,569.29,418.13,727.37,633.952,605.82,1,Low Activity,596.318,129.65620695773367,344.13,-450.31999999999994
3,22.67,47.17,130.96,578.93,387.38,698.62,673.24,568.82,1,Low Activity,582.015,141.39261873709438,354.945,-447.9699999999999
0,20.97,52.03,129.56,573.37,424.04,723.35,684.76,602.88,1,Low Activity,608.7575,132.994888216302,351.46500000000003,-443.81
2,19.21,56.38,208.3,549.67,473.39,715.52,668.65,600.6,2,Low Activity,614.54,105.26553503719376,378.985,-341.36999999999995
1,17.3,40.73,56.27,625.91,602.12,797.58,777.56,719.95,0,Moderate Activity,724.3025,87.85112572794196,341.09,-569.64
0,20.76,52.34,119.18,577.01,433.62,726.63,683.64,602.26,1,Low Activity,611.5374999999999,129.33904137962364,348.095,-457.83
0,20.84,52.19,119.77,576.88,439.63,638.71,509.53,598.8,1,High Activity,546.6675,89.49085553842919,348.325,-457.11
0,20.72,52.39,123.28,569.05,406.13,720.37,678.41,597.68,1,Low Activity,600.6474999999999,139.31540627296036,346.16499999999996,-445.77
0,20.65,52.48,124.34,572.02,419.35,724.64,689.5,604.4,1,Moderate Activity,609.4725,136.4309948594282,348.18,-447.67999999999995
0,20.73,52.35,124.96,572.34,422.11,722.53,473.99,607.38,1,Moderate Activity,556.5024999999999,135.42932655694136,348.65000000000003,-447.38000000000005
0,20.51,52.86,119.88,574.89,458.33,732.79,687.7520000000001,619.4,1,Moderate Activity,624.568,120.2303345083927,347.385,-455.01
3,24.48,50.67,112.19,578.93,469.88,650.08,559.26,513.76,2,Low Activity,548.245,77.07568985527583,345.55999999999995,-466.73999999999995
2,21.23,54.12,132.15,578.93,422.46,693.58,620.2,557.08,2,Low Activity,573.33,115.01112815723532,355.53999999999996,-446.78
0,19.43,54.83,106.71,597.76,475.18,746.92,693.07,619.16,1,Low Activity,633.5825,117.87495079532376,352.235,-491.05
0,20.47,52.84,120.77,570.94,447.07,725.81,690.03,609.53,1,Moderate Activity,618.1099999999999,123.96245990890412,345.855,-450.1700000000001
3,23.74,48.39,109.48,572.31,466.12,712.22,677.04,608.32,2,Low Activity,615.9250000000001,108.79207124908812,340.895,-462.8299999999999
0,20.31,53.16,117.68,571.08,427.53,724.14,681.516,618.21,1,High Activity,612.849,130.98691493427884,344.38,-453.40000000000003
2,15.55,46.82,79.89,598.84,537.7,769.63,733.78,642.21,1,Moderate Activity,670.8299999999999,103.70927923768438,339.365,-518.95
0,20.17,53.33,127.32,575.04,428.48,728.63,563.0,605.91,1,Moderate Activity,581.505,123.8284502850617,351.17999999999995,-447.71999999999997
0,20.15,53.41,128.98,578.93,435.86,726.92,683.688,612.66,1,Moderate Activity,614.7819999999999,128.2452765186045,353.955,-449.94999999999993
1,16.12,48.87,71.2,612.44,588.01,789.07,750.8,706.61,0,Moderate Activity,708.6225000000001,87.18212178155184,341.82000000000005,-541.24
1,17.49,42.7,61.12,627.45,598.14,796.26,766.72,721.24,0,Low Activity,720.5899999999999,87.27036686833243,344.285,-566.33
1,20.12,53.21,126.52,573.29,454.61,876.26,686.32,628.89,1,Moderate Activity,661.52,173.78604911403752,349.905,-446.77
1,19.89,53.73,130.9,573.44,480.43,735.82,690.58,631.13,1,Low Activity,634.49,111.29484893740592,352.17,-442.5400000000001
3,25.2,46.28,110.73,578.93,440.38,726.61,675.35,599.98,1,Moderate Activity,610.58,124.81788573758169,344.83,-468.19999999999993
1,19.81,53.86,119.31,577.02,481.5,740.86,698.87,625.3,1,High Activity,636.6324999999999,113.91721595819777,348.16499999999996,-457.71
0,20.48,54.68,123.37,543.88,442.28,676.55,613.21,532.04,3,Low Activity,566.02,101.50534468686858,333.625,-420.51
1,19.74,53.89,122.74,579.19,491.6,733.19,700.91,641.95,1,Moderate Activity,641.9124999999999,107.09207265246107,350.96500000000003,-456.45000000000005
3,23.79,52.12,124.92,558.28,426.79,697.26,627.97,565.73,2,Low Activity,579.4375,115.07490296179556,341.59999999999997,-433.35999999999996
1,19.82,53.59,125.68,567.54,470.13,749.8,692.96,629.37,1,High Activity,635.5649999999999,120.76276813102069,346.61,-441.85999999999996
1,19.75,53.48,123.72,571.58,478.41,742.68,703.19,643.66,1,Low Activity,641.985,116.3974817883388,347.65000000000003,-447.86
2,22.18,54.13,109.53,539.91,497.13,727.26,652.362,601.99,2,Low Activity,619.6855,96.56260146143536,324.71999999999997,-430.38
1,19.61,53.69,131.02,578.93,478.31,741.05,692.76,634.27,1,Low Activity,636.5975,114.19997238032356,354.97499999999997,-447.90999999999997
3,24.44,50.2,141.1,551.87,431.32,678.35,617.7,532.24,2,Low Activity,564.9025,107.34529096176819,346.485,-410.77
1,19.57,53.71,122.93,577.45,490.83,735.14,704.59,626.2,1,Low Activity,639.19,109.03056482778887,350.19000000000005,-454.52000000000004
2,20.7,54.27,91.54,560.7,527.52,739.97,695.71,628.83,0,Low Activity,648.0075,92.40787137287964,326.12,-469.16
1,19.65,53.37,112.94,573.96,464.9,740.11,701.97,653.81,1,Low Activity,640.1975,122.08311796340504,343.45000000000005,-461.02000000000004
3,23.74,46.44,156.51,565.83,428.63,699.72,637.8639999999999,594.79,3,Low Activity,590.251,116.03506638368708,361.17,-409.32000000000005
1,19.4,53.98,117.73,578.93,496.73,738.3,698.06,640.98,1,Low Activity,643.5174999999999,105.69076855777578,348.33,-461.19999999999993
2,19.0,54.4,80.85,615.49,505.38,750.34,711.38,646.31,1,Moderate Activity,653.3525,107.57822498845513,348.17,-534.64
1,19.31,54.14,127.84,572.4,482.65,736.86,696.28,642.61,1,Low Activity,639.6,111.52651792286892,350.12,-444.55999999999995
1,19.27,54.18,113.84,577.8,479.43,745.55,858.99,636.04,1,Moderate Activity,680.0025,161.75601902762898,345.82,-463.9599999999999
1,19.3,54.09,118.79,570.71,488.97,560.47,740.952,642.79,1,High Activity,608.2955,108.49496289843749,344.75,-451.92
1,17.13,54.0,126.0,596.38,497.12,754.21,719.93,661.31,0,High Activity,658.1424999999999,113.99552370597715,361.19,-470.38
1,19.2,54.25,124.65,581.27,495.1,744.81,698.97,639.32,1,Moderate Activity,644.55,108.59137381333133,352.96,-456.62
0,18.23,54.13,120.6,590.2,491.18,737.63,683.18,611.06,1,High Activity,630.7624999999999,106.52029489726358,355.40000000000003,-469.6
3,25.72,48.36,111.5,545.33,475.22,682.44,598.75,542.97,2,Low Activity,574.845,87.72929822280962,328.415,-433.83000000000004
1,19.18,52.31,117.39,578.02,468.98,731.42,692.53,623.4,1,High Activity,629.0825,115.70602184703553,347.705,-460.63
1,19.17,51.6,103.64,578.93,472.79,730.91,690.57,624.05,2,Low Activity,629.5799999999999,113.43314330476785,341.28499999999997,-475.28999999999996
1,19.07,50.79,107.86,571.57,486.28,735.97,691.3779999999999,622.77,2,Moderate Activity,634.0995,108.99141783186418,339.71500000000003,-463.71000000000004
1,18.92,50.62,108.84,578.37,471.34,737.98,698.5,623.34,2,Moderate Activity,632.79,117.66923302206062,343.605,-469.53
0,20.24,48.77,113.65,586.97,361.06,706.83,626.0419999999999,539.95,2,Low Activity,558.4705,148.20072343840522,350.31,-473.32000000000005
1,18.83,51.77,85.08,583.14,536.81,884.27,717.83,664.88,1,High Activity,700.9475,143.91448997581864,334.11,-498.06
3,22.74,46.95,152.66,573.31,419.21,711.08,667.83,584.65,2,Low Activity,595.6925,128.82300994646366,362.98499999999996,-420.65
1,18.42,53.53,102.72,561.17,480.99,591.81,670.51,603.36,2,Low Activity,586.6675,78.53318550141717,331.945,-458.44999999999993
0,22.15,55.76,129.66,555.65,438.04,695.93,635.67,560.51,2,Low Activity,582.5374999999999,111.12404461531563,342.655,-425.99
3,22.1,44.77,115.23,590.81,442.58,714.75,676.758,595.35,1,Moderate Activity,607.3595,120.61700129335003,353.02,-475.5799999999999
1,18.64,50.36,99.58,595.49,502.23,740.17,703.84,633.75,2,Moderate Activity,644.9975000000001,104.92745092840734,347.535,-495.91
1,18.86,49.81,96.55,589.38,506.15,738.61,704.76,634.64,2,Moderate Activity,646.04,102.82090481349924,342.965,-492.83
1,19.14,49.12,99.86,583.78,517.88,746.7,706.62,639.54,2,Low Activity,652.685,100.15485260335618,341.82,-483.91999999999996
1,18.72,49.82,92.45,584.71,522.55,753.99,701.34,637.05,2,Moderate Activity,653.7325000000001,99.67479533462813,338.58000000000004,-492.26000000000005
1,18.61,50.33,88.29,583.38,512.14,836.7,685.012,653.59,2,High Activity,671.8605,133.15338524048124,335.835,-495.09
1,18.64,50.44,91.12,583.07,506.07,750.19,700.59,655.73,2,Low Activity,653.145,105.36681625002566,337.095,-491.95000000000005
1,18.93,50.7,101.03,587.7,473.48,733.28,701.3,637.92,2,Low Activity,636.495,115.67619331565157,344.365,-486.6700000000001
1,18.85,50.25,92.48,591.61,498.21,745.03,713.49,640.44,2,Low Activity,649.2925,109.83514385204764,342.045,-499.13
1,18.22,52.9,64.84,571.93,589.82,763.42,743.81,679.66,0,Moderate Activity,694.1775,78.2286274859359,318.385,-507.0899999999999
0,21.25,54.01,110.34,550.65,503.14,722.77,668.96,607.85,1,Low Activity,625.68,94.22240887036021,330.495,-440.30999999999995
1,18.76,49.02,73.41,594.33,525.82,755.7,887.55,656.18,1,Low Activity,706.3124999999999,153.16327527076018,333.87,-520.9200000000001
1,19.52,47.79,81.99,596.47,461.41,746.45,700.21,633.13,1,Moderate Activity,635.3000000000001,124.91339880092929,339.23,-514.48
1,20.0,46.88,82.25,593.28,460.75,740.65,698.476,639.72,1,High Activity,634.8990000000001,123.25640642173533,337.765,-511.03
1,18.83,43.91,66.77,581.69,584.64,783.59,754.57,688.87,0,Low Activity,702.9175,88.24762938270166,324.23,-514.9200000000001
2,16.03,49.29,70.55,613.56,573.75,770.94,743.568,700.79,0,Moderate Activity,697.262,87.25509392579899,342.05499999999995,-543.01
1,19.01,55.13,110.4,571.52,444.36,727.96,688.45,619.54,2,Moderate Activity,620.0775000000001,125.41977684958621,340.96,-461.12
1,18.74,49.53,80.82,597.14,535.19,885.67,490.27,668.69,1,Moderate Activity,644.955,177.46630281079652,338.98,-516.3199999999999
1,18.76,49.55,84.92,592.34,541.89,767.28,745.028,661.63,1,Low Activity,678.9570000000001,102.06846850358178,338.63,-507.42
1,18.79,49.43,75.63,598.4,536.64,766.16,730.89,691.67,1,Moderate Activity,681.34,101.15076832794367,337.015,-522.77
1,18.76,49.56,75.5,602.69,555.93,761.46,732.9,684.05,0,Low Activity,683.585,90.90746228995728,339.095,-527.19
0,20.73,52.74,124.4,567.7,383.76,692.68,648.43,567.87,2,Low Activity,573.185,136.4440604545809,346.05,-443.30000000000007
3,23.95,48.3,114.79,600.57,397.24,673.75,823.43,500.93,2,Low Activity,598.8375,188.22070757048314,357.68,-485.78000000000003
1,18.44,51.16,84.85,600.42,569.77,759.62,728.83,661.64,1,Low Activity,679.9649999999999,84.0861679072922,342.635,-515.5699999999999
2,18.61,49.94,71.49,604.32,566.72,763.69,736.7320000000001,685.85,0,Moderate Activity,688.248,87.21047109913657,337.90500000000003,-532.83
2,18.49,50.49,71.98,594.79,549.22,767.61,730.23,656.16,0,Low Activity,675.805,96.26340062557524,333.385,-522.81
2,18.63,50.27,78.25,603.51,521.05,567.1,716.24,644.55,0,Moderate Activity,612.235,86.0487685366076,340.88,-525.26
3,23.12,48.96,161.01,575.17,431.1,703.14,556.53,560.83,2,Low Activity,562.9,111.18057294329795,368.09,-414.15999999999997
2,18.5,51.01,77.81,594.18,529.69,571.45,727.32,658.56,0,Low Activity,621.755,88.51578861046954,335.995,-516.3699999999999
2,18.58,51.37,88.12,593.21,540.24,763.73,727.98,666.69,0,Moderate Activity,674.6600000000001,98.16439374844629,340.665,-505.09000000000003
2,18.59,51.36,92.01,588.45,531.46,769.01,711.51,658.1,0,High Activity,667.52,101.38441727734426,340.23,-496.44000000000005
1,19.06,57.4,148.31,561.31,433.47,722.7,900.29,603.19,1,Low Activity,664.9125,196.73777850648474,354.80999999999995,-412.99999999999994
2,18.49,52.3,87.29,588.42,530.94,753.28,666.8799999999999,651.68,0,Moderate Activity,650.6949999999999,91.52024675811718,337.85499999999996,-501.12999999999994
0,23.09,49.4,114.69,572.4,385.17,680.6,634.5139999999999,555.23,3,Low Activity,563.8785,129.90356288031515,343.54499999999996,-457.71
2,18.48,52.03,83.88,593.3,552.59,762.34,727.95,647.78,1,Low Activity,672.665,93.33685535021344,338.59,-509.41999999999996
2,18.49,52.1,83.29,578.93,546.33,765.78,722.48,646.24,1,Moderate Activity,670.2075,96.24031219643182,331.10999999999996,-495.63999999999993
1,20.13,58.39,128.48,578.93,474.26,723.62,690.01,615.68,1,Low Activity,625.8925,110.69240906674676,353.705,-450.44999999999993
2,18.61,51.97,79.49,591.67,562.24,763.85,719.87,652.41,0,Low Activity,674.5925,87.81059327704527,335.58,-512.18
3,22.55,51.58,105.44,550.33,465.2,713.17,614.244,572.23,1,High Activity,591.211,102.70275434800502,327.885,-444.89000000000004
2,20.56,44.97,85.29,595.8,503.46,753.44,721.14,660.89,1,Moderate Activity,659.7325,111.01713182357639,340.54499999999996,-510.50999999999993
0,18.06,49.51,113.06,578.93,501.84,731.83,685.14,627.41,1,High Activity,636.555,99.447792165873,345.995,-465.86999999999995
2,24.26,53.05,121.46,578.93,471.51,709.58,615.4259999999999,569.31,1,Low Activity,591.4565,99.00391996784776,350.195,-457.46999999999997
2,18.65,53.48,103.63,582.98,457.98,726.99,676.07,589.8,2,Low Activity,612.71,117.67277935019638,343.305,-479.35
1,16.23,46.52,65.89,615.6,584.74,787.74,751.63,705.31,0,Moderate Activity,707.355,88.43197781345842,340.745,-549.71
2,19.13,52.64,103.13,578.93,427.26,720.13,661.32,596.94,2,Moderate Activity,601.4125,126.53306534262103,341.03,-475.79999999999995
0,19.1,49.86,122.63,578.25,466.49,737.62,700.55,638.45,1,Low Activity,635.7775,120.0455073086869,350.44,-455.62
2,19.31,52.33,105.36,581.56,424.89,717.98,668.088,587.35,2,Low Activity,599.577,128.29403081463562,343.46,-476.19999999999993
0,20.22,50.3,100.72,605.04,472.17,736.08,683.79,624.45,2,Low Activity,629.1225,114.14079299268953,352.88,-504.31999999999994
1,16.88,49.6,112.4,582.18,490.24,749.14,699.17,636.19,2,High Activity,643.6850000000001,112.25103607539663,347.28999999999996,-469.78
3,23.51,46.04,152.36,574.98,437.15,707.37,674.35,591.11,2,Low Activity,602.495,120.59642601116614,363.67,-422.62
2,19.04,52.35,96.68,586.87,474.36,735.89,688.81,610.21,2,High Activity,627.3175,114.39402472011666,341.775,-490.19
2,19.1,52.26,100.43,588.04,462.0,732.93,687.05,605.25,2,Moderate Activity,621.8074999999999,118.9080620689783,344.235,-487.60999999999996
0,19.32,50.67,112.32,601.95,467.84,741.39,695.856,630.24,1,Low Activity,633.8315,119.69676473906888,357.135,-489.63000000000005
2,19.83,51.13,101.29,584.12,384.14,708.64,663.9,591.75,2,Low Activity,587.1075,143.62520145039542,342.705,-482.83
3,23.26,43.31,125.16,572.43,457.29,714.47,679.91,600.53,2,Low Activity,613.05,114.27190380841652,348.79499999999996,-447.27
2,20.49,50.12,93.52,582.72,388.52,702.56,656.6099999999999,582.08,2,Low Activity,582.4425,138.4859791639572,338.12,-489.20000000000005
3,25.8,48.23,117.82,578.93,478.48,682.67,595.26,538.79,2,Low Activity,573.8,86.84240707549891,348.375,-461.10999999999996
2,20.45,50.67,95.92,581.41,410.67,720.58,675.55,596.86,2,Low Activity,600.915,136.74757584688658,338.66499999999996,-485.48999999999995
0,19.52,54.98,121.84,596.41,497.24,732.56,711.318,607.16,1,Low Activity,637.0695,108.132854401426,359.125,-474.56999999999994
3,25.14,49.51,125.3,552.27,486.59,615.03,669.39,600.38,2,Low Activity,592.8475,76.8075787818711,338.78499999999997,-426.96999999999997
2,16.96,48.89,83.92,599.87,506.35,741.82,621.454,638.5,1,Low Activity,627.031,96.44179448765978,341.895,-515.95
2,20.69,51.85,98.27,576.97,450.11,718.91,678.98,606.96,2,Moderate Activity,613.74,118.51544456314541,337.62,-478.70000000000005
2,21.09,51.29,105.02,588.67,455.19,726.89,686.408,618.32,2,Moderate Activity,621.702,119.70667740773695,346.84499999999997,-483.65
0,20.16,56.12,129.35,562.78,362.07,681.02,657.0,559.92,2,Low Activity,565.0024999999999,145.06438992736983,346.065,-433.42999999999995
2,21.93,49.98,102.92,574.99,458.86,721.92,681.69,614.41,2,High Activity,619.22,115.74145987213628,338.955,-472.07
2,21.73,50.54,106.76,580.28,457.25,718.54,676.726,613.54,2,Moderate Activity,616.514,114.6133441794628,343.52,-473.52
2,21.67,51.02,107.22,577.68,458.24,581.23,679.81,613.76,2,Moderate Activity,583.26,92.89110793468517,342.45,-470.4599999999999
2,21.74,51.03,110.38,576.29,458.79,723.73,679.66,610.74,2,Low Activity,618.23,116.01883266665516,343.335,-465.90999999999997
1,19.7,56.27,140.63,564.95,395.58,706.38,650.486,573.58,2,Low Activity,581.5065,135.37978089680402,352.79,-424.32000000000005
2,21.91,50.83,105.91,578.93,457.76,725.01,677.47,610.48,2,Low Activity,617.6800000000001,116.50582159989547,342.41999999999996,-473.02
2,22.86,48.74,113.87,580.69,446.33,717.5,708.1859999999999,598.29,2,Low Activity,617.5764999999999,126.34888231533088,347.28000000000003,-466.82000000000005
2,23.45,47.55,102.83,578.68,473.89,717.4,680.79,617.16,2,High Activity,622.31,107.26452877504907,340.755,-475.84999999999997
1,16.88,49.18,65.96,621.52,572.1,781.84,745.96,700.55,1,Moderate Activity,700.1125,91.59470340399966,343.74,-555.56
2,23.95,46.82,106.71,577.5,469.51,727.76,676.57,616.18,2,Moderate Activity,622.505,111.7275180964833,342.105,-470.79
2,23.86,46.97,109.05,577.95,460.49,721.78,674.89,618.05,2,Low Activity,618.8025,113.74472452968239,343.5,-468.90000000000003
1,18.74,54.35,107.17,594.32,511.29,748.19,730.952,634.21,0,Moderate Activity,656.1605,108.83088342775991,350.745,-487.15000000000003
3,23.93,47.15,107.98,580.64,465.31,717.55,675.69,599.94,2,Low Activity,614.6225,110.80479573706786,344.31,-472.65999999999997
3,23.71,47.7,110.73,576.34,466.33,719.85,682.65,610.66,2,High Activity,619.8725,111.94743480014776,343.535,-465.61
2,24.02,51.67,111.05,556.07,477.47,712.17,665.86,598.64,1,Low Activity,613.535,101.98417213796786,333.56,-445.02000000000004
2,20.28,52.84,121.19,576.79,469.3,722.74,671.35,610.4,2,Low Activity,618.4475,109.52220334251864,348.99,-455.59999999999997
3,23.33,48.86,106.74,573.53,458.8,713.12,675.66,606.03,2,Low Activity,613.4024999999999,112.21387744689453,340.135,-466.78999999999996
1,19.22,52.79,96.78,550.42,450.67,713.13,640.38,579.77,2,Low Activity,595.9875,111.1654060023471,323.59999999999997,-453.64
3,23.31,49.04,108.95,580.65,451.56,719.45,675.1220000000001,604.7,2,Low Activity,612.7080000000001,117.36292419669854,344.8,-471.7
3,23.58,48.58,110.59,578.84,454.61,713.18,562.15,607.83,2,Low Activity,584.4425,107.19725225800642,344.71500000000003,-468.25
3,23.72,48.41,105.42,576.08,455.08,715.9,656.462,609.98,2,Low Activity,609.3555,111.61253323141328,340.75,-470.66
2,17.34,48.56,107.44,596.18,400.51,744.17,691.99,636.29,1,Moderate Activity,618.24,151.69001593161406,351.80999999999995,-488.73999999999995
3,24.1,47.64,108.17,574.59,459.11,723.93,677.59,602.65,2,Low Activity,615.82,115.80843089631541,341.38,-466.42
3,24.25,47.34,107.54,578.93,450.87,715.96,676.69,597.24,2,Low Activity,610.19,117.13255710234169,343.23499999999996,-471.38999999999993
1,20.4,48.85,102.92,582.45,460.63,736.68,696.24,625.42,1,Moderate Activity,629.7425,121.75832356900013,342.685,-479.53000000000003
3,24.64,46.59,111.65,571.56,452.33,713.0,684.52,603.09,2,Low Activity,613.235,116.9443550012854,341.60499999999996,-459.90999999999997
3,24.72,46.54,111.99,573.81,448.26,717.99,469.32,614.62,2,Low Activity,562.5475,127.31446039236863,342.9,-461.81999999999994
3,24.77,46.55,114.08,573.38,454.06,719.98,674.71,609.93,2,Low Activity,614.67,116.20820022700637,343.73,-459.3
3,23.21,51.43,109.2,573.44,430.71,721.59,680.64,600.7,1,Low Activity,608.4100000000001,128.66444652661434,341.32000000000005,-464.24000000000007
3,24.02,48.59,112.85,574.54,458.15,710.32,676.44,603.09,2,Low Activity,612.0,111.90553546034563,343.695,-461.68999999999994
2,18.18,53.13,105.55,593.46,464.6,742.02,695.08,622.95,1,Moderate Activity,631.1624999999999,121.36081695368841,349.505,-487.91
3,24.23,48.36,114.25,570.62,443.49,718.78,647.788,601.38,2,Moderate Activity,602.8595,116.70041257139295,342.435,-456.37
0,19.38,54.98,102.08,578.93,494.44,735.65,704.91,619.27,1,Moderate Activity,638.5675,107.96831151623454,340.505,-476.84999999999997
1,17.68,45.92,61.15,632.76,607.04,790.42,770.24,712.97,0,Moderate Activity,720.1675,82.24415739127005,346.955,-571.61
3,24.96,46.96,121.6,574.29,371.08,698.67,659.59,578.74,2,Low Activity,577.02,146.0944550624698,347.945,-452.68999999999994
3,23.17,51.33,124.37,552.29,462.03,712.32,658.42,609.04,1,Low Activity,610.4525,107.56254347277837,338.33,-427.91999999999996
3,24.94,47.13,121.95,576.06,397.72,698.02,647.588,583.43,2,Low Activity,581.6895,131.30524716984212,349.005,-454.10999999999996
3,24.76,47.66,119.57,576.24,400.37,702.1,650.24,584.41,2,Low Activity,584.28,131.72595163191397,347.905,-456.67
3,24.81,47.66,121.81,578.93,405.93,704.76,689.344,591.65,2,Low Activity,597.921,137.44405694924268,350.37,-457.11999999999995
2,22.38,50.64,119.86,566.44,392.4,700.74,637.9,562.31,2,Low Activity,573.3375,133.24125746804805,343.15000000000003,-446.58000000000004
3,24.77,47.8,115.44,564.97,401.12,703.8,520.11,583.14,2,Low Activity,552.0425,126.2202821459372,340.20500000000004,-449.53000000000003
2,22.18,54.13,109.53,539.91,497.13,727.26,520.01,601.99,2,Low Activity,586.5975,104.02114636777786,324.71999999999997,-430.38
3,24.81,47.75,119.5,571.89,392.89,702.97,653.8,586.07,2,Low Activity,583.9325,136.0798781047367,345.695,-452.39
3,24.94,47.73,121.9,568.68,395.42,701.56,651.7879999999999,588.12,2,Low Activity,584.222,134.15756930813356,345.28999999999996,-446.78
3,24.59,48.09,121.42,569.17,403.7,693.95,663.0,578.26,2,Low Activity,584.7275,130.21638795353937,345.29499999999996,-447.74999999999994
3,24.69,47.82,119.13,575.43,404.67,691.41,653.48,578.95,2,Low Activity,582.1275,127.19421485141007,347.28,-456.29999999999995
3,24.88,47.21,118.8,571.41,415.44,698.35,650.99,568.46,2,Low Activity,583.31,124.11774436665641,345.10499999999996,-452.60999999999996
3,24.96,46.99,119.6,573.37,419.06,700.44,655.94,566.16,2,Low Activity,585.4,124.16288549052547,346.485,-453.77
3,24.93,46.82,122.73,573.03,404.64,693.54,676.7320000000001,564.46,2,Low Activity,584.843,133.10048087566528,347.88,-450.29999999999995
3,25.33,46.39,113.9,571.21,388.82,693.49,660.89,559.02,2,Low Activity,575.555,137.0329557685547,342.555,-457.31000000000006
3,25.07,47.05,120.5,568.37,395.83,687.42,641.36,575.0,2,Low Activity,574.9025,127.98926631427601,344.435,-447.87
3,25.1,46.96,124.74,576.87,413.96,687.75,613.858,568.74,2,Moderate Activity,571.077,115.66332773470883,350.805,-452.13
0,17.87,49.71,119.06,580.32,480.93,734.13,874.37,631.0,1,High Activity,680.1075,166.07184436763103,349.69000000000005,-461.26000000000005
3,25.39,45.98,121.67,566.47,393.11,699.32,637.66,557.03,2,Low Activity,571.78,132.59858898193448,344.07,-444.8
3,24.17,47.73,121.63,574.45,384.35,678.96,635.67,556.48,2,Low Activity,563.865,129.97819111938227,348.04,-452.82000000000005
3,24.31,47.84,119.47,569.36,399.51,674.82,629.68,553.08,2,Low Activity,564.2724999999999,120.7902372917613,344.415,-449.89
3,24.27,47.87,116.95,573.88,406.4,849.59,617.1,543.23,2,Low Activity,604.08,185.49464089293792,345.415,-456.93
3,23.93,48.46,124.47,575.36,384.2,675.38,633.47,541.13,3,Low Activity,558.545,129.05248815888828,349.915,-450.89
3,23.59,49.07,115.23,564.93,380.3,676.16,634.792,541.9,3,Low Activity,558.288,131.26939867818902,340.08,-449.69999999999993
0,20.06,56.81,106.01,595.76,458.76,721.12,675.53,612.6,3,Moderate Activity,617.0025,114.49307530006637,350.885,-489.75
0,23.33,49.29,118.35,568.48,372.27,678.67,805.98,539.14,3,Low Activity,599.015,186.34890295715007,343.415,-450.13
2,19.55,51.58,89.72,614.74,544.86,762.17,696.24,611.72,1,Low Activity,653.7475,95.19077244320128,352.23,-525.02
2,21.39,49.7,108.18,578.93,487.96,735.62,690.92,631.35,1,Low Activity,636.4625,107.82232186178642,343.55499999999995,-470.74999999999994
1,18.95,57.51,139.05,559.83,455.01,699.24,658.83,582.81,2,Low Activity,598.9725,107.4289217343263,349.44000000000005,-420.78000000000003
0,20.14,51.71,138.94,582.7,453.71,713.51,687.0,598.65,1,Moderate Activity,613.2175,117.12855825260267,360.82000000000005,-443.76000000000005
0,22.68,50.29,117.34,578.93,385.09,685.01,642.73,557.5,3,Low Activity,567.5825,132.7171602506624,348.135,-461.5899999999999
0,22.6,50.44,118.84,567.62,378.54,680.32,641.822,549.91,3,Moderate Activity,562.648,134.3791082075881,343.23,-448.78
0,22.58,50.42,121.87,571.94,377.01,679.8,643.58,552.28,3,Low Activity,563.1675,135.20658597740965,346.90500000000003,-450.07000000000005
0,22.07,51.51,121.88,562.78,384.21,685.92,628.83,557.22,3,Low Activity,564.0450000000001,130.94250608568632,342.33,-440.9
0,22.17,51.15,123.95,578.93,382.26,690.56,649.67,563.79,3,Low Activity,571.5699999999999,136.81743870330757,351.44,-454.97999999999996
3,23.81,50.92,137.97,556.63,409.09,680.39,589.68,530.23,2,Low Activity,552.3475,113.72553579415077,347.3,-418.65999999999997
0,22.38,50.33,118.71,567.75,386.05,691.93,643.264,554.95,3,Low Activity,569.0485000000001,134.53007369729636,343.23,-449.04
0,22.17,50.69,122.61,562.93,383.28,685.06,626.45,553.73,3,Low Activity,562.13,130.7755453694102,342.77,-440.31999999999994
0,21.97,51.0,126.68,572.77,381.33,686.09,632.14,555.19,3,Low Activity,563.6875,132.90921973913873,349.725,-446.09
0,22.29,50.05,123.19,568.79,379.34,690.62,647.91,565.48,3,Low Activity,570.8375,137.82599280130967,345.99,-445.59999999999997
0,21.78,51.26,125.66,567.59,369.18,681.15,678.278,550.72,2,Low Activity,569.832,146.94525702678078,346.625,-441.93000000000006
0,20.41,52.97,125.51,574.92,405.43,691.75,659.52,578.26,2,Low Activity,583.74,128.10575709155307,350.215,-449.40999999999997
3,25.03,50.83,136.76,543.2,472.58,655.69,570.75,510.17,2,Low Activity,552.2975,79.91685236335744,339.98,-406.44000000000005
1,18.87,57.54,138.71,567.48,442.82,721.86,676.1579999999999,616.4,1,Low Activity,614.3095,122.20933652685187,353.095,-428.77
3,21.98,48.09,113.12,584.12,450.12,712.72,613.9019999999999,570.7,1,Low Activity,586.8605,108.82858472999332,348.62,-471.0
0,21.34,52.52,128.11,565.76,367.92,679.1,630.89,549.17,3,Low Activity,556.77,136.84600322990804,346.935,-437.65
0,21.23,52.67,122.17,564.55,362.76,688.27,653.574,553.84,3,Low Activity,564.611,146.13441790807985,343.35999999999996,-442.37999999999994
0,20.93,57.31,134.59,564.01,435.11,697.87,651.92,594.43,1,Low Activity,594.8325,114.58206385963437,349.3,-429.41999999999996
0,21.25,52.49,123.36,570.53,380.92,698.66,641.83,537.87,3,Low Activity,564.8199999999999,139.51009306378754,346.945,-447.16999999999996
0,21.18,52.52,131.9,569.13,374.25,673.93,637.69,563.78,3,Low Activity,562.4124999999999,133.5537984920933,350.515,-437.23
3,21.22,53.12,137.19,564.74,477.87,730.77,688.26,610.45,2,Low Activity,626.8375,111.10738690564187,350.96500000000003,-427.55
0,18.05,51.23,134.22,582.84,486.15,748.81,700.956,640.84,1,Moderate Activity,644.1890000000001,114.24474787636117,358.53000000000003,-448.62
2,19.92,52.17,90.29,612.13,488.46,609.72,709.54,637.33,2,Moderate Activity,611.2625,92.05218605950286,351.21,-521.84
1,19.2,56.44,112.02,600.71,475.74,729.3,672.13,597.63,1,High Activity,618.7,109.496775294983,356.365,-488.69000000000005
2,23.08,53.09,107.37,552.52,470.41,718.44,675.77,599.82,1,Low Activity,616.11,108.81880750434028,329.945,-445.15
0,20.53,53.11,120.43,578.93,399.76,692.84,689.986,559.89,2,Low Activity,585.6189999999999,138.55728400436647,349.67999999999995,-458.49999999999994
0,20.59,52.83,118.56,574.43,402.97,699.93,645.9060000000001,576.39,2,Low Activity,581.299,129.19327785918273,346.495,-455.86999999999995
0,20.52,52.93,181.69,571.93,402.82,697.04,650.3,573.18,2,Low Activity,580.8349999999999,129.19871967889875,376.80999999999995,-390.23999999999995
0,20.5,52.88,126.54,575.42,384.21,701.01,650.47,563.33,2,Low Activity,574.755,139.1773615451402,350.97999999999996,-448.87999999999994
2,23.6,48.09,109.7,583.81,469.11,724.86,678.6,613.87,1,Moderate Activity,621.61,111.39207063341627,346.755,-474.10999999999996
0,20.34,52.94,121.39,566.58,398.11,703.19,627.134,580.87,2,Moderate Activity,577.326,129.68361237000354,343.985,-445.19000000000005
0,20.33,52.85,124.35,567.4,387.5,700.53,659.082,581.14,2,Low Activity,582.063,138.8307955126191,345.875,-443.04999999999995
0,20.3,52.85,125.34,568.63,407.39,703.07,655.23,582.78,2,Low Activity,587.1175000000001,129.6213499325375,346.985,-443.28999999999996
0,20.3,52.77,123.17,576.38,395.45,621.67,655.92,579.0,2,Low Activity,563.01,116.05357584610077,349.775,-453.21
0,19.79,49.08,117.81,590.33,390.77,720.14,639.32,552.38,2,Low Activity,575.6525,141.01221728985047,354.07000000000005,-472.52000000000004
0,20.25,52.77,122.34,578.93,395.7,616.05,649.44,572.15,2,Low Activity,558.335,112.94857192545642,350.635,-456.5899999999999
0,18.85,50.84,124.74,590.96,460.63,747.06,704.868,646.33,1,Low Activity,639.722,126.33692741765303,357.85,-466.22
0,18.36,50.59,122.77,579.88,490.1,748.05,703.9860000000001,648.21,1,Moderate Activity,647.5865000000001,112.65907992256994,351.325,-457.11
0,19.94,53.12,128.2,570.5,408.54,711.35,669.508,593.59,2,Low Activity,595.7470000000001,133.98488997893259,349.35,-442.3
1,19.86,53.08,123.14,578.93,412.25,708.33,668.9540000000001,581.58,2,Low Activity,592.7785,131.4924607052942,351.03499999999997,-455.78999999999996
1,19.86,53.01,121.62,569.41,397.88,712.44,671.6,599.85,2,Low Activity,595.4425,139.688638615792,345.515,-447.78999999999996
1,19.72,57.55,114.31,553.53,415.32,701.53,653.57,605.21,2,Low Activity,593.9075,125.3840208785261,333.91999999999996,-439.21999999999997
1,19.75,53.14,118.24,573.52,408.37,707.28,669.72,582.29,2,Low Activity,591.915,133.09659261854404,345.88,-455.28
1,19.77,53.09,119.87,573.18,395.84,707.79,671.958,601.39,2,Low Activity,594.2444999999999,139.46011669171463,346.525,-453.30999999999995
2,20.93,58.63,151.51,537.16,495.74,709.26,658.07,602.93,2,Moderate Activity,616.5,91.46876516057272,344.335,-385.65
2,17.05,45.16,55.97,577.98,604.08,798.09,765.0260000000001,727.9,0,Moderate Activity,723.774,84.79047287677234,316.975,-522.01
1,19.75,52.8,124.32,566.84,413.49,710.34,669.856,588.15,2,Low Activity,595.459,131.52781228318216,345.58000000000004,-442.52000000000004
1,19.79,52.65,128.18,566.82,408.66,712.71,664.39,585.93,2,Low Activity,592.9225,133.48934124116428,347.5,-438.64000000000004
1,19.67,52.92,119.73,568.3,406.94,708.57,472.58,596.75,2,Low Activity,546.21,133.8314499659927,344.015,-448.56999999999994
3,23.61,51.0,140.45,563.05,407.19,682.24,472.29,534.96,2,Low Activity,524.1700000000001,117.58458487403865,351.75,-422.59999999999997
1,18.88,50.5,44.26,595.12,535.1,764.94,723.19,663.75,1,Low Activity,671.745,100.11272330062083,319.69,-550.86
1,19.54,53.17,124.22,572.23,420.11,717.4,680.22,600.63,2,Low Activity,604.59,132.280692720694,348.225,-448.01
1,19.55,53.14,123.36,576.66,406.07,719.16,666.28,598.07,2,Low Activity,597.395,136.84245162473036,350.01,-453.29999999999995
1,19.49,53.22,125.52,572.57,408.39,703.28,680.77,603.77,2,Low Activity,599.0525,134.0591477358657,349.045,-447.05000000000007
1,18.77,55.83,134.97,576.5,490.57,721.29,896.52,616.77,1,Low Activity,681.2875,171.71769630704927,355.735,-441.53
0,19.59,57.34,119.57,595.89,466.54,728.1,673.23,608.43,2,Low Activity,619.075,112.84127037569189,357.73,-476.32
1,18.74,53.14,107.21,555.03,475.75,704.15,661.88,587.94,1,Low Activity,607.4300000000001,100.06505117505644,331.12,-447.82
1,19.93,57.6,128.44,571.49,467.87,720.84,672.76,615.2,1,Low Activity,619.1675,109.72105218082201,349.96500000000003,-443.05
1,18.85,56.04,114.73,578.93,498.55,746.86,663.7059999999999,639.92,1,Moderate Activity,637.259,103.21351754494174,346.83,-464.19999999999993
3,21.16,52.15,129.66,574.04,461.51,718.57,670.21,608.95,2,Low Activity,614.81,111.6102253380039,351.84999999999997,-444.38
1,19.2,53.28,122.74,571.15,425.78,724.44,676.33,600.24,2,Low Activity,606.6975,131.00231864996388,346.945,-448.40999999999997
1,19.1,52.42,118.92,571.37,431.31,720.15,679.86,602.62,2,Low Activity,608.485,127.78737770218152,345.145,-452.45
1,19.03,52.52,123.5,575.05,433.02,710.34,697.138,588.19,2,Low Activity,607.172,128.35725249993996,349.275,-451.54999999999995
1,18.95,52.65,113.61,574.17,423.63,710.71,667.53,598.2,2,Low Activity,600.0175,126.39438367664918,343.89,-460.55999999999995
1,19.01,52.33,116.12,571.45,422.55,707.16,645.1400000000001,595.2,2,Low Activity,592.5125,122.21317042364952,343.785,-455.33000000000004
1,16.4,46.77,77.0,578.93,571.62,787.72,742.03,702.98,0,Moderate Activity,701.0875,92.99980909478614,327.965,-501.92999999999995
3,22.58,46.13,123.69,587.29,471.05,732.45,685.49,619.53,1,Low Activity,627.13,113.89603212286781,355.49,-463.59999999999997
1,18.89,52.29,118.93,574.71,415.71,706.34,659.91,575.64,3,Low Activity,589.4,127.80737772131937,346.82000000000005,-455.78000000000003
1,18.86,52.29,109.59,575.34,440.46,707.91,660.31,576.2,3,Low Activity,596.22,117.25209621438188,342.46500000000003,-465.75
0,21.1,55.1,144.1,565.33,374.87,687.6,636.86,542.57,2,Low Activity,560.475,137.55633863984605,354.71500000000003,-421.23
1,18.67,52.5,115.0,570.85,433.52,713.81,668.29,593.43,3,Moderate Activity,602.2624999999999,122.9559811138387,342.925,-455.85
3,22.1,45.95,86.46,566.92,528.94,751.84,702.05,642.25,1,Low Activity,656.27,95.98423933125686,326.69,-480.46
1,18.73,52.29,112.86,575.67,431.48,713.11,657.5,580.46,3,Low Activity,595.6375,122.20856281374067,344.265,-462.80999999999995
1,20.33,57.32,132.61,549.28,453.88,718.41,670.536,592.35,1,Low Activity,608.794,115.60924783078556,340.945,-416.66999999999996
3,21.95,53.12,137.65,566.32,455.75,708.81,661.39,576.21,2,Low Activity,600.54,111.02733657377655,351.985,-428.6700000000001
1,18.97,52.17,114.63,576.72,429.95,708.11,675.56,586.57,3,Low Activity,600.0475,124.49155804712223,345.675,-462.09000000000003
1,19.13,51.96,115.08,577.28,407.32,715.94,665.86,581.64,3,Low Activity,592.6899999999999,135.43577912304661,346.18,-462.2
1,19.19,51.8,115.61,575.77,415.46,712.09,660.26,578.04,3,Low Activity,591.4625,129.6676948652465,345.69,-460.15999999999997
3,21.59,48.73,101.33,600.08,480.02,729.15,495.48,614.37,1,Low Activity,579.755,116.28472255631863,350.70500000000004,-498.75000000000006
1,19.19,51.99,115.21,570.64,408.49,709.41,676.43,579.22,3,Low Activity,593.3875,135.0864918919233,342.925,-455.43
1,19.17,51.41,113.99,573.85,411.58,716.06,666.986,590.0,3,Low Activity,596.1564999999999,133.54157183813584,343.92,-459.86
1,19.09,49.38,100.15,578.93,461.97,737.26,706.77,632.09,3,High Activity,634.5225,123.2274015455437,339.53999999999996,-478.78
1,19.18,48.14,96.74,584.1,496.75,746.91,706.34,635.83,2,Moderate Activity,646.4575,109.85125985470837,340.42,-487.36
1,18.92,48.51,82.36,590.0,514.72,747.62,675.49,643.5,2,Moderate Activity,645.3325,97.35705876651504,336.18,-507.64
1,19.0,48.5,88.91,583.24,503.63,754.62,718.4,648.68,2,High Activity,656.3325,110.88946669995306,336.075,-494.33000000000004
1,19.61,53.75,122.05,573.33,480.02,742.15,699.59,646.11,1,Low Activity,641.9675000000001,114.89275996191697,347.69,-451.28000000000003
0,20.34,51.86,103.56,561.6,455.53,718.35,665.42,613.44,1,Moderate Activity,613.1850000000001,113.49498740766781,332.58000000000004,-458.04
1,19.05,53.34,111.51,554.56,497.51,752.11,705.034,638.03,1,Moderate Activity,648.171,110.8125944887734,333.03499999999997,-443.04999999999995
1,18.43,50.55,78.12,595.1,518.47,568.04,706.99,650.86,2,Low Activity,611.09,84.0837475377971,336.61,-516.98
1,18.39,50.9,83.6,588.65,518.93,752.37,713.818,645.67,2,High Activity,657.697,102.49141848304507,336.125,-505.04999999999995
1,18.75,43.38,81.06,578.93,540.49,782.3,739.02,685.1,1,Moderate Activity,686.7275,105.28795986088181,329.995,-497.86999999999995
1,18.28,51.7,76.4,578.93,525.91,755.9,707.0020000000001,635.11,2,Low Activity,655.9805,99.90163943099233,327.66499999999996,-502.53
1,18.31,51.78,76.16,590.57,532.58,752.44,714.22,630.21,2,Low Activity,657.3625,97.60539068958572,333.365,-514.4100000000001
1,18.38,51.79,85.45,585.73,514.7,749.6,714.15,640.19,2,Moderate Activity,654.6600000000001,103.8441880896567,335.59000000000003,-500.28000000000003
2,16.17,42.52,65.61,610.4,581.93,794.23,764.66,717.39,0,Moderate Activity,714.5524999999999,93.90783509200216,338.005,-544.79
2,18.32,52.81,80.79,587.02,522.62,742.61,716.01,644.3,1,Low Activity,656.385,98.36837855733926,333.905,-506.22999999999996
2,18.31,53.03,81.57,593.68,531.91,748.45,707.308,628.75,1,Moderate Activity,654.1045,95.40445881089629,337.625,-512.1099999999999
3,24.26,52.69,117.05,543.65,463.01,696.05,644.08,578.12,2,Low Activity,595.3149999999999,100.54161078876744,330.34999999999997,-426.59999999999997
2,18.28,53.58,83.76,592.5,510.7,751.41,536.01,658.85,1,High Activity,614.2425,112.02101807994188,338.13,-508.74
0,19.6,52.33,115.99,592.47,445.14,721.46,679.9660000000001,575.87,1,Moderate Activity,605.609,123.26817071193469,354.23,-476.48
2,18.28,53.72,82.31,594.08,531.41,758.47,687.42,652.22,1,Moderate Activity,657.3800000000001,94.89758725419034,338.19500000000005,-511.77000000000004
2,18.23,53.71,81.9,589.72,538.28,764.17,708.93,656.84,0,Low Activity,667.055,96.38842548079444,335.81,-507.82000000000005
3,22.57,46.89,125.7,587.61,445.05,875.66,675.99,597.72,2,High Activity,648.605,179.1906177789451,356.65500000000003,-461.91
1,18.61,49.69,85.46,583.45,509.14,757.27,710.65,657.51,2,Moderate Activity,658.6424999999999,107.67922095279107,334.45500000000004,-497.99000000000007
2,18.23,54.02,73.76,594.36,546.48,754.78,720.1139999999999,655.02,0,Low Activity,669.0985,91.61040950132248,334.06,-520.6
2,18.36,54.0,74.46,591.78,498.29,744.77,718.93,629.05,0,Low Activity,647.76,111.30656464617587,333.12,-517.3199999999999
2,22.14,52.6,101.24,578.93,484.44,710.61,680.4179999999999,612.5,1,Moderate Activity,621.992,100.46126644632744,340.085,-477.68999999999994
2,18.44,53.78,82.18,591.13,485.08,752.78,707.16,639.87,0,High Activity,646.2225,117.01159383440029,336.655,-508.95
1,19.23,48.38,85.67,578.93,529.9,773.2,739.46,679.35,1,Low Activity,680.4775,107.62783418645324,332.29999999999995,-493.25999999999993
2,18.45,54.07,88.05,587.22,499.43,746.6,707.6539999999999,646.33,1,Low Activity,650.0034999999999,108.53622662042382,337.635,-499.17
2,19.03,53.92,103.35,578.45,493.44,737.7,700.16,617.07,1,Low Activity,637.0925000000001,108.22248668830338,340.90000000000003,-475.1
2,19.97,52.29,103.96,578.63,453.41,723.34,686.6619999999999,620.48,1,Low Activity,620.973,119.54308766856128,341.295,-474.67
0,21.07,49.14,100.59,604.87,461.0,724.82,679.11,601.12,2,Moderate Activity,616.5125,115.57108674606583,352.73,-504.28
2,20.85,53.39,125.65,570.42,481.11,717.59,681.58,598.5,1,High Activity,619.695,104.98922881261043,348.03499999999997,-444.77
2,21.22,52.17,132.0,562.6,451.98,686.37,648.8,548.11,1,Low Activity,583.8149999999999,105.50812369986808,347.3,-430.6
2,21.58,51.72,148.9,571.92,403.87,688.6,725.54,560.78,2,Low Activity,594.6975,145.4910889310178,360.40999999999997,-423.02
2,22.04,52.63,144.6,559.53,338.63,671.54,628.75,562.88,2,Low Activity,550.45,148.11695311475995,352.065,-414.92999999999995
2,22.2,53.38,147.54,564.28,365.82,681.05,641.24,537.77,2,Low Activity,556.47,140.7163124872166,355.90999999999997,-416.74
2,22.28,53.32,159.26,559.07,337.7,689.35,622.8,538.92,2,Low Activity,547.1925,152.6223997048489,359.165,-399.81000000000006
2,22.06,53.88,155.85,559.59,314.58,683.31,627.08,550.46,2,Low Activity,543.8575,162.2598217622999,357.72,-403.74
1,16.02,44.82,64.51,615.86,587.59,794.0,758.51,699.9,1,Moderate Activity,710.0000000000001,90.36119779344817,340.185,-551.35
2,22.06,53.76,144.62,564.28,327.54,674.95,621.254,548.95,2,Low Activity,543.1735000000001,152.74465043223827,354.45,-419.65999999999997
0,20.58,51.48,137.67,583.07,417.2,717.1,689.22,592.34,1,Moderate Activity,603.965,135.5043038676878,360.37,-445.4000000000001
2,22.62,52.93,150.97,565.12,344.34,679.81,644.108,562.96,2,Low Activity,557.8045,150.4740377196899,358.045,-414.15
2,22.81,52.48,153.46,563.07,354.62,689.83,649.394,564.39,2,Low Activity,564.5585,149.40349499147158,358.26500000000004,-409.61
2,23.22,51.62,146.59,560.71,351.46,694.77,655.18,562.85,2,Moderate Activity,566.0649999999999,153.37546794277978,353.65000000000003,-414.12
2,19.64,51.34,137.84,578.93,451.58,722.28,676.75,599.39,2,Low Activity,612.5,118.66876786529244,358.385,-441.0899999999999
2,23.53,51.61,155.16,565.94,355.89,691.9,636.9,570.31,2,Low Activity,563.75,147.2211015219399,360.55,-410.7800000000001
2,23.93,50.95,149.17,561.87,370.52,684.59,645.53,568.93,2,Low Activity,567.3925,139.76392962778345,355.52,-412.70000000000005
2,23.35,52.45,149.96,568.18,359.86,679.04,640.95,572.42,2,Low Activity,563.0675,142.47346171012575,359.07,-418.2199999999999
2,23.13,53.0,153.8,566.31,367.3,683.69,635.44,552.39,2,Low Activity,559.705,139.26146116807288,360.05499999999995,-412.50999999999993
2,23.19,52.58,147.66,562.86,364.57,686.02,794.38,553.56,2,Low Activity,599.6324999999999,185.08236281450482,355.26,-415.20000000000005
2,23.4,52.16,151.2,565.12,377.79,680.26,640.58,558.72,2,Moderate Activity,564.3375000000001,134.26648983147905,358.15999999999997,-413.92
3,22.29,47.56,142.77,583.18,438.66,697.31,659.97,557.07,1,Low Activity,588.2525,116.02758648269814,362.97499999999997,-440.40999999999997
2,23.58,51.18,147.42,563.56,383.3,689.7,641.88,562.95,2,Low Activity,569.4575,134.66036248651645,355.48999999999995,-416.14
2,21.92,47.39,126.31,581.42,487.83,722.77,552.12,594.32,2,Low Activity,589.26,99.19332672446603,353.865,-455.10999999999996
2,23.99,49.91,144.27,578.93,386.71,678.17,649.27,549.06,2,Moderate Activity,565.8025,131.5899102958379,361.59999999999997,-434.65999999999997
2,24.35,48.95,148.08,565.87,382.45,686.74,645.51,553.49,2,Low Activity,567.0475,135.08355596321363,356.975,-417.78999999999996
2,24.46,48.67,150.56,562.9,394.51,681.72,891.03,553.04,2,Low Activity,630.075,209.91266318797128,356.73,-412.34
3,23.26,46.93,119.91,585.96,438.11,721.35,677.27,608.03,2,Moderate Activity,611.19,124.45677161167245,352.935,-466.05000000000007
2,24.45,48.86,147.14,554.92,388.88,680.85,633.12,549.43,2,Low Activity,563.0699999999999,128.20210164683988,351.03,-407.78
2,23.87,50.25,151.07,567.48,393.7,683.19,643.74,565.08,2,Low Activity,571.4275,128.25405656352552,359.275,-416.41
3,23.85,50.49,146.56,562.01,387.75,682.27,643.64,556.34,2,Low Activity,567.5,130.89952966556703,354.28499999999997,-415.45
3,23.63,51.1,145.96,560.1,389.02,681.29,638.48,557.5,2,High Activity,566.5725,129.01937047720133,353.03000000000003,-414.14
3,23.74,50.51,149.88,565.99,401.51,680.57,679.792,548.88,2,Low Activity,577.688,132.76360104586902,357.935,-416.11
2,20.52,51.49,122.16,575.85,472.28,862.42,664.35,614.46,2,High Activity,653.3774999999999,161.37951013578726,349.005,-453.69000000000005
3,23.61,50.77,146.4,565.89,396.19,680.88,644.4,546.21,2,Low Activity,566.92,127.23687751591517,356.145,-419.49
2,18.62,53.56,80.56,589.63,481.31,744.19,701.9,631.44,1,Low Activity,639.71,115.3872023521962,335.095,-509.07
3,24.04,49.76,141.78,557.1,397.9,691.58,693.204,563.84,2,High Activity,586.631,139.6554295065776,349.44,-415.32000000000005
3,24.21,49.64,143.22,560.22,401.14,683.47,616.956,557.85,2,Low Activity,564.854,120.60362580508655,351.72,-417.0
3,22.93,50.59,113.76,578.93,432.6,703.74,656.05,587.97,2,Low Activity,595.09,118.28586644227617,346.34499999999997,-465.16999999999996
0,20.62,55.18,111.3,595.67,420.62,701.49,634.84,548.11,2,Low Activity,576.2650000000001,121.28534027930444,353.48499999999996,-484.36999999999995
0,17.99,52.17,119.62,592.99,496.03,757.21,713.91,658.13,0,Moderate Activity,656.32,114.29721548080983,356.305,-473.37
2,18.99,54.83,116.98,578.93,424.16,738.87,685.02,615.95,1,High Activity,616.0,137.43287500934167,347.955,-461.94999999999993
3,23.39,51.23,136.1,565.84,400.32,682.29,687.8240000000001,562.31,2,Low Activity,583.1859999999999,134.9648042910941,350.97,-429.74
1,20.32,55.74,135.95,557.44,430.7,704.07,653.83,584.56,2,Low Activity,593.29,118.95240084448346,346.69500000000005,-421.49000000000007
3,24.27,49.4,145.68,563.01,415.33,680.26,649.96,566.25,2,Low Activity,577.95,118.65205518658327,354.345,-417.33
3,24.45,49.0,144.56,557.17,411.85,848.76,635.1339999999999,562.93,2,Low Activity,614.6685,181.68643628240386,350.865,-412.60999999999996
3,24.3,50.18,123.42,559.74,473.59,702.92,648.8700000000001,588.05,2,Moderate Activity,603.3575000000001,98.41748265255859,341.58,-436.32
3,24.05,50.36,146.92,558.56,415.95,816.29,504.42,531.63,2,Low Activity,567.0725,173.32905014740027,352.73999999999995,-411.64
3,23.99,50.4,143.77,565.38,410.33,672.25,644.5,547.64,2,Low Activity,568.68,118.31148352266291,354.575,-421.61
3,23.98,50.81,149.08,563.23,399.44,678.45,627.86,548.27,2,Low Activity,563.505,121.79675488287856,356.15500000000003,-414.15
3,24.26,50.22,151.59,551.68,380.0,668.23,592.964,529.26,2,High Activity,542.6134999999999,122.38755964421657,351.635,-400.0899999999999
1,16.81,54.23,176.69,587.82,481.25,761.62,726.5,675.9,0,Moderate Activity,661.3175,125.09503543972745,382.255,-411.13000000000005
3,23.93,50.27,147.88,564.97,390.35,673.96,645.57,536.2,2,Low Activity,561.52,128.64347036156428,356.425,-417.09000000000003
0,22.21,56.26,132.44,546.77,449.46,707.03,651.62,586.12,2,Moderate Activity,598.5575,111.0055074834878,339.605,-414.33
3,23.59,51.17,206.77,564.48,395.55,679.49,646.5,547.58,2,Low Activity,567.28,127.47048730327084,385.625,-357.71000000000004
2,23.25,50.65,128.83,571.43,400.71,659.67,574.28,513.24,2,Low Activity,536.9749999999999,108.89938245922241,350.13,-442.5999999999999
3,24.58,48.77,148.2,556.77,410.68,680.35,632.57,552.7,2,Low Activity,569.075,117.99838600591112,352.485,-408.57
3,24.12,50.14,145.62,556.21,416.36,677.45,638.84,547.73,2,Low Activity,570.095,116.02530542946225,350.915,-410.59000000000003
3,25.2,49.48,117.66,547.07,464.18,664.9,575.08,524.53,2,Low Activity,557.1724999999999,84.92944262739512,332.365,-429.4100000000001
2,19.62,45.53,96.81,596.67,399.26,747.15,700.56,641.18,2,Moderate Activity,622.0374999999999,154.72036116275493,346.74,-499.85999999999996
3,24.81,48.34,141.18,567.67,413.28,676.35,633.858,551.86,2,Low Activity,568.837,115.86338850560172,354.42499999999995,-426.48999999999995
1,15.34,42.61,74.33,617.15,566.61,789.53,750.21,692.93,1,Moderate Activity,699.8199999999999,97.26152442427237,345.74,-542.8199999999999
2,16.49,46.24,65.45,615.33,631.95,794.67,765.7,705.63,0,Moderate Activity,724.4875,71.9788109446106,340.39000000000004,-549.88
3,24.79,48.52,147.99,561.12,367.41,671.49,624.25,546.63,2,Low Activity,552.445,133.66554716904426,354.555,-413.13
3,25.11,46.0,107.25,578.93,339.4,716.39,657.052,581.34,2,Low Activity,573.5455000000001,165.5926287842145,343.09,-471.67999999999995
3,24.82,48.1,149.56,578.93,393.13,672.01,633.946,551.3,2,Low Activity,562.5964999999999,123.70471651881347,364.245,-429.36999999999995
1,19.42,53.51,101.84,581.81,417.96,726.26,663.13,594.18,1,Low Activity,600.3824999999999,133.0398853414519,341.825,-479.9699999999999
3,25.56,46.41,143.25,566.04,399.6,677.25,635.67,546.66,2,Low Activity,564.795,122.86531772636246,354.645,-422.78999999999996
3,25.16,47.3,144.17,562.58,381.64,673.53,611.626,534.12,2,Moderate Activity,550.229,126.03502028140169,353.375,-418.4100000000001
3,24.27,49.13,137.25,564.47,375.83,671.9,637.45,536.59,2,Low Activity,555.4425,132.79513830834824,350.86,-427.22
1,20.35,56.74,127.31,544.77,477.47,707.53,662.88,593.58,2,Low Activity,610.365,100.23585469614484,336.03999999999996,-417.46
3,23.14,51.8,141.98,564.25,363.66,669.99,628.52,546.66,2,Low Activity,552.2075,135.74148159276882,353.115,-422.27
3,23.25,51.32,143.45,564.79,361.39,679.55,637.19,536.77,2,Low Activity,553.725,141.51391109475188,354.12,-421.34
3,22.56,52.46,142.45,567.28,350.8,681.67,645.91,545.07,2,Low Activity,555.8625000000001,148.43987141263628,354.865,-424.83
3,24.35,46.56,103.97,593.77,412.4,702.6,652.83,551.11,1,Low Activity,579.735,128.13935135884944,348.87,-489.79999999999995
3,22.36,52.73,137.99,559.43,363.15,681.99,562.38,550.81,3,Low Activity,539.5825,131.72459385019945,348.71,-421.43999999999994
3,22.28,52.85,134.45,563.79,369.29,680.33,635.74,538.71,3,Low Activity,556.0175,137.8114454305834,349.12,-429.34
3,22.19,53.05,143.37,558.35,386.46,676.79,645.47,541.74,3,Moderate Activity,562.615,130.85262868331432,350.86,-414.98
3,23.57,44.12,94.03,601.32,484.66,744.49,693.8560000000001,622.91,1,Moderate Activity,636.479,112.82969876765604,347.675,-507.2900000000001
3,22.39,52.66,140.11,567.65,368.45,686.28,645.63,543.53,3,Low Activity,560.9725000000001,141.70158276580162,353.88,-427.53999999999996
1,19.1,52.93,94.96,594.8,489.67,740.32,702.35,634.69,0,High Activity,641.7575,110.40316220561802,344.88,-499.84
3,22.11,53.21,137.41,562.36,357.91,686.92,677.982,559.56,3,Low Activity,570.593,153.21026274154525,349.885,-424.95000000000005
3,21.94,53.51,143.88,564.04,367.37,682.02,640.23,550.04,2,Low Activity,559.915,139.6796607718294,353.96,-420.15999999999997
1,21.72,52.36,106.96,548.6,490.54,711.85,674.546,605.96,2,Low Activity,620.724,97.2395754687017,327.78000000000003,-441.64000000000004
0,21.68,53.98,137.56,563.01,366.63,677.55,639.08,546.18,2,Low Activity,557.3599999999999,138.5961998036021,350.28499999999997,-425.45
1,19.45,53.0,119.54,571.38,421.15,717.38,679.44,601.07,2,Low Activity,604.76,131.63917223481266,345.46,-451.84
0,21.58,54.09,138.19,561.95,379.37,689.71,844.23,564.89,2,Low Activity,619.55,196.70424160822427,350.07000000000005,-423.76000000000005
0,21.45,54.41,139.57,567.51,361.55,684.28,638.672,538.7,2,Low Activity,555.8005,143.06216746925094,353.53999999999996,-427.94
0,21.18,55.07,145.62,559.62,367.26,693.48,643.132,560.72,2,Low Activity,566.1479999999999,143.44089864005545,352.62,-414.0
0,21.17,55.15,146.71,565.28,368.91,682.85,835.62,550.29,2,Low Activity,609.4175,198.2421262623058,355.995,-418.56999999999994
0,21.15,55.16,139.41,561.39,356.53,678.35,637.57,546.35,2,Low Activity,554.7,143.17568555216818,350.4,-421.98
3,24.13,43.87,125.89,586.45,456.62,561.65,677.38,609.39,1,High Activity,576.26,92.82606135491619,356.17,-460.56000000000006
0,21.5,57.08,125.06,544.91,465.64,708.78,670.3,602.2,1,Low Activity,611.73,106.8991057025268,334.985,-419.84999999999997
0,17.77,52.66,121.58,588.66,490.09,747.65,717.92,660.8,0,High Activity,654.115,115.13580980737488,355.12,-467.08
0,20.75,55.48,139.25,563.17,360.87,686.89,640.64,552.81,2,Moderate Activity,560.3025,144.115658037795,351.21,-423.91999999999996
0,20.2,56.06,125.42,571.38,379.51,684.35,644.53,563.22,2,Low Activity,567.9025,135.33348178358034,348.4,-445.96
0,20.66,55.55,143.07,560.48,363.75,827.2,654.77,547.47,2,Low Activity,598.2975,194.2347911463512,351.775,-417.41
2,22.06,49.81,97.35,531.52,514.77,764.29,707.76,647.82,2,Moderate Activity,658.66,107.0674936663785,314.435,-434.16999999999996
0,20.57,55.74,149.12,558.59,387.89,689.62,641.67,558.57,2,Low Activity,569.4375,132.5882909297298,353.855,-409.47
0,20.55,55.74,140.5,578.93,374.96,694.66,643.08,567.11,2,Low Activity,569.9525,140.1543752141426,359.715,-438.42999999999995
0,20.5,55.91,144.21,564.73,377.41,686.85,634.16,562.5,2,Low Activity,565.23,135.18699962151192,354.47,-420.52
3,23.85,49.85,119.72,542.75,446.02,728.6,671.3,617.76,1,Low Activity,615.92,121.97420820266335,331.235,-423.03
1,18.57,56.78,125.52,566.84,448.05,725.72,679.664,606.36,2,Low Activity,614.9485,121.63784058562258,346.18,-441.32000000000005
0,19.0,52.91,112.99,586.13,484.06,718.43,683.65,588.62,1,Moderate Activity,618.6899999999999,105.19396528952281,349.56,-473.14
0,20.41,55.65,143.59,562.48,383.01,696.83,653.44,566.7,2,Low Activity,574.9950000000001,138.95374830016885,353.035,-418.89
1,17.85,54.96,127.53,592.1,505.43,741.3,620.418,637.11,1,Low Activity,626.0645000000001,96.58465903548036,359.815,-464.57000000000005
0,20.22,55.9,139.78,567.27,418.19,717.34,701.756,582.2,2,Low Activity,604.8715,138.3229906017073,353.525,-427.49
0,20.13,56.07,141.47,566.02,415.38,706.43,691.6360000000001,575.17,2,Low Activity,597.154,134.65161941345775,353.745,-424.54999999999995
1,19.17,51.6,103.64,576.98,472.79,730.91,690.57,624.05,2,Low Activity,629.5799999999999,113.43314330476785,340.31,-473.34000000000003
0,20.24,55.78,141.22,557.55,387.31,706.45,654.284,576.1,2,Low Activity,581.036,139.81901166865686,349.385,-416.3299999999999
0,20.27,55.68,146.78,558.85,378.64,706.17,664.1,577.51,2,Low Activity,581.605,145.52597076352615,352.815,-412.07000000000005
0,20.19,55.79,139.23,562.94,392.7,705.03,650.124,575.0,2,Low Activity,580.7135000000001,136.20343846247056,351.08500000000004,-423.71000000000004
0,20.13,55.88,141.27,566.03,380.44,708.9,661.05,585.7,2,Low Activity,584.0225,144.88647748611092,353.65,-424.76
0,20.15,55.76,141.97,568.21,384.54,704.18,659.972,582.59,2,Low Activity,582.8205,141.41627912302033,355.09000000000003,-426.24
3,24.08,47.24,100.87,604.63,437.82,720.54,677.98,587.21,1,High Activity,605.8875,125.08404890978971,352.75,-503.76
0,20.07,55.78,141.07,558.4,373.47,706.83,667.23,575.1,2,Low Activity,580.6575,148.7412109168135,349.735,-417.33
0,19.95,55.97,136.77,562.59,406.66,714.8,679.498,607.75,2,Low Activity,602.177,137.74424705228162,349.68,-425.82000000000005
3,23.26,51.04,133.0,564.35,423.16,689.21,591.64,534.03,2,Low Activity,559.51,111.19799128881182,348.675,-431.35
0,19.85,56.0,142.6,569.88,397.53,718.24,668.48,596.17,2,Low Activity,595.105,140.929218285871,356.24,-427.28
0,19.88,55.76,140.82,566.24,381.49,709.67,511.41,588.98,2,Low Activity,547.8875,137.6964135032814,353.53,-425.42
0,19.84,55.93,145.67,570.63,408.84,708.09,671.33,592.45,2,Low Activity,595.1775,133.26357226063945,358.15,-424.96000000000004
3,25.99,47.62,114.31,543.58,493.48,676.28,595.36,547.15,2,Low Activity,578.0675,77.57934148341295,328.94500000000005,-429.27000000000004
0,19.72,56.06,143.36,563.0,407.02,713.95,667.874,595.17,2,Low Activity,596.0035,135.1446183747865,353.18,-419.64
0,19.61,56.25,138.37,564.5,402.09,716.75,669.288,593.6,2,Moderate Activity,595.432,138.51263606376617,351.435,-426.13
1,16.97,45.92,66.57,569.04,578.16,791.09,749.03,695.46,0,Moderate Activity,703.435,92.23110339431778,317.80499999999995,-502.46999999999997
1,18.55,52.28,72.47,568.33,575.55,764.83,727.442,668.74,1,Moderate Activity,684.1405,82.49219640467012,320.40000000000003,-495.86
0,19.56,56.35,145.26,563.09,389.3,715.86,675.36,603.82,2,Low Activity,596.085,145.43090306625572,354.175,-417.83000000000004
0,19.91,51.93,102.61,554.57,495.07,754.06,876.64,645.94,1,Low Activity,692.9275,162.11403463303228,328.59000000000003,-451.96000000000004
0,19.5,56.46,143.14,568.13,405.88,719.55,678.56,598.32,2,Low Activity,600.5775,139.2215726518942,355.635,-424.99
0,19.47,56.5,136.74,563.37,402.22,714.72,671.74,589.9,2,Low Activity,594.645,138.3371970946354,350.055,-426.63
0,19.42,56.56,134.75,562.89,401.74,715.66,666.54,589.25,2,Low Activity,593.2975,137.89815477977456,348.82,-428.14
0,19.42,56.56,142.71,562.5,403.21,712.38,671.478,595.78,2,Low Activity,595.712,137.12395075016374,352.605,-419.78999999999996
0,18.84,51.92,115.16,590.17,471.94,747.03,696.64,660.8,1,Moderate Activity,644.1025,120.1013350952714,352.66499999999996,-475.01
2,19.63,51.99,77.49,619.47,530.08,762.41,735.66,685.58,0,High Activity,678.4325,103.9018098575124,348.48,-541.98
3,22.63,54.97,134.72,562.63,419.94,690.36,627.77,554.73,2,Low Activity,573.2,116.23843168246893,348.675,-427.90999999999997
1,19.23,56.97,143.06,564.54,410.95,719.9,687.12,598.17,1,Low Activity,604.035,138.61701542980452,353.79999999999995,-421.47999999999996
1,19.13,57.3,143.05,559.52,412.97,726.84,634.774,604.54,2,Low Activity,594.781,131.89578882840297,351.28499999999997,-416.46999999999997
1,18.93,44.57,77.85,602.19,563.83,775.85,739.85,690.12,0,Low Activity,692.4125,92.64780564949537,340.02000000000004,-524.34
1,19.12,57.33,146.73,565.9,410.75,723.37,654.6879999999999,607.16,2,Low Activity,598.992,134.25559962002825,356.315,-419.16999999999996
2,16.25,48.79,70.9,605.13,563.26,774.72,746.34,688.13,0,Moderate Activity,693.1125000000001,93.77179368907619,338.015,-534.23
3,20.97,56.3,110.31,598.13,425.74,727.21,718.29,598.89,3,Low Activity,617.5325,140.60954646941056,354.22,-487.82
0,19.3,49.74,119.87,581.16,457.45,736.78,694.48,621.36,1,Low Activity,627.5175,122.99476909608798,350.515,-461.28999999999996
3,20.14,51.54,115.1,578.93,433.47,706.57,627.8100000000001,559.5,2,Low Activity,581.8375,115.73467684752052,347.015,-463.8299999999999
2,19.43,57.72,105.62,559.73,535.39,728.63,664.71,601.35,1,Low Activity,632.52,83.02436188653706,332.675,-454.11
1,19.01,57.48,146.72,565.9,420.48,720.09,676.66,612.86,2,Low Activity,607.5225,132.24323760278506,356.31,-419.17999999999995
1,18.98,57.49,142.69,561.98,414.44,718.34,685.24,610.7,1,Low Activity,607.1800000000001,136.15066066677753,352.33500000000004,-419.29
0,21.42,53.77,121.87,559.09,435.63,701.34,650.99,581.02,2,Low Activity,592.245,115.48008904857438,340.48,-437.22
1,18.91,57.66,146.61,564.75,439.27,727.06,679.71,610.47,1,Low Activity,614.1275,126.0202847097773,355.68,-418.14
3,18.91,53.59,76.51,579.66,429.81,746.7,699.09,621.47,1,Moderate Activity,624.2674999999999,139.5345463496406,328.085,-503.15
2,19.23,53.93,90.44,577.18,458.14,730.4,689.12,613.45,1,Moderate Activity,622.7774999999999,119.96727119649479,333.80999999999995,-486.73999999999995
2,19.28,53.83,93.93,575.46,416.57,721.9,681.41,587.33,1,Low Activity,601.8025,135.74644976941383,334.69500000000005,-481.53000000000003
1,18.96,57.29,145.96,561.39,425.13,719.02,679.4739999999999,613.3,1,Low Activity,609.231,130.2528803673838,353.675,-415.42999999999995
3,23.14,46.73,118.58,588.19,438.55,725.78,682.49,601.97,2,High Activity,612.1975,126.62289929155783,353.38500000000005,-469.61000000000007
1,18.94,57.35,146.43,578.93,445.96,725.39,687.38,594.43,1,Low Activity,613.29,124.37948196279535,362.67999999999995,-432.49999999999994
1,18.79,57.75,143.27,562.3,432.07,725.97,678.06,618.08,1,High Activity,613.545,128.78316103694098,352.78499999999997,-419.03
0,21.15,54.12,133.86,558.4,360.72,686.24,630.7099999999999,539.86,2,Low Activity,554.3825,142.51123286136664,346.13,-424.53999999999996
1,18.83,57.48,140.54,561.72,431.29,722.94,681.572,625.6,1,Low Activity,615.3505,129.02726776796706,351.13,-421.18000000000006
1,18.76,57.66,141.77,558.95,430.78,729.67,686.9939999999999,619.18,1,Low Activity,616.656,132.00486909201493,350.36,-417.18000000000006
1,18.23,52.49,66.76,570.69,598.1,767.72,738.83,681.12,0,Low Activity,696.4425,74.79574068755521,318.725,-503.93000000000006
1,18.95,55.66,134.87,578.93,448.86,725.05,676.49,619.82,1,High Activity,617.555,120.40437768896388,356.9,-444.05999999999995
0,18.49,51.98,124.74,578.93,496.26,730.87,693.52,610.57,1,Moderate Activity,632.8050000000001,103.99036445748231,351.835,-454.18999999999994
2,24.41,45.88,112.5,578.09,447.02,721.42,664.43,605.22,1,High Activity,609.5225,118.26729341481804,345.295,-465.59000000000003
1,20.04,56.86,134.1,559.92,412.14,700.13,653.62,598.25,2,Low Activity,591.035,126.32508130480926,347.01,-425.81999999999994
1,18.58,56.89,127.29,574.0,429.19,618.68,885.9,598.47,2,Low Activity,633.06,188.76289801406065,350.645,-446.71
1,18.58,56.9,126.67,567.77,448.74,729.54,671.29,607.42,2,Low Activity,614.2475,121.08613280773868,347.21999999999997,-441.09999999999997
1,18.57,56.78,125.52,566.84,448.05,867.01,476.51,606.36,2,Low Activity,599.4825,191.19998350331173,346.18,-441.32000000000005
1,18.73,56.38,122.83,575.26,434.14,715.78,672.31,603.71,2,Low Activity,606.485,123.81279861145211,349.045,-452.43
2,23.68,49.66,101.44,541.2,404.68,726.34,645.78,568.94,2,Low Activity,586.435,137.15707917080573,321.32000000000005,-439.76000000000005
0,20.12,54.62,131.25,551.85,463.32,683.32,609.284,554.88,3,Low Activity,577.701,92.65827945017473,341.55,-420.6
1,18.93,44.57,77.85,602.19,563.83,775.85,739.85,690.12,0,Low Activity,692.4125,92.64780564949537,340.02000000000004,-524.34
0,21.29,54.16,140.3,571.8,451.8,698.89,657.95,586.19,2,Low Activity,598.7075,108.45076989891159,356.04999999999995,-431.49999999999994
1,19.03,55.43,113.89,573.95,448.0,729.7,682.22,615.05,2,Low Activity,618.7425000000001,123.16330037122802,343.92,-460.06000000000006
3,22.55,46.27,119.99,593.6,457.32,729.19,689.878,621.4,1,Moderate Activity,624.447,119.99031925951363,356.795,-473.61
1,18.95,53.68,101.78,574.53,478.37,743.21,529.87,643.74,2,Low Activity,598.7974999999999,118.50257588620879,338.155,-472.75
1,18.92,53.11,94.88,580.29,508.63,750.77,705.508,653.78,2,High Activity,654.672,105.11610394860216,337.585,-485.40999999999997
2,23.45,51.9,147.37,560.47,374.6,688.25,640.52,553.13,2,Moderate Activity,564.125,138.18324464275688,353.92,-413.1
0,20.29,48.73,117.68,595.18,458.94,634.75,693.708,623.02,1,Moderate Activity,602.6045,100.64701035963925,356.42999999999995,-477.49999999999994
1,18.79,50.79,77.49,582.89,541.73,754.49,715.57,665.64,1,Moderate Activity,669.3575,92.53060083921787,330.19,-505.4
0,20.94,51.97,104.43,548.96,487.01,600.92,696.54,637.66,1,Moderate Activity,605.5324999999999,88.2862757831967,326.69500000000005,-444.53000000000003
1,18.93,50.27,80.79,588.63,526.02,761.64,718.43,664.88,1,Moderate Activity,667.7425,102.4360354481436,334.71,-507.84
0,19.12,53.49,119.75,588.83,438.1,737.68,694.9,617.46,1,Low Activity,622.035,132.33302573431922,354.29,-469.08000000000004
1,18.78,51.79,86.17,583.82,479.22,752.59,714.93,624.85,0,Moderate Activity,642.8974999999999,121.56913242403817,334.995,-497.65000000000003
1,19.06,51.96,85.68,584.64,455.29,733.74,709.14,619.0,0,Low Activity,629.2925,126.05251428802731,335.15999999999997,-498.96
3,23.81,45.07,103.49,578.93,460.44,727.8,677.09,615.87,1,Low Activity,620.3,115.9830427260813,341.21,-475.43999999999994
2,18.89,53.16,174.3,578.01,472.62,747.67,709.62,631.54,1,Moderate Activity,640.3625,121.82895615711944,376.155,-403.71
2,18.42,48.41,63.89,616.43,563.57,783.31,743.67,688.78,0,High Activity,694.8325,95.70762086514667,340.15999999999997,-552.54
2,19.04,53.41,101.96,578.93,446.39,735.91,696.97,633.39,1,Moderate Activity,628.165,128.33882797761038,340.445,-476.96999999999997
1,19.28,56.79,142.75,564.13,412.66,723.03,688.07,622.34,1,Low Activity,611.5250000000001,138.99251118915245,353.44,-421.38
1,19.87,58.74,126.09,549.27,484.4,697.71,640.0699999999999,564.28,2,Low Activity,596.615,92.63961445659555,337.68,-423.17999999999995
2,19.03,53.82,103.91,580.51,438.85,832.63,696.04,628.42,1,High Activity,648.985,163.82846364414212,342.21,-476.6
2,19.13,53.76,105.78,579.28,456.42,730.7,699.83,618.7,1,Low Activity,626.4125000000001,122.77750156957369,342.53,-473.5
2,21.69,52.49,94.25,578.93,481.14,743.04,727.874,605.57,1,Moderate Activity,639.406,122.14689876265109,336.59,-484.67999999999995
2,18.94,54.65,112.59,576.51,419.9,729.73,682.28,598.81,1,Moderate Activity,607.6800000000001,136.3834884923147,344.55,-463.91999999999996
0,20.08,50.79,117.46,578.93,425.32,739.84,691.89,616.92,2,Moderate Activity,618.4925000000001,138.36003309602572,348.195,-461.46999999999997
2,16.45,45.73,61.29,578.93,628.22,784.59,757.14,708.75,0,Low Activity,719.675,68.55887032324847,320.10999999999996,-517.64
2,19.07,54.8,117.31,576.4,415.5,728.27,818.91,610.72,1,Low Activity,643.3499999999999,174.17716976305093,346.855,-459.09
2,19.45,53.72,123.88,577.11,418.1,722.05,678.02,610.89,1,Moderate Activity,607.265,134.1372482447238,350.495,-453.23
1,19.63,57.22,110.72,554.26,483.29,694.17,652.53,584.2,2,Low Activity,603.5475,92.10123936010123,332.49,-443.53999999999996
2,19.36,53.87,124.79,578.93,429.3,725.38,679.66,602.04,1,Low Activity,609.095,130.22753869029904,351.85999999999996,-454.13999999999993
2,19.39,53.82,123.55,571.41,406.35,728.76,646.374,622.14,1,Low Activity,600.9060000000001,137.49776268725248,347.47999999999996,-447.85999999999996
2,18.83,44.69,68.48,581.93,588.97,770.72,752.15,695.27,0,Moderate Activity,701.7775,81.76865062479628,325.205,-513.4499999999999
2,19.39,54.0,123.74,575.17,419.91,730.05,686.85,613.09,1,Moderate Activity,612.475,137.15827681915516,349.455,-451.42999999999995
0,21.09,50.91,102.53,561.54,443.39,715.41,649.55,594.4,2,Low Activity,600.6875,115.94658551103029,332.03499999999997,-459.01
2,19.18,54.62,125.65,564.77,416.03,735.15,691.29,608.22,1,Moderate Activity,612.6724999999999,141.26753209778957,345.21,-439.12
2,19.3,54.27,123.65,569.02,419.02,721.52,678.21,590.87,1,Low Activity,602.405,133.78826019747274,346.335,-445.37
2,19.68,53.62,128.92,567.36,423.7,712.5,677.93,599.8,1,Low Activity,603.4825000000001,128.79253818318307,348.14,-438.44000000000005
2,19.87,53.98,150.85,563.04,425.8,712.92,680.374,611.06,2,Low Activity,607.5385,128.38945173053222,356.945,-412.18999999999994
2,19.89,55.86,171.61,563.09,420.79,712.64,868.56,597.9,2,Low Activity,649.9725,188.80666855719545,367.35,-391.48
0,20.27,55.78,137.68,563.1,365.81,691.01,629.15,544.01,2,Low Activity,557.4949999999999,141.28656305537336,350.39,-425.42
2,21.53,50.68,132.22,565.97,447.11,690.96,610.14,543.53,2,Moderate Activity,572.935,103.29681715006197,349.095,-433.75
2,21.0,51.77,127.17,571.45,461.17,713.15,637.67,572.94,2,Low Activity,596.2325,106.7257976857829,349.31,-444.28000000000003
3,21.87,52.01,105.13,571.51,471.22,859.79,802.44,619.27,1,Low Activity,688.18,177.31851698755736,338.32,-466.38
0,19.44,54.71,109.92,604.4,486.51,735.23,694.9259999999998,634.73,1,Moderate Activity,637.8489999999999,109.01691638151087,357.15999999999997,-494.47999999999996
2,21.47,52.06,120.46,572.83,447.97,702.93,636.11,562.36,1,Low Activity,587.3425000000001,109.2208134545182,346.64500000000004,-452.37000000000006
1,19.97,59.13,124.17,551.84,487.32,725.22,684.69,614.51,1,Low Activity,627.935,104.30453825217771,338.005,-427.67
2,21.68,52.03,127.87,573.01,371.23,700.13,652.1279999999999,568.83,2,Low Activity,573.0795,145.08821891410295,350.44,-445.14
2,19.94,50.27,105.24,581.94,446.22,714.91,673.12,607.51,2,Low Activity,610.44,118.06715123183076,343.59000000000003,-476.70000000000005
3,22.1,48.28,134.64,578.93,403.41,699.5,648.53,582.97,3,Low Activity,583.6025,129.25110944075746,356.78499999999997,-444.28999999999996
2,22.38,50.69,123.84,569.75,393.56,706.32,635.86,573.37,2,Low Activity,577.2775,133.97918305343808,346.795,-445.90999999999997
2,22.2,51.55,122.53,567.48,397.8,708.04,634.39,559.24,2,Low Activity,574.8675000000001,132.75913160683146,345.005,-444.95000000000005
2,22.41,51.39,126.51,569.87,406.58,697.02,644.75,565.48,2,Low Activity,578.4575,126.70444937596575,348.19,-443.36
2,22.54,51.26,125.6,566.88,407.03,703.36,639.5780000000001,569.05,2,Low Activity,579.7545,127.5480432399233,346.24,-441.28
2,22.59,51.31,122.97,566.79,415.06,699.81,646.86,576.78,2,Low Activity,584.6275,123.76673311112319,344.88,-443.81999999999994
2,22.71,51.12,125.09,569.67,400.17,702.36,651.2,557.35,2,Low Activity,577.77,132.75713339277354,347.38,-444.5799999999999
2,22.9,50.8,121.35,568.88,401.47,702.03,642.78,562.43,2,Low Activity,577.1775,130.3616112652289,345.115,-447.53
2,23.25,50.08,130.77,568.51,409.04,703.8,634.38,564.51,2,Low Activity,577.9324999999999,126.13985343657251,349.64,-437.74
2,23.02,50.93,122.33,570.9,397.16,701.97,692.302,566.96,2,Moderate Activity,589.5980000000001,142.26787045101457,346.615,-448.57
3,20.19,49.9,113.77,583.24,447.47,717.39,673.592,605.12,2,Moderate Activity,610.893,118.34015952329959,348.505,-469.47
2,23.04,51.06,122.8,568.86,407.99,701.92,637.04,573.63,2,Low Activity,580.145,126.15596286607567,345.83,-446.06
2,23.13,50.93,130.94,566.37,395.8,706.7,650.34,571.7,2,Moderate Activity,581.135,135.39323309038258,348.655,-435.43
0,20.71,55.14,144.45,560.53,359.91,677.04,624.19,543.42,2,Low Activity,551.14,138.8231774596735,352.49,-416.08
3,24.38,49.94,114.39,544.85,452.65,687.4,695.854,583.52,3,Low Activity,604.856,113.60170079712717,329.62,-430.46000000000004
1,19.88,58.54,132.26,551.67,482.92,605.13,843.02,562.13,2,Low Activity,623.3,154.97885941852414,341.965,-419.40999999999997
1,19.48,53.08,121.17,570.77,414.38,718.03,821.73,598.55,2,Low Activity,638.1724999999999,174.85575166881605,345.96999999999997,-449.59999999999997
3,23.46,50.09,128.25,568.64,410.46,670.04,643.7180000000001,519.06,1,Low Activity,560.8195000000001,119.93486288120455,348.445,-440.39
3,23.1,51.15,131.15,570.98,424.78,679.64,573.15,525.57,1,Low Activity,550.7850000000001,105.85660190402234,351.065,-439.83000000000004
3,23.18,51.38,135.44,568.59,420.72,668.83,571.08,535.74,2,Moderate Activity,549.0925,102.4342180377241,352.015,-433.15000000000003
3,23.46,50.79,135.18,562.17,408.89,673.93,583.44,511.32,2,Moderate Activity,544.395,112.18940665974958,348.67499999999995,-426.98999999999995
3,23.5,50.43,133.37,560.6,408.35,678.76,585.41,534.71,2,Low Activity,551.8075,112.72155084543503,346.985,-427.23
3,23.34,50.65,129.01,567.15,413.84,680.18,658.086,523.47,2,Low Activity,568.894,124.42517075468828,348.08,-438.14
1,18.94,52.33,119.56,575.88,407.13,710.16,659.33,588.41,2,Low Activity,591.2574999999999,132.51756396166257,347.72,-456.32
3,23.28,50.78,132.05,567.46,398.55,671.38,599.24,530.04,2,Low Activity,549.8025,116.17950202882894,349.755,-435.41
3,23.2,51.0,131.58,569.78,414.57,679.93,601.01,536.13,2,Low Activity,557.91,112.20103148664303,350.68,-438.19999999999993
3,23.48,50.3,129.47,565.93,415.38,676.36,597.6179999999999,529.61,2,Low Activity,554.742,110.57828865860905,347.7,-436.4599999999999
0,20.0,51.83,95.58,551.51,489.36,737.55,723.5260000000001,630.68,1,Moderate Activity,645.279,114.2517626589046,323.545,-455.93
0,20.54,57.22,130.75,558.75,446.49,710.16,666.88,594.67,1,Low Activity,604.5500000000001,115.64180184229805,344.75,-428.0
0,19.93,52.84,135.36,586.33,423.38,719.41,677.46,597.98,1,High Activity,604.5575,130.86178621609392,360.845,-450.97
3,23.07,51.51,135.15,571.35,428.94,674.85,476.33,533.58,2,Low Activity,528.425,106.5801871831721,353.25,-436.20000000000005
3,23.09,51.42,132.77,559.33,414.74,685.74,666.918,532.38,2,Low Activity,574.9445000000001,126.77011477868118,346.05,-426.56000000000006
3,23.22,51.31,127.39,568.54,408.99,686.8,583.092,540.16,2,Low Activity,554.7605,115.03523622931075,347.965,-441.15
3,23.41,50.78,130.28,562.81,406.83,847.07,598.5,546.72,2,Low Activity,599.78,183.66550084324493,346.54499999999996,-432.53
3,23.82,49.89,133.41,565.02,429.69,678.67,601.53,540.69,2,Low Activity,562.645,105.09186124529336,349.215,-431.61
3,23.92,49.66,134.15,566.33,434.9,681.09,598.98,539.55,2,Low Activity,563.63,103.59815538898366,350.24,-432.18000000000006
3,23.95,49.7,132.68,560.5,419.7,684.84,601.65,542.69,2,Low Activity,562.22,111.48058216568481,346.59000000000003,-427.82
3,23.84,50.02,135.45,567.34,423.24,685.11,593.51,541.43,2,Low Activity,560.8225,109.27163199263263,351.395,-431.89000000000004
3,23.46,50.93,134.09,565.58,432.02,572.17,599.38,538.17,2,Low Activity,535.435,73.34976868856961,349.83500000000004,-431.49
3,23.24,51.49,133.36,568.29,424.68,684.65,597.64,532.63,2,Low Activity,559.9,109.56728739302925,350.825,-434.92999999999995
3,23.58,50.72,129.79,558.01,406.97,833.78,608.79,538.58,2,Low Activity,597.03,178.63189916697408,343.9,-428.22
3,23.73,50.31,128.8,565.42,418.61,686.7,610.4219999999999,544.16,2,Low Activity,564.973,113.63447667558177,347.11,-436.61999999999995
1,19.41,56.77,142.94,562.69,426.71,697.37,655.34,564.53,2,Low Activity,585.9875,119.78533142668181,352.81500000000005,-419.75000000000006
2,16.33,45.75,74.64,607.44,528.13,769.01,731.74,667.41,0,Moderate Activity,674.0725,105.95953893664633,341.04,-532.8000000000001
3,24.13,51.19,153.99,563.1,396.14,665.27,591.37,518.65,2,Low Activity,542.8575,114.673900946699,358.545,-409.11
1,16.85,49.63,115.16,585.22,489.87,868.95,709.12,646.09,2,Moderate Activity,678.5075,156.88687184826313,350.19,-470.06000000000006
3,23.67,51.2,141.6,562.73,409.51,680.41,654.6279999999999,527.03,2,Low Activity,567.8945,125.08396508345903,352.165,-421.13
2,23.35,51.34,112.77,561.17,492.35,718.42,661.93,610.62,1,Moderate Activity,620.8299999999999,96.3057156490032,336.96999999999997,-448.4
3,23.93,50.33,142.8,569.94,406.21,678.46,608.26,540.09,2,Low Activity,558.255,116.04222119556314,356.37,-427.14000000000004
3,24.06,49.98,144.52,563.66,393.99,681.48,620.5260000000001,534.81,2,Low Activity,557.7015,124.62411600087682,354.09,-419.14
0,19.7,47.45,107.95,589.1,469.89,728.12,681.76,606.61,2,High Activity,621.595,112.85146594823954,348.52500000000003,-481.15000000000003
3,24.34,49.49,142.67,567.3,394.78,687.65,616.966,537.62,2,Moderate Activity,559.2539999999999,125.61307574187225,354.98499999999996,-424.63
1,17.86,53.52,128.57,588.22,502.8,733.59,682.44,612.0,1,Moderate Activity,632.7075,99.92557142693758,358.395,-459.65000000000003
3,24.36,49.17,136.02,563.5,389.21,679.45,607.51,529.83,2,Low Activity,551.5,124.25237167421261,349.76,-427.48
2,20.27,49.77,102.17,601.73,516.81,753.76,705.78,640.49,1,Moderate Activity,654.21,102.69155401816973,351.95,-499.56
3,25.0,49.58,140.11,557.6,397.48,671.57,593.09,528.44,3,Low Activity,547.6450000000001,115.96121894840535,348.855,-417.49
3,23.62,50.72,144.02,561.32,407.91,688.42,599.02,528.17,2,Low Activity,555.88,118.44953383895887,352.67,-417.30000000000007
3,23.58,50.9,141.83,554.77,406.51,868.63,627.178,547.06,2,Low Activity,612.3444999999999,193.6768765779746,348.3,-412.93999999999994
3,23.61,51.0,140.45,563.05,407.19,682.24,609.94,534.96,2,Low Activity,558.5825,117.48259683175775,351.75,-422.59999999999997
3,24.01,50.15,135.11,565.92,391.82,678.33,603.82,544.53,2,Low Activity,554.625,121.55993322911407,350.515,-430.80999999999995
2,18.59,46.68,72.28,582.12,541.66,763.95,549.55,666.65,0,Moderate Activity,630.4525,105.7688739264377,327.2,-509.84000000000003
3,24.46,49.1,137.14,561.21,402.71,678.69,606.18,542.75,2,Low Activity,557.5825,117.23798854609088,349.175,-424.07000000000005
3,24.31,49.27,139.94,557.96,393.74,668.32,611.09,526.58,2,Low Activity,549.9325,119.29972935845247,348.95000000000005,-418.02000000000004
3,24.01,50.03,140.27,561.75,382.07,679.33,597.7,525.32,2,Low Activity,546.105,126.16185649130777,351.01,-421.48
3,24.09,49.72,132.97,560.1,400.93,680.39,606.11,537.99,2,Low Activity,556.355,118.81981470557285,346.535,-427.13
3,24.82,52.39,118.09,553.42,481.44,706.87,661.4,585.23,2,Low Activity,608.735,98.59104506326457,335.755,-435.3299999999999
1,18.7,49.82,78.56,602.72,559.89,767.14,730.4,682.26,0,Low Activity,684.9224999999999,90.3108248864258,340.64,-524.1600000000001
3,23.12,51.73,134.69,560.25,346.5,672.12,600.17,530.34,2,Low Activity,537.2825,139.74041371414356,347.47,-425.56
3,22.99,52.07,144.64,560.79,341.73,667.61,595.308,531.19,2,Low Activity,533.9595,139.74494075875043,352.715,-416.15
2,17.96,47.35,77.84,616.32,504.77,752.42,738.142,631.75,1,Low Activity,656.7705000000001,114.74656898719603,347.08000000000004,-538.48
3,22.9,52.21,41.32,562.43,325.29,667.62,597.59,527.42,2,Low Activity,529.48,147.67016331450756,301.875,-521.1099999999999
3,22.91,51.97,138.94,559.78,329.04,618.6,599.34,526.77,2,Low Activity,518.4375,132.3109777191598,349.36,-420.84
1,19.98,53.99,104.25,562.04,485.94,739.06,675.79,609.08,1,Moderate Activity,627.4675,108.25291909074167,333.145,-457.78999999999996
3,23.77,50.57,147.0,571.08,403.29,678.49,858.06,546.21,2,Low Activity,621.5125,193.64286825235774,359.04,-424.08000000000004
0,22.6,52.42,18.64,557.85,341.45,677.69,595.37,526.41,3,Low Activity,535.23,143.22494196193625,288.245,-539.21
3,23.59,43.63,113.56,592.08,444.72,728.0,552.59,621.6,1,Moderate Activity,586.7275,119.03152170048625,352.82000000000005,-478.52000000000004
0,22.58,52.37,142.07,557.61,334.94,665.53,607.638,528.21,3,Low Activity,534.0795,144.200183036176,349.84000000000003,-415.54
2,16.51,47.21,83.46,607.66,533.65,758.48,726.33,664.35,0,Moderate Activity,670.7025,99.36976447424372,345.56,-524.1999999999999
0,19.17,50.73,116.09,598.01,456.51,723.32,698.63,622.76,1,Moderate Activity,625.3050000000001,120.39064872322935,357.05,-481.91999999999996
2,23.49,50.1,114.12,537.92,446.45,723.38,628.07,570.2,3,Low Activity,592.0250000000001,115.7897365918068,326.02,-423.79999999999995
0,22.05,53.48,145.44,561.36,315.99,668.26,611.36,530.11,2,Low Activity,531.4300000000001,154.4100491116646,353.4,-415.92
0,21.98,53.58,146.33,559.59,339.17,671.69,833.02,512.57,2,Low Activity,589.1125000000001,211.84893963624174,352.96000000000004,-413.26
0,21.99,53.46,144.06,557.23,329.8,669.77,605.04,515.78,2,Low Activity,530.0975,147.70337941857207,350.645,-413.17
0,21.79,53.88,178.74,560.43,326.8,666.51,604.68,527.59,2,Low Activity,531.395,147.76145922849207,369.585,-381.68999999999994
0,21.7,53.97,144.98,553.49,328.22,665.37,590.7479999999999,522.37,2,Low Activity,526.677,144.61969942807465,349.235,-408.51
1,19.95,57.83,131.32,549.4,466.68,716.91,474.55,597.92,1,Low Activity,564.015,118.32796020665049,340.36,-418.08
0,21.53,54.27,141.82,556.82,340.62,668.57,614.18,528.93,2,Low Activity,538.0749999999999,143.63498192756992,349.32000000000005,-415.00000000000006
0,21.54,54.03,145.63,560.08,340.43,672.65,609.47,530.51,2,Low Activity,538.265,144.13917753338262,352.855,-414.45000000000005
0,21.57,53.98,145.78,559.6,333.52,671.45,608.84,533.87,2,Low Activity,536.92,146.80107833391418,352.69,-413.82000000000005
1,19.04,51.29,111.74,605.55,470.79,742.68,698.81,637.79,1,Moderate Activity,637.5174999999999,119.18340974453335,358.645,-493.80999999999995
0,19.5,51.38,113.44,604.4,467.5,735.97,489.46,620.5,1,Moderate Activity,578.3575000000001,124.91309148764194,358.91999999999996,-490.96
0,21.37,54.44,146.93,560.97,331.14,669.11,616.14,536.13,2,Low Activity,538.13,148.42526806443706,353.95000000000005,-414.04
0,21.3,54.34,144.24,564.38,361.03,674.76,690.67,533.46,2,Low Activity,564.98,153.2304771686538,354.31,-420.14
0,21.32,54.35,139.7,558.33,337.64,673.12,614.58,536.67,2,Low Activity,540.5025,146.33609633875938,349.015,-418.63000000000005
0,21.27,54.19,143.42,578.93,349.62,683.7,625.31,539.67,2,Low Activity,549.575,145.83714307404682,361.17499999999995,-435.51
0,21.43,53.69,144.53,561.4,344.26,673.72,613.13,542.24,2,Low Activity,543.3375000000001,143.1824533884419,352.965,-416.87
3,23.28,47.75,105.94,558.45,461.15,883.74,688.68,631.89,1,High Activity,666.3649999999999,174.21401751868305,332.19500000000005,-452.51000000000005
0,21.12,54.36,145.92,560.19,343.39,865.73,625.4219999999999,532.33,2,Low Activity,591.718,217.111542674881,353.055,-414.2700000000001
0,21.27,54.02,144.92,554.61,349.91,683.57,617.45,542.09,2,Low Activity,548.255,144.31082599722032,349.765,-409.69000000000005
0,21.15,54.12,133.86,558.4,360.72,686.24,629.04,539.86,2,Low Activity,553.965,142.2152269156389,346.13,-424.53999999999996
0,19.78,52.08,141.37,579.06,451.63,728.56,638.22,598.61,1,Moderate Activity,604.255,115.37130044628371,360.215,-437.68999999999994
0,21.27,54.86,140.31,564.3,358.9,684.5,645.2,546.91,2,Low Activity,558.8775,145.3350245410009,352.30499999999995,-423.98999999999995
0,20.87,54.9,142.88,557.38,351.46,678.42,615.8,537.77,2,Low Activity,545.8625,141.79864277089067,350.13,-414.5
0,20.89,54.79,133.95,557.55,361.39,687.15,623.78,530.05,2,Low Activity,550.5925,141.68502776111055,345.75,-423.59999999999997
0,20.86,54.82,141.08,569.03,356.92,676.62,630.4220000000001,538.94,2,Low Activity,550.7255,141.3039597027156,355.055,-427.94999999999993
0,20.71,55.19,140.33,564.11,354.74,678.83,631.4,547.93,2,Low Activity,553.225,142.9595267899275,352.22,-423.78
0,20.71,55.14,137.74,558.8,362.81,835.4,614.26,544.32,2,Low Activity,589.1975,195.3706648697973,348.27,-421.05999999999995
0,17.28,48.91,113.98,587.14,492.7,742.66,691.72,641.82,2,Moderate Activity,642.225,107.84994807601902,350.56,-473.15999999999997
3,24.45,47.89,107.35,548.23,448.73,622.3,695.35,631.16,1,Low Activity,599.385,105.57928789934763,327.79,-440.88
0,20.76,54.95,135.15,565.77,358.11,692.67,619.31,541.43,2,Low Activity,552.88,143.78298972177942,350.46,-430.62
3,24.0,49.73,109.11,578.93,440.94,725.65,679.37,618.29,1,Low Activity,616.0625,124.75323840152073,344.02,-469.81999999999994
1,17.14,50.76,72.0,604.55,557.67,773.86,742.73,685.89,1,Moderate Activity,690.0375,95.46564456214954,338.275,-532.55
0,20.61,55.24,142.6,563.04,347.41,685.32,634.85,532.03,2,Low Activity,549.9024999999999,149.30574433579798,352.82,-420.43999999999994
0,20.57,55.33,139.36,562.38,380.93,677.24,623.83,544.22,2,Low Activity,556.5550000000001,129.2118256971861,350.87,-423.02
0,20.52,55.45,139.5,560.75,378.7,686.19,646.2700000000001,549.52,2,Low Activity,565.1700000000001,136.91729109210425,350.125,-421.25
0,20.4,55.64,137.45,559.26,367.45,688.38,648.178,556.36,2,Low Activity,565.092,142.87736271362235,348.355,-421.81
1,19.47,56.77,114.93,578.93,474.8,739.79,485.79,620.55,2,Low Activity,580.2325,125.32556865354063,346.92999999999995,-463.99999999999994
0,20.44,55.57,141.57,567.05,379.48,844.18,628.41,552.97,2,Low Activity,601.26,192.58378384485022,354.30999999999995,-425.47999999999996
0,20.44,55.48,133.55,561.77,376.14,692.11,633.13,545.31,2,Low Activity,561.6725,137.61075015540516,347.65999999999997,-428.21999999999997
0,20.4,55.47,138.5,560.5,361.32,694.12,598.5219999999999,549.81,2,Low Activity,550.943,139.90661217159584,349.5,-422.0
0,20.4,55.49,136.41,559.37,371.69,683.04,641.01,552.48,2,Low Activity,562.0550000000001,138.08424493764664,347.89,-422.96000000000004
0,21.92,49.24,104.81,559.64,428.0,704.83,650.19,572.86,2,Low Activity,588.97,120.19747778829085,332.225,-454.83
1,18.01,51.23,122.28,578.56,491.93,591.58,695.9,628.94,1,Moderate Activity,602.0875,85.18005297603423,350.41999999999996,-456.28
0,20.27,55.8,137.06,563.0,371.34,696.34,635.77,557.45,2,Low Activity,565.225,141.20857398425449,350.03,-425.94
0,20.3,55.62,137.72,563.19,370.45,863.53,638.29,545.23,2,Low Activity,604.375,205.37005453570876,350.45500000000004,-425.47
0,20.17,55.92,135.36,559.59,382.93,693.59,642.894,562.05,2,Low Activity,570.366,136.19333673372816,347.475,-424.23
0,20.3,55.5,142.41,561.47,371.59,692.59,632.29,555.53,2,Low Activity,563.0,139.3894558422552,351.94,-419.06000000000006
1,20.23,55.54,133.33,555.96,376.38,873.02,641.55,564.22,2,Low Activity,613.7925,205.5816978518921,344.64500000000004,-422.63
1,20.14,55.78,136.78,578.93,378.54,689.43,642.4179999999999,544.79,2,Low Activity,563.7945,137.4121954837585,357.85499999999996,-442.15
2,16.39,47.12,90.5,578.93,562.38,787.61,751.0139999999999,695.65,1,High Activity,699.1635,98.71394407917589,334.715,-488.42999999999995
1,20.12,55.64,141.83,558.51,381.82,694.1,648.062,568.32,2,Moderate Activity,573.0755,137.68464673908514,350.17,-416.67999999999995
1,20.04,55.95,135.48,566.21,380.51,603.17,634.56,558.18,2,Low Activity,544.1049999999999,113.4786483587698,350.845,-430.73
1,20.08,55.82,136.39,560.02,374.28,689.28,642.568,556.51,2,Low Activity,565.6595,138.93256369308577,348.205,-423.63
1,20.06,55.73,141.16,560.11,384.58,691.57,644.588,564.62,2,Low Activity,571.3395,135.08636546422196,350.635,-418.95000000000005
1,20.04,55.82,142.61,565.17,383.3,696.68,642.16,567.16,2,Low Activity,572.3249999999999,136.745775193727,353.89,-422.55999999999995
1,20.12,55.48,136.06,560.34,382.14,697.28,644.75,569.26,2,Low Activity,573.3575000000001,137.88231319377647,348.20000000000005,-424.28000000000003
1,20.05,55.82,141.65,555.84,374.76,694.96,634.03,564.04,2,Low Activity,566.9475,138.84253752002664,348.745,-414.19000000000005
0,20.85,53.16,119.26,577.51,472.99,716.94,676.94,604.37,1,Low Activity,617.8100000000001,107.20164768634235,348.385,-458.25
1,20.06,55.67,141.19,564.5,397.63,557.84,658.31,572.08,2,Low Activity,546.465,108.69940217560227,352.845,-423.31
1,19.99,55.76,138.79,562.43,398.59,703.47,693.124,565.42,2,Low Activity,590.151,142.30468904431788,350.60999999999996,-423.64
1,19.93,55.91,142.42,562.74,387.38,698.88,655.63,568.68,2,Low Activity,577.6424999999999,137.91389448372004,352.58,-420.32000000000005
0,19.07,51.75,118.09,597.35,465.03,748.83,706.07,639.98,1,High Activity,639.9775000000001,124.93159871839205,357.72,-479.26
1,19.8,56.16,136.67,558.95,394.15,706.94,658.53,577.28,2,Low Activity,584.225,137.5462866335063,347.81,-422.2800000000001
1,19.83,56.0,138.93,566.99,407.44,703.0,637.5459999999999,563.36,2,Low Activity,577.8365,127.11630158638191,352.96000000000004,-428.06
1,19.78,56.16,138.3,561.84,416.78,704.95,658.22,571.37,2,Moderate Activity,587.83,126.75551348955204,350.07000000000005,-423.54
1,19.83,56.0,141.44,564.0,393.67,711.9,645.16,578.02,2,Low Activity,582.1875,137.0487556492214,352.72,-422.56
0,21.62,49.98,98.63,578.93,442.29,709.0,651.85,589.35,2,Low Activity,598.1225,114.80590733204164,338.78,-480.29999999999995
1,19.71,54.05,125.58,566.39,413.59,691.38,616.52,558.38,2,Low Activity,569.9675,117.60998125867835,345.985,-440.81
1,19.09,53.25,104.56,557.63,494.99,750.83,693.26,636.49,1,Low Activity,643.8925,109.69583777427475,331.095,-453.07
1,18.05,48.25,72.68,624.84,537.47,787.26,749.03,687.29,1,Moderate Activity,690.2625,109.87343912429426,348.76,-552.1600000000001
3,23.38,52.17,113.92,542.78,491.49,715.81,661.56,588.37,1,Low Activity,614.3075,97.11238931430596,328.34999999999997,-428.85999999999996
1,19.39,52.19,102.43,573.17,422.82,707.54,686.972,567.52,2,Low Activity,596.213,131.04619758950147,337.79999999999995,-470.73999999999995
1,19.44,51.83,105.08,574.12,440.59,717.23,665.654,583.98,2,Low Activity,601.8634999999999,120.70296680557057,339.6,-469.04
1,19.37,52.09,100.48,578.93,462.24,709.0,511.15,582.46,2,Moderate Activity,566.2125,107.22936643009695,339.705,-478.44999999999993
1,19.34,52.02,97.19,579.86,457.0,724.67,666.28,583.83,2,Moderate Activity,607.945,116.03681039509257,338.525,-482.67
1,19.45,51.65,101.22,579.23,445.49,869.96,660.4680000000001,582.43,2,Low Activity,639.587,177.43384057914847,340.225,-478.01
1,19.3,56.09,135.51,577.29,463.79,722.71,678.02,608.47,1,Moderate Activity,618.2475,113.19288033411524,356.4,-441.78
3,23.21,49.84,126.04,540.15,402.52,630.59,554.374,471.51,4,Low Activity,514.7485,99.086220816351,333.09499999999997,-414.10999999999996
0,18.16,52.59,116.34,597.84,477.58,755.36,718.5,672.23,1,Moderate Activity,655.9175,123.66047829305316,357.09000000000003,-481.5
1,19.45,55.15,114.76,564.67,469.9,719.02,718.9300000000001,606.49,1,Low Activity,628.585,118.33543636628889,339.715,-449.90999999999997
1,19.89,52.34,94.38,578.44,428.17,712.48,656.55,592.25,1,Low Activity,597.3625,123.02769156440621,336.41,-484.06000000000006
3,21.83,51.15,107.94,594.71,465.23,722.2,678.49,600.99,1,Moderate Activity,616.7275,112.7507813350607,351.32500000000005,-486.77000000000004
1,20.47,51.44,103.21,575.7,415.19,711.95,649.5,564.68,1,Moderate Activity,585.33,128.48405270694104,339.45500000000004,-472.49000000000007
1,20.39,51.86,100.79,569.29,421.75,705.53,650.316,565.51,2,Low Activity,585.7764999999999,123.58758236840247,335.03999999999996,-468.49999999999994
1,20.63,51.52,109.3,576.13,429.1,711.14,646.03,569.71,2,Low Activity,588.995,121.2582842530769,342.715,-466.83
1,20.55,51.81,112.67,573.98,411.97,706.03,641.43,563.93,2,High Activity,580.8399999999999,126.68426526868544,343.325,-461.31
1,20.19,53.2,115.53,576.78,431.0,697.54,651.472,577.99,2,Low Activity,589.5005,116.57315368900336,346.155,-461.25
1,19.89,53.78,118.28,570.81,425.64,703.74,641.03,557.81,2,Low Activity,582.0550000000001,120.19257062453293,344.54499999999996,-452.53
1,19.66,54.15,113.72,571.31,419.49,709.94,653.12,568.58,2,Low Activity,587.7825,126.33625142847957,342.515,-457.5899999999999
0,21.28,46.58,108.21,592.17,378.05,703.19,624.88,532.95,2,Low Activity,559.7674999999999,139.702158507543,350.19,-483.96
0,22.17,52.7,124.5,553.46,430.08,690.58,629.67,560.02,3,Low Activity,577.5875,111.87339790286758,338.98,-428.96000000000004
1,19.66,53.04,100.63,574.06,457.76,722.8,653.3659999999999,578.7,1,Moderate Activity,603.1565,113.39286219011609,337.34499999999997,-473.42999999999995
1,19.6,53.11,93.68,577.37,459.11,722.95,656.74,601.38,1,Moderate Activity,610.045,112.22658404614599,335.525,-483.69
0,19.61,56.25,138.37,564.5,402.09,716.75,679.69,593.6,2,Moderate Activity,598.0325,140.44560331910242,351.435,-426.13
1,16.56,47.66,72.39,613.89,516.87,774.94,767.412,703.73,0,Moderate Activity,690.7379999999999,120.23276393174478,343.14,-541.5
1,19.38,53.72,101.63,574.44,464.07,724.09,697.962,602.6,1,Low Activity,622.1805,117.63036473490452,338.035,-472.81000000000006
2,19.25,50.92,106.68,600.39,497.77,762.77,726.51,670.3,0,Low Activity,664.3375,117.38066319316256,353.53499999999997,-493.71
1,19.44,53.55,101.94,579.72,425.25,725.78,669.88,582.96,1,Low Activity,600.9675,131.05724280506846,340.83000000000004,-477.78000000000003
1,17.51,42.44,65.0,620.93,607.11,878.22,763.12,706.91,0,Low Activity,738.8399999999999,113.1203203083631,342.965,-555.93
1,19.46,53.54,96.16,578.33,409.67,728.85,662.6,582.42,1,Moderate Activity,595.885,137.82587432457427,337.245,-482.1700000000001
2,19.6,53.21,92.71,585.54,422.47,725.64,661.41,568.73,1,Low Activity,594.5625,131.5713315721425,339.125,-492.83
2,19.56,53.17,93.04,580.02,419.94,716.89,661.4,576.17,1,Low Activity,593.6,129.43320619789446,336.53,-486.97999999999996
2,19.37,53.59,91.16,586.4,419.05,725.61,684.97,580.34,1,Moderate Activity,602.4925000000001,136.75079631090514,338.78,-495.24
1,19.79,52.77,125.08,566.91,404.24,713.74,673.02,589.69,2,Low Activity,595.1725,137.36055071113637,345.995,-441.83
2,19.55,52.83,93.25,582.47,466.76,732.63,676.6,602.46,1,Moderate Activity,619.6125,115.00525419156583,337.86,-489.22
2,19.48,53.03,88.3,581.05,467.01,733.88,682.96,605.01,1,Moderate Activity,622.2149999999999,116.252069945729,334.67499999999995,-492.74999999999994
2,19.46,53.21,86.6,580.42,478.09,602.56,667.28,612.09,1,Moderate Activity,590.005,79.87859141639058,333.51,-493.81999999999994
2,19.51,53.11,96.33,582.02,471.61,726.22,888.29,600.05,1,High Activity,671.5425,178.00120774403,339.175,-485.69
2,19.51,53.08,91.06,578.64,461.67,738.87,734.6719999999999,610.57,1,Moderate Activity,636.4455,130.8373550163204,334.85,-487.58
2,19.6,52.77,91.4,578.93,466.24,723.64,673.22,621.54,1,Low Activity,621.1600000000001,111.37436090351613,335.16499999999996,-487.53
2,19.4,53.32,89.3,578.93,459.98,732.78,691.404,622.47,1,Moderate Activity,626.6585,120.07361412483591,334.11499999999995,-489.62999999999994
2,22.18,41.76,77.3,612.36,531.59,762.45,691.154,660.88,0,Low Activity,661.5185,96.51813879093746,344.83,-535.0600000000001
1,18.99,56.15,132.06,566.15,438.64,722.74,664.29,588.94,2,Low Activity,603.6525,122.88791895463117,349.105,-434.09
1,17.58,55.28,128.8,582.62,507.97,730.13,673.68,610.22,1,Moderate Activity,630.5,95.24622232228775,355.71000000000004,-453.82
2,23.72,49.54,112.23,556.97,439.39,729.26,685.4639999999999,613.97,1,Low Activity,617.021,127.5984823995437,334.6,-444.74
2,18.09,54.41,109.52,556.64,480.71,706.53,634.43,569.49,1,Low Activity,597.79,96.04772008399435,333.08,-447.12
2,19.28,53.77,88.92,583.67,460.27,726.11,680.28,606.06,1,High Activity,618.1800000000001,116.31531484145444,336.29499999999996,-494.74999999999994
2,19.27,53.84,97.5,577.89,462.79,732.51,683.04,617.34,1,Low Activity,623.92,117.3216885320016,337.695,-480.39
2,19.27,53.82,91.96,584.5,472.0,725.25,673.19,609.52,1,Moderate Activity,619.99,109.42359373858395,338.23,-492.54
2,19.31,53.7,181.38,581.14,463.98,621.28,682.33,614.88,1,Low Activity,595.6175000000001,92.8746410939678,381.26,-399.76
2,19.19,54.02,82.07,582.74,467.68,725.95,678.22,616.93,1,High Activity,622.195,112.25938134516868,332.405,-500.67
0,20.11,54.41,122.31,550.69,480.91,679.28,616.654,555.41,3,Low Activity,583.0635,84.82529140729982,336.5,-428.38000000000005
2,19.17,53.98,95.68,580.27,467.8,735.24,686.39,603.11,1,Moderate Activity,623.135,117.04513217843221,337.975,-484.59
2,19.1,54.19,93.73,580.39,459.29,723.26,681.79,608.22,1,Moderate Activity,618.14,116.09373482951895,337.06,-486.65999999999997
1,19.93,59.02,130.01,548.31,474.27,727.08,683.86,621.49,1,Low Activity,626.675,110.46184333666235,339.15999999999997,-418.29999999999995
2,19.19,53.96,91.31,585.96,468.57,729.75,687.23,604.97,1,Moderate Activity,622.63,115.02784242666353,338.635,-494.65000000000003
2,19.21,53.95,85.77,587.29,456.91,732.27,677.27,612.31,1,Low Activity,619.69,119.0819124244596,336.53,-501.52
2,19.23,53.93,90.44,578.93,458.14,587.02,689.12,613.45,1,Moderate Activity,586.9324999999999,96.1474192321354,334.68499999999995,-488.48999999999995
2,19.25,53.77,90.76,583.44,470.97,723.75,678.19,623.79,1,Low Activity,624.175,110.00715294925143,337.1,-492.68000000000006
2,19.29,53.75,88.37,581.89,459.4,731.71,688.68,622.78,1,Moderate Activity,625.6424999999999,119.53912006117497,335.13,-493.52
2,19.33,53.62,89.46,581.82,462.07,726.43,682.79,621.07,1,High Activity,623.09,115.72203247437368,335.64000000000004,-492.36000000000007
2,19.2,53.99,88.39,579.99,453.2,717.46,695.53,628.72,1,Moderate Activity,623.7275,119.78582814757345,334.19,-491.6
0,19.55,54.69,103.52,600.32,475.46,733.33,690.07,637.95,1,Moderate Activity,634.2025000000001,112.78395848553409,351.92,-496.80000000000007
2,19.28,53.74,85.39,590.53,472.59,722.16,689.87,621.02,1,High Activity,626.41,110.88263855686937,337.96,-505.14
2,24.3,44.1,91.38,610.8,488.57,745.26,705.16,642.69,1,High Activity,645.42,112.76268383940966,351.09,-519.42
2,19.07,54.38,88.46,582.04,453.63,732.76,675.82,611.73,1,Moderate Activity,618.485,120.511242767359,335.25,-493.58
3,23.83,51.28,120.59,564.64,480.4,706.4,642.25,578.4,2,Low Activity,601.8625,96.37231081418909,342.615,-444.04999999999995
2,19.01,54.47,78.57,584.71,462.39,735.92,683.7,621.89,1,High Activity,625.975,118.598507719673,331.64,-506.14000000000004
2,19.06,54.37,89.81,583.53,467.49,730.26,685.58,603.77,1,Moderate Activity,621.775,115.42402190763123,336.66999999999996,-493.71999999999997
2,19.09,54.3,86.54,581.44,470.7,729.79,692.57,609.29,1,Low Activity,625.5875,114.89206888060927,333.99,-494.90000000000003
2,19.2,54.09,85.39,584.82,439.33,832.7,678.828,606.44,1,High Activity,639.3245,163.33381042413316,335.105,-499.43000000000006
1,20.04,59.02,130.21,550.38,484.11,723.84,678.73,621.1,1,High Activity,626.945,104.09343319025142,340.295,-420.16999999999996
2,19.16,54.11,92.78,585.13,452.94,728.27,679.89,627.61,1,Moderate Activity,622.1775,120.0794107733156,338.955,-492.35
2,19.18,54.13,85.44,583.18,459.91,728.24,682.81,607.44,1,Moderate Activity,619.6,117.5399441324806,334.30999999999995,-497.73999999999995
2,19.24,53.95,80.83,586.34,454.33,734.05,684.63,614.33,1,High Activity,621.8349999999999,121.99681457590056,333.58500000000004,-505.51000000000005
2,19.17,54.1,86.24,582.06,441.1,724.63,682.98,613.74,1,Moderate Activity,615.6125,125.00841874983195,334.15,-495.81999999999994
2,19.08,54.21,86.38,577.73,443.63,816.61,682.32,621.82,1,Moderate Activity,641.095,154.77830134313618,332.055,-491.35
2,19.06,54.06,84.82,584.16,439.91,629.81,688.04,613.41,1,High Activity,592.7925,106.8340171714983,334.49,-499.34
2,18.95,54.41,85.0,578.93,457.99,728.16,682.898,623.19,1,Moderate Activity,623.0595000000001,118.14499290137802,331.965,-493.92999999999995
1,18.66,56.55,128.61,572.95,459.86,713.19,831.36,612.51,2,Low Activity,654.23,157.4500701809942,350.78000000000003,-444.34000000000003
2,18.91,54.25,79.24,578.31,465.39,730.63,700.45,628.19,1,Moderate Activity,631.165,118.58035067694254,328.775,-499.06999999999994
0,21.39,57.04,136.12,557.02,425.68,698.18,641.01,579.44,2,Low Activity,586.0775,117.41090874218911,346.57,-420.9
3,19.04,53.53,85.69,590.18,462.19,732.39,680.1499999999999,615.81,1,Low Activity,622.635,117.10865880312464,337.93499999999995,-504.48999999999995
3,19.13,53.16,81.44,585.84,425.74,731.3,699.78,610.53,1,Moderate Activity,616.8375,137.28214411082988,333.64,-504.40000000000003
1,18.31,52.82,73.61,572.69,604.09,765.78,740.004,682.9,0,Low Activity,698.1935,71.65987428354401,323.15000000000003,-499.08000000000004
3,19.02,53.44,83.8,584.59,452.14,737.34,754.64,628.67,1,Moderate Activity,643.1975,139.0398715896511,334.195,-500.79
3,24.48,42.86,120.58,587.71,447.37,726.15,669.97,620.7,1,Moderate Activity,616.0475,120.42140074892556,354.14500000000004,-467.13000000000005
3,18.99,53.61,81.76,584.83,440.35,737.82,693.31,607.22,1,Low Activity,619.675,131.26682355670326,333.295,-503.07000000000005
3,18.91,53.59,76.51,579.66,429.81,746.7,866.65,621.47,1,Moderate Activity,666.1575,186.67391379533098,328.085,-503.15
3,18.87,53.49,89.71,586.75,444.71,748.24,699.03,607.14,1,Moderate Activity,624.78,133.5312804801432,338.23,-497.04
2,22.25,52.52,141.67,554.09,438.17,711.39,672.382,603.81,1,Low Activity,606.438,120.67112282011243,347.88,-412.4200000000001
3,18.95,53.35,85.47,584.58,460.02,745.43,647.866,616.58,1,High Activity,617.4739999999999,118.44685580743231,335.02500000000003,-499.11
0,22.82,52.09,137.01,559.14,330.9,671.01,601.65,530.95,2,Low Activity,533.6275,146.74992342417082,348.075,-422.13
1,18.68,56.95,118.84,599.31,495.88,740.59,695.15,632.17,1,Moderate Activity,640.9475,106.439596133206,359.075,-480.4699999999999
3,18.92,53.35,85.77,589.85,437.17,577.39,701.95,613.7,1,High Activity,582.5525,110.1342400209853,337.81,-504.08000000000004
3,18.85,53.48,93.15,581.18,456.08,746.46,699.67,627.53,1,High Activity,632.435,127.34126183867768,337.16499999999996,-488.03
2,19.35,51.33,104.82,559.87,511.24,741.83,705.264,644.29,1,High Activity,650.6560000000001,101.27862385847602,332.345,-455.05
3,20.27,50.99,94.92,582.42,465.17,893.2,726.0719999999999,636.36,1,Moderate Activity,680.2005,178.54325982144124,338.66999999999996,-487.49999999999994
3,19.95,54.5,26.96,568.17,459.54,728.48,679.64,610.48,2,Moderate Activity,619.535,117.13527379345072,297.565,-541.2099999999999
3,20.47,53.51,137.06,561.65,494.77,734.77,689.92,617.43,2,Moderate Activity,634.2225,104.78708424705785,349.355,-424.59
1,19.04,55.85,114.47,555.31,498.21,716.16,668.314,587.08,2,Low Activity,617.4409999999999,95.69278059150194,334.89,-440.8399999999999
0,20.68,52.79,96.22,599.5,440.17,723.31,682.85,587.47,1,High Activity,608.45,125.8126893441198,347.86,-503.28
2,21.54,48.96,167.39,577.17,403.38,712.05,666.19,583.96,1,Moderate Activity,591.395,136.0843372079731,372.28,-409.78
2,17.64,54.59,120.66,592.24,521.15,765.69,722.52,652.45,2,Moderate Activity,665.4525000000001,106.92136125053155,356.45,-471.58000000000004
0,22.24,52.63,109.29,546.67,485.95,712.79,662.726,588.09,1,Low Activity,612.389,98.64318947938912,327.97999999999996,-437.37999999999994
3,21.66,52.29,102.69,574.95,485.33,730.54,698.17,625.56,1,Moderate Activity,634.9,108.94727012030482,338.82000000000005,-472.26000000000005
3,21.77,52.02,103.14,574.06,488.21,733.06,696.81,628.31,1,Moderate Activity,636.5975,108.04025773602478,338.59999999999997,-470.91999999999996
2,22.01,47.84,113.68,597.93,500.55,736.78,736.052,630.95,1,Low Activity,651.0830000000001,111.9958757395408,355.80499999999995,-484.24999999999994
3,21.87,52.01,105.13,571.51,471.22,729.45,693.83,619.27,1,Low Activity,628.4425,114.42769110519825,338.32,-466.38
3,21.99,51.77,102.06,582.12,480.36,732.99,818.46,612.64,1,High Activity,661.1125,147.13447395155225,342.09000000000003,-480.06
3,22.04,51.75,102.44,572.72,486.84,729.94,687.392,617.51,1,Low Activity,630.4205,106.35149847400683,337.58000000000004,-470.28000000000003
3,22.19,51.5,102.2,578.93,472.52,730.61,688.01,623.25,1,Moderate Activity,628.5975000000001,113.02680666549863,340.565,-476.72999999999996
3,22.43,51.2,105.53,573.04,475.84,729.5,691.812,617.33,1,High Activity,628.6205,112.01070746882493,339.28499999999997,-467.51
2,17.61,47.27,100.36,597.95,369.36,742.0,691.43,636.78,2,Moderate Activity,609.8924999999999,166.01162276077739,349.15500000000003,-497.59000000000003
1,17.38,52.78,91.08,578.93,529.93,765.92,726.92,665.17,1,Moderate Activity,671.985,103.38875777053003,335.005,-487.84999999999997
3,22.67,50.98,105.18,571.92,474.69,710.52,681.32,607.71,1,Low Activity,618.5600000000001,105.21685321278147,338.54999999999995,-466.73999999999995
3,23.36,49.52,105.65,575.77,462.13,719.95,675.14,601.86,1,Low Activity,614.77,112.80219708262189,340.71,-470.12
3,23.03,50.1,113.52,571.79,468.06,607.09,673.88,599.0,1,Low Activity,587.0075,86.10548932365849,342.655,-458.27
3,22.88,50.58,105.92,568.92,461.64,727.9,675.42,613.19,1,Moderate Activity,619.5375,115.23482759854619,337.41999999999996,-462.99999999999994
3,22.82,50.88,108.77,568.2,464.33,726.39,683.824,618.7,1,High Activity,623.3109999999999,114.867058074396,338.485,-459.43000000000006
0,19.12,51.35,107.54,597.37,471.1,732.43,694.62,642.17,1,High Activity,635.08,115.41482082759849,352.455,-489.83
3,22.95,50.92,109.24,572.13,466.18,727.85,682.44,617.17,1,Moderate Activity,623.41,114.24019286865139,340.685,-462.89
3,23.13,50.64,113.26,565.27,465.6,717.13,680.66,617.6,1,Low Activity,620.2475,110.99361464366616,339.265,-452.01
3,24.9,47.72,114.75,575.34,440.07,719.12,677.37,601.81,1,Low Activity,609.5925,123.00204344508536,345.045,-460.59000000000003
3,24.04,48.7,111.33,567.68,457.56,718.76,679.118,605.07,1,Low Activity,615.1270000000001,115.12768202883846,339.505,-456.34999999999997
3,23.38,50.13,116.09,574.07,451.47,719.5,796.99,616.18,1,Low Activity,646.035,149.36686212142237,345.08000000000004,-457.98
3,23.34,50.1,109.1,574.68,452.17,716.99,678.54,613.51,1,Low Activity,615.3025,116.83999696878918,341.89,-465.5799999999999
3,23.23,50.26,108.21,568.45,478.39,712.5,709.124,597.62,1,Moderate Activity,624.4085,111.01929920363699,338.33000000000004,-460.24000000000007
3,24.95,46.98,112.58,572.82,406.05,708.31,799.3,591.33,2,Low Activity,626.2475,169.69344170690076,342.70000000000005,-460.24000000000007
2,18.27,53.51,99.61,599.33,499.52,748.38,715.03,649.09,1,Moderate Activity,653.005,110.32748781091078,349.47,-499.72
3,23.05,50.45,108.48,569.02,454.06,700.79,667.23,598.24,2,Low Activity,605.0799999999999,109.35698819310389,338.75,-460.53999999999996
2,24.79,43.82,93.31,604.64,473.9,745.26,707.53,636.22,1,Moderate Activity,640.7275,120.05741664581437,348.975,-511.33
3,23.04,50.34,111.67,573.74,439.32,695.77,667.06,581.68,2,Low Activity,595.9575,115.11914708249013,342.705,-462.07
3,23.03,50.36,113.27,577.15,437.24,700.43,651.82,575.85,2,Low Activity,591.335,114.81174228565065,345.21,-463.88
2,23.77,51.26,155.96,566.78,364.6,689.81,652.16,563.62,2,Low Activity,567.5474999999999,145.270445577665,361.37,-410.81999999999994
3,22.93,50.59,113.76,569.55,432.6,703.74,656.05,587.97,2,Low Activity,595.09,118.28586644227617,341.655,-455.78999999999996
3,23.23,49.66,115.98,567.13,428.99,698.18,651.99,581.02,2,Low Activity,590.0450000000001,117.68676631918588,341.555,-451.15
3,23.29,49.74,112.16,567.51,426.5,697.63,661.02,585.69,2,Low Activity,592.71,120.20746926321453,339.835,-455.35
3,22.85,50.77,113.27,566.91,434.99,702.32,648.5,580.07,3,Low Activity,591.47,115.69513645784771,340.09,-453.64
3,22.57,50.99,116.46,566.8,422.53,838.3,641.704,576.33,3,Low Activity,619.716,172.26636428508033,341.63,-450.34
0,22.52,51.28,115.8,569.53,419.01,702.81,648.21,583.84,3,Moderate Activity,588.4675,122.99137053061892,342.66499999999996,-453.72999999999996
3,18.87,53.49,89.71,586.75,444.71,748.24,692.066,607.14,1,Moderate Activity,623.039,132.28004078721278,338.23,-497.04
0,19.23,56.58,106.69,598.46,455.62,727.93,661.41,593.03,1,Low Activity,609.4975,116.43399886487909,352.57500000000005,-491.77000000000004
0,21.58,53.45,114.8,543.39,493.54,720.48,654.46,597.19,1,Low Activity,616.4175,96.16793033542939,329.09499999999997,-428.59
0,21.58,53.49,115.41,569.76,405.86,697.57,645.5240000000001,570.65,3,Low Activity,579.9010000000001,127.18519616684956,342.585,-454.35
0,21.38,53.73,112.55,571.0,417.17,691.1,643.41,569.7,3,Low Activity,580.345,119.69859495137499,341.775,-458.45
0,17.34,53.57,123.95,586.38,519.1,621.83,718.934,665.59,0,Low Activity,631.3635,84.72313109377704,355.165,-462.43
0,21.46,53.69,123.87,567.55,400.79,694.19,641.7,569.08,3,Low Activity,576.44,127.84237977551369,345.71,-443.67999999999995
0,21.18,54.39,117.74,567.68,394.1,689.64,639.9,575.33,3,Low Activity,574.7425,129.2013845062557,342.71,-449.93999999999994
0,21.04,54.34,117.12,565.03,396.23,689.12,643.53,574.68,3,Low Activity,575.89,128.67968267497915,341.075,-447.90999999999997
0,21.47,50.33,104.05,561.94,428.14,704.77,648.484,571.62,2,Low Activity,588.2534999999999,119.88440836489123,332.995,-457.89000000000004
0,21.2,53.74,118.51,565.77,408.27,692.76,642.37,566.15,3,Low Activity,577.3875,124.17802982680418,342.14,-447.26
0,21.23,53.65,118.34,569.91,385.55,687.81,646.05,562.99,3,Low Activity,570.5999999999999,133.83111397080523,344.125,-451.56999999999994
3,24.4,42.96,108.95,600.54,410.55,724.54,698.22,613.2,2,Moderate Activity,611.6275,142.222979243862,354.745,-491.59
0,20.56,55.62,120.69,563.43,372.85,687.98,636.14,553.26,3,Low Activity,562.5574999999999,138.10692340236483,342.05999999999995,-442.73999999999995
3,21.95,45.16,122.22,578.58,492.77,719.51,669.35,604.71,2,Moderate Activity,621.585,97.89257837037496,350.40000000000003,-456.36
0,22.82,53.12,113.88,546.94,470.6,691.31,628.75,564.82,1,Low Activity,588.87,94.25243303667723,330.41,-433.06000000000006
0,19.01,52.83,123.8,589.79,488.21,718.67,648.8779999999999,592.7,1,High Activity,612.1144999999999,97.35652253958126,356.79499999999996,-465.98999999999995
3,23.28,49.69,97.86,556.65,465.4,736.56,713.066,623.93,1,Moderate Activity,634.739,122.87550118175172,327.255,-458.78999999999996
0,20.62,55.01,122.14,567.41,376.39,693.69,639.53,557.07,2,High Activity,566.67,138.73391606477009,344.775,-445.27
2,19.12,54.14,90.14,575.12,456.65,733.89,683.32,617.74,1,Moderate Activity,622.9000000000001,120.60271500537071,332.63,-484.98
0,20.43,55.4,122.34,566.25,365.07,683.91,654.614,557.02,2,Low Activity,565.1535,143.99750940785978,344.295,-443.90999999999997
2,18.1,54.44,104.09,595.0,519.02,755.55,706.11,666.86,1,Moderate Activity,661.885,101.92177016385328,349.545,-490.90999999999997
2,19.88,58.31,115.45,551.51,459.6,704.94,648.2,592.11,1,Low Activity,601.2125,105.04629943505866,333.48,-436.06
2,17.36,47.69,67.71,618.43,545.66,771.65,736.6,676.54,0,Moderate Activity,682.6125,99.39012203601189,343.07,-550.7199999999999
2,22.35,50.78,110.7,564.09,487.04,711.28,629.79,577.34,2,Low Activity,601.3625,94.05086225902802,337.39500000000004,-453.39000000000004
0,20.05,56.34,179.62,562.62,383.91,683.94,642.1659999999999,565.27,2,Low Activity,568.8215,132.71091478221877,371.12,-383.0
0,20.07,56.24,124.69,562.23,375.5,693.12,642.46,548.8,2,Moderate Activity,564.97,139.74676191835954,343.46000000000004,-437.54
0,20.03,56.39,132.14,560.96,380.27,691.23,648.11,557.09,2,Low Activity,569.1750000000001,137.79127149424235,346.55,-428.82000000000005
0,20.11,56.19,134.62,578.93,376.32,696.69,641.08,560.02,2,Low Activity,568.5275,139.8875647022756,356.775,-444.30999999999995
3,23.19,54.73,125.65,547.46,432.86,692.48,603.1740000000001,570.38,2,Low Activity,574.7235000000001,107.73446193767342,336.555,-421.81000000000006
1,18.63,54.99,114.8,579.88,483.81,735.37,682.72,630.31,1,Moderate Activity,633.0525,108.34601434755227,347.34,-465.08
1,19.51,53.69,120.83,577.04,478.91,741.76,727.3299999999999,638.64,1,High Activity,646.66,120.76981107324238,348.935,-456.21
0,19.97,56.11,124.64,562.5,361.69,699.87,637.22,554.05,2,Moderate Activity,563.2075,147.02341273302926,343.57,-437.86
1,18.45,54.12,128.1,593.23,470.43,745.64,714.1,638.05,1,High Activity,642.0550000000001,123.00611759854331,360.665,-465.13
0,19.91,56.37,123.23,565.53,370.05,690.95,649.5579999999999,576.72,2,Low Activity,571.8195000000001,142.56027548958602,344.38,-442.29999999999995
2,16.84,41.34,69.18,606.04,498.84,786.33,757.99,680.63,0,Moderate Activity,680.9475,129.36287524505116,337.61,-536.8599999999999
0,19.84,56.64,129.4,559.05,383.86,693.86,644.85,564.89,2,Low Activity,571.865,136.14223065113435,344.22499999999997,-429.65
0,19.83,56.55,133.41,562.48,386.74,690.81,653.22,568.57,2,Low Activity,574.835,135.41711868642506,347.945,-429.07000000000005
0,19.76,56.69,125.6,555.84,400.0,692.2,654.78,566.03,2,Low Activity,578.2525,130.0818130703392,340.72,-430.24
0,19.71,56.81,129.13,566.39,385.48,693.16,638.11,565.57,2,Low Activity,570.58,134.0065513323882,347.76,-437.26
1,19.57,58.11,135.89,540.17,512.65,712.66,661.14,587.64,2,High Activity,618.5224999999999,87.25601273455791,338.03,-404.28
1,17.58,53.32,115.32,592.24,487.69,750.13,713.07,646.81,1,Moderate Activity,649.425,115.9845269852837,353.78,-476.92
1,17.84,46.8,56.78,570.48,603.41,786.82,755.62,704.91,0,Low Activity,712.6899999999999,80.29298142843291,313.63,-513.7
1,16.49,47.02,70.85,617.59,545.36,773.58,751.58,706.87,0,Moderate Activity,694.3475,103.1300736529683,344.22,-546.74
0,19.59,57.03,131.41,556.17,381.79,696.79,651.53,569.65,2,Low Activity,574.9399999999999,139.10230911095616,343.78999999999996,-424.76
0,19.55,57.16,130.2,566.31,388.12,696.19,644.57,564.6,2,Low Activity,573.37,134.8439441230739,348.255,-436.10999999999996
1,17.21,50.66,110.95,587.26,496.94,742.55,741.6480000000001,635.22,1,Moderate Activity,654.0895,116.25227505013973,349.105,-476.31
0,19.66,56.78,127.33,566.09,409.83,689.67,655.99,574.02,2,Low Activity,582.3775,124.86388358929094,346.71000000000004,-438.76000000000005
1,18.82,50.39,103.49,579.81,487.17,741.66,695.934,622.72,2,Moderate Activity,636.871,111.17525607796006,341.65,-476.31999999999994
0,19.67,56.88,128.31,560.89,383.49,686.47,651.39,570.0,2,Low Activity,572.8375,135.3309123038783,344.6,-432.58
0,19.7,56.79,136.6,560.42,374.73,690.76,651.99,562.78,2,Low Activity,570.065,140.81645512273533,348.51,-423.81999999999994
3,22.17,55.36,107.58,549.87,451.33,693.83,651.01,582.75,2,Low Activity,594.73,105.98007485686482,328.725,-442.29
0,19.74,56.63,132.96,561.36,402.77,690.21,643.4,558.65,2,Low Activity,573.7575,126.32791229573932,347.16,-428.4
1,19.71,56.73,134.71,559.72,392.45,689.62,645.882,560.54,2,Low Activity,572.1229999999999,131.2281574307384,347.21500000000003,-425.01
1,19.1,52.93,94.96,594.8,489.67,740.32,700.43,634.69,0,High Activity,641.2775,110.05553791154718,344.88,-499.84
0,20.95,56.99,133.66,551.68,441.21,703.89,646.54,580.17,1,Low Activity,592.9525,113.08982812348776,342.66999999999996,-418.02
3,23.94,49.41,145.09,590.8,461.18,724.12,682.2760000000001,612.49,2,Low Activity,620.0165,115.46928305397935,367.945,-445.7099999999999
1,19.4,57.35,135.31,566.07,405.89,693.05,647.97,554.55,2,Moderate Activity,575.365,126.85462164751166,350.69000000000005,-430.76000000000005
1,19.48,57.01,136.19,563.37,403.32,898.89,657.3,575.44,2,Low Activity,633.7375,206.0354843831518,349.78,-427.18
2,20.03,50.59,100.73,571.07,472.64,611.84,694.35,635.35,1,Moderate Activity,603.545,93.91846126649793,335.90000000000003,-470.34000000000003
1,19.37,57.29,138.83,557.91,417.52,688.73,650.91,556.86,2,Low Activity,578.505,120.79833180415477,348.37,-419.0799999999999
2,19.43,53.18,88.88,572.11,501.43,742.0,744.3580000000001,633.43,1,Low Activity,655.3045,114.89486655634362,330.495,-483.23
1,19.43,57.07,138.4,560.97,419.26,691.36,636.14,564.92,2,Low Activity,577.92,117.75709122313329,349.685,-422.57000000000005
3,18.94,53.76,82.55,585.37,455.61,734.4,694.37,619.77,1,Moderate Activity,626.0375,123.14838782947992,333.96,-502.82
1,19.39,57.05,136.56,560.47,410.07,697.3,648.19,574.18,2,Low Activity,582.435,125.55945006251022,348.515,-423.91
3,22.53,44.16,112.18,589.76,427.76,739.77,668.906,624.93,1,Moderate Activity,615.3415,133.70410832256925,350.97,-477.58
0,19.16,52.83,120.16,588.22,487.53,719.14,689.26,603.31,1,Low Activity,624.81,103.85887829165112,354.19,-468.06000000000006
1,19.13,57.63,138.32,563.89,401.59,694.67,652.24,564.83,2,Low Activity,578.3325,129.63662197979912,351.105,-425.57
1,19.2,57.45,139.32,558.89,400.18,686.1,618.426,573.46,2,Low Activity,569.5415,122.03039319093149,349.105,-419.57
2,18.12,48.93,102.48,607.7,482.78,756.08,717.91,659.45,0,Low Activity,654.0550000000001,120.90050082609254,355.09000000000003,-505.22
3,22.26,49.65,31.02,563.31,445.51,733.89,510.26,615.61,1,Moderate Activity,576.3175,126.28959930123568,297.16499999999996,-532.29
1,19.6,55.96,141.02,563.27,420.94,698.0,646.21,571.37,2,Low Activity,584.13,120.57376303878608,352.145,-422.25
1,19.36,56.65,135.92,562.3,429.92,687.37,651.43,564.9,2,High Activity,583.405,114.50793582397101,349.10999999999996,-426.38
1,19.08,57.59,139.14,563.41,409.92,690.54,653.78,566.77,2,Low Activity,580.2525,124.85266553689057,351.275,-424.27
2,23.74,52.23,107.31,554.39,481.3,710.26,707.1959999999999,606.96,1,Low Activity,626.429,108.00063804132515,330.85,-447.08
0,20.18,49.11,112.9,597.9,456.76,725.68,702.14,617.55,1,Moderate Activity,625.5325,121.7184016148202,355.4,-485.0
1,19.01,57.66,142.57,561.39,405.19,693.67,652.24,573.82,2,Low Activity,581.23,127.44955001882116,351.98,-418.82
1,19.07,57.63,138.36,563.79,431.84,604.24,639.7180000000001,565.5,2,Low Activity,560.3245,90.86061031969064,351.075,-425.42999999999995
1,19.02,57.7,141.76,555.37,441.2,701.88,650.832,571.91,2,Low Activity,591.4554999999999,113.54570416503363,348.565,-413.61
2,23.08,51.24,102.37,551.28,477.16,715.7,660.91,609.12,1,Low Activity,615.7225,102.11198113672394,326.825,-448.90999999999997
2,22.86,48.74,113.87,580.69,446.33,717.5,825.2,598.29,2,Low Activity,646.8299999999999,162.6514549581405,347.28000000000003,-466.82000000000005
1,18.87,57.53,135.91,559.69,441.21,700.76,649.87,572.09,2,Low Activity,590.9825000000001,113.0008340308454,347.8,-423.7800000000001
1,18.89,57.39,133.14,564.06,431.24,705.53,653.32,587.55,2,Low Activity,594.4100000000001,119.00917471634978,348.59999999999997,-430.91999999999996
1,18.91,57.1,132.49,567.05,446.79,701.03,534.38,580.7,2,Low Activity,565.7249999999999,105.92408744001526,349.77,-434.55999999999995
1,18.89,57.11,129.43,565.2,455.43,695.94,664.3,592.83,2,Low Activity,602.125,106.884368829123,347.31500000000005,-435.77000000000004
1,18.94,57.07,126.92,562.76,436.25,705.42,652.73,583.31,2,Low Activity,594.4275,116.70795013622678,344.84,-435.84
1,19.02,56.99,124.66,568.65,446.2,699.72,663.74,587.05,2,Low Activity,599.1775,112.28876832375832,346.655,-443.99
1,16.73,51.41,118.21,582.38,511.0,750.89,706.11,652.83,1,Moderate Activity,655.2075,104.15959049298661,350.295,-464.17
0,19.25,51.33,116.28,596.66,479.6,735.12,702.06,639.02,1,High Activity,638.95,113.46654191140809,356.46999999999997,-480.38
1,19.07,56.14,77.18,580.88,471.45,840.84,696.6,600.34,1,High Activity,652.3075,155.9020905087549,329.03,-503.7
1,19.26,55.84,87.96,584.91,489.5,728.82,693.18,614.22,1,Low Activity,631.4300000000001,106.04744787122412,336.435,-496.95
1,19.26,55.56,90.51,584.63,493.7,729.49,696.47,632.56,1,Moderate Activity,638.0550000000001,104.30920780704518,337.57,-494.12
1,19.96,59.06,126.5,548.87,482.61,729.18,683.2940000000001,621.57,1,Low Activity,629.1635,107.18986411503654,337.685,-422.37
1,19.18,55.21,85.29,584.09,537.55,745.18,700.86,637.64,1,Moderate Activity,655.3075,90.05751102304941,334.69,-498.8
1,19.25,55.19,80.0,586.04,530.32,745.51,703.48,637.57,1,Low Activity,654.22,93.7884928975831,333.02,-506.03999999999996
3,25.3,46.87,114.78,581.6,464.58,712.03,674.61,608.35,1,Low Activity,614.8924999999999,108.99315830974591,348.19,-466.82000000000005
1,19.2,55.37,75.49,587.46,531.7,753.96,682.146,647.87,0,Low Activity,653.919,92.6985069495009,331.475,-511.97
3,24.05,50.74,124.69,570.87,486.81,697.91,632.1499999999999,560.88,2,Low Activity,594.4375,90.99189611351842,347.78,-446.18
1,19.74,53.83,128.66,575.45,472.0,740.07,707.13,632.21,1,Low Activity,637.8525000000001,119.42456318390565,352.055,-446.7900000000001
2,19.14,55.45,79.51,584.35,531.01,752.38,716.0840000000001,660.82,0,Moderate Activity,665.0735,96.98042817496737,331.93,-504.84000000000003
2,23.93,50.95,149.17,561.87,370.52,684.59,645.642,568.93,2,Low Activity,567.4205000000001,139.7848111479451,355.52,-412.70000000000005
2,19.08,55.61,70.88,596.87,513.44,753.35,709.78,628.83,0,Low Activity,651.35,105.42672558069259,333.875,-525.99
2,19.08,55.6,81.94,578.93,521.98,747.11,708.76,635.6,0,High Activity,653.3625000000001,99.05275442072941,330.43499999999995,-496.98999999999995
1,19.36,59.65,120.5,553.12,487.92,680.25,607.6220000000001,544.52,2,Moderate Activity,580.078,82.76587430416798,336.81,-432.62
2,18.98,55.93,74.42,586.92,497.73,750.34,707.74,631.86,0,Moderate Activity,646.9175,110.87414558107464,330.66999999999996,-512.5
2,19.05,55.63,77.17,586.2,510.97,751.15,706.56,639.74,0,Low Activity,652.105,104.6378524563012,331.685,-509.03000000000003
1,18.83,52.37,115.51,570.6,415.89,711.12,671.062,592.76,3,Low Activity,597.7080000000001,130.79928502353013,343.055,-455.09000000000003
0,21.2,54.04,100.9,604.62,418.74,701.23,626.68,554.11,2,Low Activity,575.19,120.35817462889672,352.76,-503.72
2,18.93,54.78,75.51,583.24,518.26,743.91,711.62,644.91,0,Low Activity,654.675,99.84993022865197,329.375,-507.73
2,24.67,44.49,97.77,604.07,485.65,735.76,693.72,621.81,1,Moderate Activity,634.2349999999999,109.66262459622848,350.92,-506.30000000000007
2,19.01,54.64,74.23,591.82,491.57,744.11,710.7,641.42,0,Moderate Activity,646.95,112.06791601524499,333.02500000000003,-517.59
0,21.23,52.67,124.45,570.77,376.93,685.54,642.04,557.23,3,Low Activity,565.435,136.4978560271186,347.61,-446.32
1,19.86,55.62,129.19,564.28,486.76,734.22,678.41,624.74,1,Moderate Activity,631.0325,106.06041906228104,346.735,-435.09
2,18.95,53.24,76.18,589.07,534.49,753.59,727.8,645.94,0,Moderate Activity,665.4549999999999,98.63627409156666,332.625,-512.8900000000001
3,23.62,45.59,117.47,588.8,488.08,728.72,687.6,612.51,1,Moderate Activity,629.2275,105.68537879795232,353.135,-471.3299999999999
2,19.05,53.04,74.69,583.52,529.75,754.0,635.168,650.58,0,Low Activity,642.3745,91.767449063743,329.105,-508.83
2,19.12,54.6,80.31,585.75,448.48,731.3,703.194,619.84,0,Low Activity,625.7035,127.27653356242328,333.03,-505.44
1,19.82,53.03,120.63,567.22,398.9,720.83,617.2819999999999,590.86,2,Low Activity,581.968,134.31640992819902,343.925,-446.59000000000003
2,20.54,44.26,75.58,564.04,496.13,760.25,715.8,643.11,1,Moderate Activity,653.8225,115.68593327770378,319.81,-488.46
2,20.1,54.07,94.52,582.79,503.49,601.12,690.12,642.05,1,Moderate Activity,609.1949999999999,79.30334019867426,338.655,-488.27
3,22.34,51.27,130.92,540.03,415.98,641.82,509.28,484.65,4,Moderate Activity,512.9325,94.5604136253644,335.47499999999997,-409.11
1,20.41,57.08,132.49,549.38,452.24,711.44,685.16,599.9,1,High Activity,612.1850000000001,116.77646723548372,340.935,-416.89
1,19.3,48.58,85.05,576.02,555.83,765.69,729.608,674.35,1,Low Activity,681.3694999999999,91.73574193119421,330.53499999999997,-490.96999999999997
3,23.5,51.99,107.08,550.71,437.19,695.7,650.98,592.22,2,Low Activity,594.0225,112.81570941879801,328.89500000000004,-443.63000000000005
0,20.4,56.39,105.23,601.52,458.23,728.54,684.6800000000001,601.69,3,Low Activity,618.2850000000001,118.96422165228222,353.375,-496.28999999999996
2,22.22,51.85,97.62,565.25,473.49,713.96,847.7,605.26,1,Moderate Activity,660.1025,159.08632591038952,331.435,-467.63
1,19.46,55.27,121.46,570.81,484.21,724.49,674.76,601.98,1,Moderate Activity,621.36,104.36005589624159,346.135,-449.34999999999997
3,21.79,48.17,133.05,584.93,483.86,703.71,669.28,565.72,1,Low Activity,605.6425,100.15279872108749,358.99,-451.87999999999994
2,22.0,52.64,98.34,574.08,471.56,713.53,668.694,611.79,1,Low Activity,616.3934999999999,105.14874680977735,336.21000000000004,-475.74
2,22.05,52.68,98.4,574.96,465.31,715.84,675.1,608.77,1,High Activity,616.255,109.87921322980067,336.68,-476.56000000000006
2,23.04,51.59,108.33,578.93,421.64,637.55,559.01,508.16,3,Low Activity,531.59,90.58577040573203,343.63,-470.59999999999997
2,22.26,52.38,98.76,574.45,463.08,714.15,668.24,614.35,1,Low Activity,614.955,109.15634185271448,336.605,-475.69000000000005
2,22.31,52.37,96.5,573.71,482.17,596.85,675.41,599.31,1,Moderate Activity,588.435,79.67847618188155,335.105,-477.21000000000004
0,20.22,52.33,137.55,588.85,422.8,725.77,660.1659999999999,585.61,1,High Activity,598.5865,130.43128539196414,363.20000000000005,-451.3
2,22.41,52.59,96.2,571.74,427.0,665.08,598.22,519.07,1,Moderate Activity,552.3425,102.68445269367706,333.97,-475.54
3,23.54,52.49,111.21,550.15,480.34,707.34,661.672,586.38,1,Low Activity,608.933,99.18020170040661,330.68,-438.94
1,19.72,53.99,119.58,578.05,481.0,722.77,688.95,636.99,1,Low Activity,632.4275,106.9387121595044,348.815,-458.46999999999997
1,18.51,53.31,102.41,578.93,490.68,716.51,667.18,589.92,2,Moderate Activity,616.0725,98.50025427209142,340.66999999999996,-476.52
0,20.42,55.91,129.32,562.78,476.28,571.24,670.51,591.55,1,Low Activity,577.395,79.86007450534967,346.04999999999995,-433.46
2,22.92,51.51,101.51,567.99,427.59,646.25,564.37,489.77,3,Low Activity,531.995,94.49109358382232,334.75,-466.48
0,21.47,52.47,105.41,544.2,489.73,726.65,799.84,587.54,1,Low Activity,650.94,138.93816154438397,324.805,-438.7900000000001
0,18.36,52.19,115.15,589.92,482.84,756.11,716.2,656.68,1,Low Activity,652.9575,120.5458043995449,352.53499999999997,-474.77
2,18.09,49.76,80.64,604.96,522.05,779.57,738.8820000000001,676.55,0,Moderate Activity,679.2629999999999,113.04749318759798,342.8,-524.32
2,22.87,52.36,108.29,566.53,417.63,637.07,549.16,493.58,3,Low Activity,524.36,92.47934075601248,337.40999999999997,-458.23999999999995
2,22.8,52.69,109.64,565.95,401.41,642.49,559.17,501.57,3,Low Activity,526.1600000000001,101.30738637105061,337.795,-456.31000000000006
1,19.89,55.39,119.54,557.45,470.05,731.73,687.92,623.32,1,Moderate Activity,628.255,114.4845900838478,338.495,-437.91
0,18.98,46.51,111.97,588.24,464.91,719.53,674.48,611.4,3,High Activity,617.58,111.02212061867068,350.105,-476.27
0,20.92,52.2,119.46,571.83,443.02,721.96,676.336,600.0,1,Low Activity,610.329,122.36202288291905,345.64500000000004,-452.37000000000006
2,23.42,51.06,113.62,559.76,433.59,655.68,562.074,498.39,3,Low Activity,537.4335,94.68765563155524,336.69,-446.14
2,23.6,50.69,113.86,557.06,424.12,645.11,563.39,497.62,3,Low Activity,532.56,94.15948987400756,335.46,-443.19999999999993
0,20.42,55.91,129.32,562.78,476.28,720.88,670.51,591.55,1,Low Activity,614.805,106.59099915096022,346.04999999999995,-433.46
3,23.38,51.63,118.01,559.09,416.23,646.98,564.3199999999999,498.98,3,Low Activity,531.6275,97.90716874502431,338.55,-441.08000000000004
2,16.37,44.29,68.54,614.87,598.07,791.66,765.292,722.51,0,Low Activity,719.383,85.74812555385684,341.705,-546.33
3,23.16,52.32,114.25,561.04,425.7,644.96,573.86,501.26,3,Low Activity,536.4449999999999,94.30063043267529,337.645,-446.78999999999996
3,23.25,52.05,111.99,566.06,434.4,657.83,566.768,501.6,3,Low Activity,540.1495,95.26500813170247,339.025,-454.06999999999994
1,20.07,59.0,123.19,545.09,500.54,727.36,688.24,628.61,1,High Activity,636.1875,99.12878874642489,334.14,-421.90000000000003
1,20.29,57.15,127.67,549.82,458.88,707.02,675.73,588.93,1,Low Activity,607.64,111.04388651939978,338.745,-422.15000000000003
3,23.04,52.59,115.96,561.19,421.22,646.7,573.82,516.14,3,Low Activity,539.47,95.22875406094528,338.57500000000005,-445.2300000000001
3,23.38,52.04,117.45,564.39,427.6,649.57,566.13,493.67,3,Low Activity,534.2425000000001,95.45678860964613,340.92,-446.94
3,23.6,51.87,124.93,559.02,426.69,649.66,564.8520000000001,502.23,3,Low Activity,535.858,94.58689452561596,341.975,-434.09
3,24.19,50.27,125.66,557.88,437.56,651.18,576.832,510.97,3,Low Activity,544.1355000000001,91.26129826492715,341.77,-432.22
3,23.68,46.51,117.38,586.24,422.1,716.38,680.52,608.09,2,Low Activity,606.7725,131.0955960040865,351.81,-468.86
2,18.52,48.99,74.6,578.93,555.7,783.13,739.32,695.97,0,Moderate Activity,693.53,98.5358591241449,326.765,-504.3299999999999
3,23.2,52.89,133.76,552.37,437.89,654.18,578.29,496.98,3,Low Activity,541.835,94.45792731863922,343.065,-418.61
2,19.01,51.45,73.89,578.93,539.43,759.22,722.51,660.1,1,Moderate Activity,670.315,96.37365909140667,326.40999999999997,-505.03999999999996
3,23.08,53.38,139.58,554.79,430.58,652.48,579.932,508.54,3,Low Activity,542.883,95.1762159855777,347.185,-415.2099999999999
3,23.54,52.61,147.13,556.75,423.46,656.45,568.664,494.27,3,Low Activity,535.711,99.96907823922358,351.94,-409.62
3,23.65,52.25,140.16,554.87,436.68,645.54,572.8639999999999,505.33,3,Low Activity,540.1034999999999,89.6209100359211,347.515,-414.71000000000004
3,23.89,51.71,140.47,555.05,432.9,654.39,584.27,510.01,3,Low Activity,545.3924999999999,95.39112270891178,347.76,-414.5799999999999
2,22.79,51.75,141.89,528.67,509.89,765.84,833.83,634.27,2,Low Activity,685.9575,143.66494849127258,335.28,-386.78
3,23.75,52.0,145.23,555.07,422.22,659.86,580.04,511.52,3,Low Activity,543.41,101.00552394135019,350.15000000000003,-409.84000000000003
3,23.11,53.55,143.71,578.93,422.02,652.68,579.55,516.08,3,Low Activity,542.5825,97.85321400785291,361.32,-435.2199999999999
2,21.73,52.54,97.11,576.24,479.17,727.27,683.29,603.66,1,Low Activity,623.3475,108.88486040308817,336.675,-479.13
3,23.3,53.07,148.9,552.75,435.23,658.79,579.38,516.89,3,Low Activity,547.5725,94.76867006031053,350.825,-403.85
3,23.33,53.32,147.93,578.93,424.84,664.91,556.312,510.44,3,Low Activity,539.1255,100.00191605331037,363.42999999999995,-430.99999999999994
3,23.58,52.86,151.13,557.42,431.25,660.82,471.02,511.47,3,Low Activity,518.6400000000001,100.28499023615983,354.275,-406.28999999999996
2,17.7,48.59,77.87,614.41,473.02,768.5,728.71,666.75,0,Moderate Activity,659.245,131.01923128558903,346.14,-536.54
3,23.68,52.37,148.08,550.64,434.01,664.21,800.02,520.2,3,Low Activity,604.61,161.2106656934749,349.36,-402.55999999999995
3,23.54,52.59,141.96,549.86,421.1,661.51,576.91,521.07,3,Low Activity,545.1475,100.85731848342321,345.91,-407.9
3,23.83,53.29,148.25,554.72,414.03,655.33,582.59,503.47,3,Low Activity,538.855,103.78271323619687,351.485,-406.47
3,23.75,52.53,146.97,553.26,406.04,663.6,585.03,531.73,3,Low Activity,546.6,108.23446062445483,350.115,-406.28999999999996
1,18.95,53.6,95.14,553.8,494.95,725.01,668.976,597.65,2,High Activity,621.6465000000001,99.25040692947645,324.46999999999997,-458.65999999999997
3,23.16,53.74,143.06,554.47,408.37,662.42,580.516,517.51,3,Low Activity,542.204,107.14636281274318,348.765,-411.41
3,22.91,54.48,152.89,555.85,380.1,657.74,578.74,534.73,3,Low Activity,537.8275000000001,116.81951759730335,354.37,-402.96000000000004
3,23.56,53.24,150.64,554.65,406.27,663.66,586.162,525.34,3,Low Activity,545.358,108.63781061858712,352.645,-404.01
3,25.07,49.53,145.81,554.21,398.37,613.3,598.2,533.28,3,Low Activity,535.7874999999999,97.9683021441119,350.01,-408.40000000000003
3,21.72,48.53,132.79,580.68,436.86,713.61,664.12,589.82,1,Low Activity,601.1025000000001,120.73667831966667,356.73499999999996,-447.89
0,19.67,57.34,113.48,578.93,461.69,730.0,680.24,614.07,2,Low Activity,621.5,116.64344330765732,346.205,-465.44999999999993
3,24.54,50.3,141.76,555.55,403.94,675.6,601.56,532.19,3,Low Activity,553.3225,115.52828986154574,348.655,-413.78999999999996
3,23.93,50.24,147.43,561.25,385.37,678.25,636.28,539.03,2,Low Activity,559.7325,130.0471612851789,354.34000000000003,-413.82
3,24.34,50.59,142.1,560.33,417.91,667.45,602.35,536.27,2,Low Activity,555.995,106.50124553262276,351.21500000000003,-418.23
2,18.92,46.85,86.81,607.27,452.3,756.94,701.45,637.66,0,Low Activity,637.0875,132.4813207902659,347.03999999999996,-520.46
1,19.72,53.4,104.76,572.52,431.19,717.46,650.6560000000001,593.17,2,Moderate Activity,598.119,122.3276941824704,338.64,-467.76
3,24.98,48.86,141.76,554.88,425.21,677.56,600.03,540.96,2,Low Activity,560.94,106.37995707212266,348.32,-413.12
3,25.13,48.76,141.09,559.63,407.76,671.49,609.84,536.9,2,Low Activity,556.4975000000001,113.39547797421201,350.36,-418.53999999999996
3,20.24,44.86,93.05,595.3,532.31,745.05,693.53,612.92,1,Low Activity,645.9525,93.25537853121396,344.17499999999995,-502.24999999999994
1,18.21,50.66,117.35,589.65,439.62,742.64,680.14,598.3,1,Moderate Activity,615.175,131.11331117269012,353.5,-472.29999999999995
3,23.35,51.07,124.0,564.22,412.07,676.4,606.3,538.24,2,Low Activity,558.2525,112.60138760986325,344.11,-440.22
1,17.51,42.69,62.6,633.4,626.52,800.22,766.728,720.09,0,Moderate Activity,728.3895,75.44476576277509,348.0,-570.8
3,24.39,50.35,203.56,560.96,421.17,560.69,613.29,556.66,2,Low Activity,537.9525,82.01799736439962,382.26,-357.40000000000003
1,18.31,54.28,106.43,578.93,511.71,764.51,725.32,651.95,1,High Activity,663.3725,111.35270401596304,342.67999999999995,-472.49999999999994
3,24.19,50.69,135.85,556.91,443.79,684.03,615.62,552.46,2,Low Activity,573.975,102.07421891284137,346.38,-421.05999999999995
3,23.22,46.66,182.48,591.1,463.8,721.33,675.58,596.64,1,Low Activity,614.3375,112.80186061556492,386.79,-408.62
3,23.83,51.49,134.62,554.01,431.73,608.57,620.65,560.54,2,Low Activity,555.3725000000001,86.42009194433125,344.315,-419.39
3,23.5,52.04,136.23,557.98,431.36,690.16,622.85,545.86,2,Low Activity,572.5575,111.0693088046078,347.105,-421.75
3,23.27,52.62,137.88,561.62,432.51,679.33,613.49,557.78,2,High Activity,570.7775,104.71364042791497,349.75,-423.74
3,23.29,52.32,138.49,551.68,423.25,678.42,551.29,549.04,2,Low Activity,550.5,104.17748413164908,345.085,-413.18999999999994
3,22.75,54.86,132.68,559.16,404.06,690.61,633.8100000000001,549.08,2,Low Activity,569.39,124.62039667191992,345.91999999999996,-426.47999999999996
3,23.46,51.9,133.43,557.16,414.64,682.53,619.12,541.2,2,Low Activity,564.3725,115.34769160383458,345.29499999999996,-423.72999999999996
0,22.97,53.01,123.79,566.65,422.83,684.67,639.4359999999999,564.71,2,Moderate Activity,577.9114999999999,114.61121624431001,345.21999999999997,-442.85999999999996
0,19.2,52.79,115.91,586.24,470.91,717.28,685.98,582.86,1,Low Activity,614.2575,111.49299122216905,351.075,-470.33000000000004
0,22.52,53.76,136.86,554.22,421.09,678.71,625.05,553.24,2,Low Activity,569.5225,111.50865478368337,345.54,-417.36
0,22.38,54.06,128.74,560.05,410.3,685.29,622.01,556.07,2,Low Activity,568.4175,117.87697241191766,344.395,-431.30999999999995
0,22.31,54.13,137.05,564.15,422.11,686.53,619.38,543.51,2,Low Activity,567.8824999999999,113.39144922935473,350.6,-427.09999999999997
0,22.1,54.56,131.85,553.91,438.68,687.63,567.15,550.47,2,Moderate Activity,560.9825000000001,101.89216763323861,342.88,-422.05999999999995
0,22.15,54.29,136.2,562.07,418.02,686.11,630.06,547.81,2,Moderate Activity,570.5,116.44462518009723,349.135,-425.87000000000006
0,22.13,54.24,132.94,560.18,406.01,696.12,626.75,561.05,2,Low Activity,572.4825000000001,123.92872719833768,346.55999999999995,-427.23999999999995
2,15.43,45.58,78.08,612.95,582.7,779.15,745.94,689.06,1,Low Activity,699.2125,86.12335934576633,345.51500000000004,-534.87
0,22.26,53.85,132.13,559.83,415.94,844.56,632.08,562.85,2,Low Activity,613.8575,178.2589921761779,345.98,-427.70000000000005
3,23.83,50.4,109.21,539.69,411.62,730.69,657.85,582.74,2,Low Activity,595.7249999999999,136.79464913999135,324.45000000000005,-430.4800000000001
0,21.82,54.91,131.19,557.61,428.65,689.83,478.87,565.89,2,Low Activity,540.81,114.38589073832492,344.4,-426.42
0,21.79,54.94,131.13,558.85,413.71,689.84,631.11,573.4,2,Low Activity,577.015,118.79582049325924,344.99,-427.72
0,21.64,55.13,131.57,559.22,423.21,694.9,623.25,559.8,2,Low Activity,575.29,115.43393521837503,345.395,-427.65000000000003
0,21.67,55.08,135.1,559.06,435.13,688.71,630.2,571.32,2,Low Activity,581.34,108.61764896492038,347.08,-423.9599999999999
0,21.55,55.36,134.9,552.41,425.74,704.96,691.988,565.42,2,Low Activity,597.027,130.39090309271324,343.655,-417.51
0,21.55,55.39,135.78,561.99,436.08,696.05,629.15,574.09,2,Low Activity,583.8425,110.41159400926455,348.885,-426.21000000000004
0,21.58,55.29,132.7,560.47,438.96,702.43,647.27,559.56,2,Low Activity,587.055,114.92800775558003,346.58500000000004,-427.77000000000004
1,19.03,57.7,141.17,564.5,440.15,692.44,652.74,577.18,2,Low Activity,590.6275,111.12764593775336,352.835,-423.33000000000004
0,21.69,55.05,137.11,561.02,425.41,698.28,635.85,583.11,2,Moderate Activity,585.6625,116.74597134376842,349.065,-423.90999999999997
0,21.6,55.2,132.48,555.54,422.2,694.59,641.51,570.17,2,Low Activity,582.1175,118.17202414982435,344.01,-423.05999999999995
0,21.52,55.45,133.71,558.63,436.72,701.44,639.43,581.58,2,Low Activity,589.7925,113.17785571833387,346.17,-424.91999999999996
0,21.17,55.98,136.65,562.58,442.1,701.59,646.67,579.19,2,Low Activity,592.3875,112.00042034891358,349.615,-425.93000000000006
0,21.18,55.85,139.85,578.93,437.65,707.15,644.48,571.58,2,Low Activity,590.215,115.81857493511134,359.39,-439.0799999999999
0,21.18,55.89,140.39,560.66,447.34,699.91,640.39,584.64,2,Low Activity,593.0699999999999,107.95410413689697,350.525,-420.27
0,21.15,56.03,133.56,556.4,437.24,704.66,644.58,583.95,2,Low Activity,592.6075000000001,114.70384456648927,344.98,-422.84
2,20.11,56.06,127.28,551.19,438.12,669.91,651.3280000000001,528.61,3,Low Activity,571.9920000000001,109.06549397495067,339.235,-423.9100000000001
3,21.38,44.44,111.12,582.47,484.69,720.96,681.17,603.47,2,Low Activity,622.5725,104.06769667705088,346.795,-471.35
0,22.92,52.79,115.64,550.87,471.87,697.03,605.034,571.41,1,Low Activity,586.336,92.96599283609032,333.255,-435.23
0,21.03,56.23,139.59,563.31,452.54,827.8,662.62,582.17,2,Low Activity,631.2825,157.0160137003017,351.45,-423.7199999999999
0,21.01,56.19,134.98,564.37,452.18,712.45,652.2,577.31,2,Low Activity,598.5350000000001,112.14105121081518,349.675,-429.39
0,20.99,56.08,134.0,565.4,443.78,706.88,648.73,577.05,2,Low Activity,594.1099999999999,113.41747337454962,349.7,-431.4
0,20.35,58.59,132.85,545.25,472.98,723.79,682.65,596.61,1,Low Activity,619.0075,110.83834907197055,339.05,-412.4
0,20.98,55.91,134.4,556.87,456.31,896.83,655.098,586.44,2,Low Activity,648.6695,184.8419570723415,345.635,-422.47
0,20.99,55.77,133.76,557.84,450.34,705.13,653.15,590.33,1,Low Activity,599.7375,110.1038725855423,345.8,-424.08000000000004
2,19.36,53.87,124.79,574.85,429.3,631.5,679.66,602.04,1,Low Activity,585.625,109.01690190057685,349.82,-450.06
0,20.99,55.73,130.78,559.08,449.41,714.93,647.2,589.8,1,Low Activity,600.335,112.86818875721063,344.93,-428.30000000000007
1,17.88,44.95,57.97,571.7,604.63,791.95,763.142,718.19,0,Moderate Activity,719.478,82.36192026254207,314.83500000000004,-513.73
0,20.97,55.77,135.68,559.94,449.09,708.1,671.5560000000002,592.91,1,Low Activity,605.414,114.76457315159011,347.81000000000006,-424.26000000000005
1,20.14,53.5,101.43,551.11,484.74,739.6,675.46,608.25,1,Moderate Activity,627.0125,108.95962719435734,326.27,-449.68
0,20.87,55.92,134.9,557.07,476.34,710.8,664.71,591.45,1,Low Activity,610.825,102.24186960340661,345.985,-422.1700000000001
0,20.75,56.06,143.91,561.82,449.67,718.22,691.018,578.56,1,Low Activity,609.367,122.43102067150576,352.865,-417.9100000000001
0,20.72,56.02,134.35,562.22,459.67,714.83,661.68,595.17,1,Low Activity,607.8375,110.24288862174586,348.285,-427.87
1,17.12,46.44,58.32,569.81,571.73,784.86,776.2760000000001,697.85,0,Moderate Activity,707.679,98.72722524207799,314.065,-511.48999999999995
1,16.79,49.49,73.1,612.52,553.61,768.32,730.01,684.49,1,Low Activity,684.1075000000001,93.50317013342382,342.81,-539.42
2,17.3,52.71,115.9,578.93,461.3,691.98,625.126,549.89,1,Low Activity,582.074,99.25551617248618,347.41499999999996,-463.03
0,20.62,56.05,130.43,562.57,468.83,716.37,666.19,592.48,1,Low Activity,610.9675,107.55474276695877,346.5,-432.14000000000004
0,20.56,56.06,129.88,560.86,463.36,716.13,671.184,589.46,1,Low Activity,610.0335,110.95379739182731,345.37,-430.98
0,20.52,56.19,128.64,564.64,468.89,712.7,670.57,593.74,1,Low Activity,611.4750000000001,107.05719982015846,346.64,-436.0
0,20.51,56.17,135.27,556.1,475.36,719.14,667.78,604.92,1,Low Activity,616.8,105.22807610139034,345.685,-420.83000000000004
3,23.5,45.45,143.42,576.57,458.27,699.2,659.25,574.94,1,Low Activity,597.915,106.53514302801685,359.995,-433.1500000000001
0,20.42,56.18,132.52,561.01,463.53,716.32,477.52,597.13,1,Low Activity,563.625,118.14035170084779,346.765,-428.49
0,20.43,56.08,130.54,568.61,471.08,727.27,675.05,595.13,1,Low Activity,617.1324999999999,111.50507981701999,349.575,-438.07000000000005
2,22.42,52.48,113.83,543.0,467.45,676.57,638.86,556.65,4,Low Activity,584.8825,92.92942532732391,328.415,-429.17
0,20.45,55.73,129.79,558.96,465.18,723.14,807.63,601.5,1,Low Activity,649.3625,149.11486989901442,344.375,-429.1700000000001
0,20.45,55.6,137.24,559.46,474.44,715.25,650.58,589.94,1,Low Activity,607.5525,102.43576047943414,348.35,-422.22
0,20.3,55.97,133.04,558.9,477.07,721.63,675.318,606.73,1,Low Activity,620.187,106.44822833659563,345.96999999999997,-425.86
0,20.27,56.02,130.24,559.51,461.86,722.7,667.05,605.81,1,Low Activity,614.355,112.31376303315042,344.875,-429.27
0,19.77,57.09,109.51,600.28,454.17,730.43,676.09,611.64,3,Moderate Activity,618.0825,119.57653654319758,354.895,-490.77
1,18.86,57.38,140.71,561.73,431.29,595.51,686.47,618.94,1,Low Activity,583.0525,108.27455483630493,351.22,-421.02
1,20.18,55.98,126.57,563.08,473.96,710.51,675.356,603.43,1,Low Activity,615.814,104.54425371104813,344.82500000000005,-436.51000000000005
2,24.57,47.36,104.01,551.96,417.52,735.73,678.6,612.23,1,Low Activity,611.02,138.51998002695015,327.985,-447.95000000000005
1,19.68,54.65,119.26,546.8,469.04,696.39,633.49,568.33,2,Low Activity,591.8125,97.12188575015759,333.03,-427.53999999999996
1,20.2,55.77,130.65,566.82,482.34,730.39,678.86,612.91,1,Low Activity,626.125,107.2395028273941,348.735,-436.1700000000001
2,22.29,53.76,110.68,545.62,503.63,725.44,676.892,597.38,2,High Activity,625.8355,97.07681206652805,328.15,-434.94
1,20.14,55.75,120.59,561.66,478.97,718.95,673.61,622.69,1,Low Activity,623.5550000000001,104.10136006156051,341.125,-441.06999999999994
1,20.17,55.64,128.98,564.44,474.41,720.4,714.722,595.59,1,Moderate Activity,626.2805,116.45733805847814,346.71000000000004,-435.46000000000004
1,20.19,55.59,135.21,560.26,464.43,716.99,670.75,616.45,1,High Activity,617.155,109.79507259739238,347.735,-425.04999999999995
1,20.13,55.68,131.06,562.91,467.21,727.09,680.52,606.26,1,High Activity,620.27,113.52564849701,346.985,-431.84999999999997
1,20.02,55.94,130.54,558.24,487.36,728.12,677.07,610.17,1,Low Activity,625.6800000000001,104.09589841423468,344.39,-427.70000000000005
2,18.65,49.82,75.8,603.47,562.5,762.56,736.76,676.29,0,Low Activity,684.5274999999999,89.0241021203434,339.635,-527.6700000000001
1,19.9,56.15,131.81,558.09,482.4,721.93,813.4,615.39,1,Moderate Activity,658.28,142.46270084949722,344.95000000000005,-426.28000000000003
3,22.44,48.73,100.1,561.8,438.69,703.07,655.51,579.12,2,Low Activity,594.0975,115.50226184653991,330.95,-461.69999999999993
0,19.09,52.93,138.36,575.52,473.98,734.68,690.35,607.85,1,High Activity,626.7149999999999,114.58580903992139,356.94,-437.15999999999997
1,19.88,56.01,134.9,562.25,479.28,718.98,678.606,599.11,1,Low Activity,618.994,105.61907339112574,348.575,-427.35
1,19.89,55.95,124.75,564.82,485.86,726.17,675.65,610.32,1,High Activity,624.5,103.8833214075612,344.785,-440.07000000000005
1,19.83,55.99,132.52,558.86,474.12,721.71,672.07,612.94,1,Low Activity,620.21,107.06205459140664,345.69,-426.34000000000003
2,22.55,51.35,108.93,565.8,476.24,705.22,616.88,570.38,2,Low Activity,592.1800000000001,95.40345067134626,337.365,-456.86999999999995
0,20.97,53.06,124.71,581.03,474.14,725.36,677.83,610.59,1,Low Activity,621.98,109.22918504990629,352.87,-456.32
0,18.37,53.7,119.02,584.85,486.87,731.82,670.1119999999999,599.93,1,Low Activity,622.183,105.07499668966607,351.935,-465.83000000000004
1,19.86,55.62,129.19,564.28,486.76,734.22,690.7639999999999,624.74,1,Moderate Activity,634.121,108.06094998040072,346.735,-435.09
1,19.89,55.43,123.16,562.19,478.0,731.44,674.86,615.31,1,Moderate Activity,624.9025,108.80923869322864,342.675,-439.0300000000001
1,19.81,55.58,124.29,566.01,488.6,724.89,682.4,617.69,1,Low Activity,628.395,103.09391204140037,345.15,-441.71999999999997
1,19.72,55.74,126.03,570.88,484.34,884.93,674.09,609.77,1,Moderate Activity,663.2825,167.45986810277856,348.455,-444.85
1,19.77,55.58,125.83,563.64,467.68,614.01,677.03,617.1,1,Moderate Activity,593.955,89.04067478779945,344.735,-437.81
2,17.54,50.14,93.92,578.93,459.61,759.86,719.2400000000001,651.21,0,Moderate Activity,647.48,133.0260773933693,336.42499999999995,-485.00999999999993
1,19.84,56.13,142.32,565.2,393.38,700.61,650.6740000000001,575.62,2,Low Activity,580.071,134.64493431738654,353.76,-422.88000000000005
1,19.66,55.8,126.72,564.61,497.93,728.66,661.574,620.41,1,Low Activity,627.1434999999999,97.0094973134074,345.665,-437.89
1,19.48,55.0,121.93,566.78,483.9,725.98,677.1,615.41,1,Moderate Activity,625.5975,104.73955075169394,344.355,-444.84999999999997
1,19.54,55.27,123.76,559.14,483.85,726.56,667.41,586.3,1,Moderate Activity,616.03,105.21756919196841,341.45,-435.38
1,20.41,57.08,132.49,549.38,452.24,711.44,520.12,599.9,1,High Activity,570.9250000000001,111.43203175030062,340.935,-416.89
1,19.52,55.48,120.81,564.56,481.16,709.21,671.19,596.0,1,Moderate Activity,614.3900000000001,100.50787266013876,342.68499999999995,-443.74999999999994
1,19.52,55.22,122.91,578.93,470.1,714.17,665.624,597.6,1,High Activity,611.8735,105.92001426705592,350.91999999999996,-456.02
0,21.47,53.67,114.16,548.76,503.1,716.62,668.972,587.69,1,Low Activity,619.0955,93.87927496346924,331.46,-434.6
1,19.54,55.11,120.36,567.59,479.01,716.72,674.23,603.24,1,Moderate Activity,618.3,103.99225772463386,343.975,-447.23
1,19.55,55.04,124.15,569.13,481.38,716.45,664.46,610.35,1,Moderate Activity,618.16,100.95275891887917,346.64,-444.98
1,18.66,56.53,117.11,603.72,502.62,737.19,704.85,635.26,1,Low Activity,644.98,103.99991826919867,360.415,-486.61
3,22.04,44.56,108.1,591.87,446.34,737.19,701.03,614.68,1,Low Activity,624.81,129.6056976628214,349.985,-483.77
1,19.37,55.47,116.42,571.88,490.73,719.12,825.71,607.63,1,Low Activity,660.7975,144.16123412693165,344.15,-455.46
1,19.37,55.25,122.91,563.41,491.47,723.09,674.29,611.48,1,Low Activity,625.0825,100.10690331673769,343.15999999999997,-440.5
1,19.11,52.59,44.55,571.36,502.48,747.62,710.706,658.73,1,High Activity,654.884,107.94725920868332,307.955,-526.8100000000001
1,18.93,50.06,83.87,577.58,541.32,757.22,717.03,667.83,1,Low Activity,670.85,93.77190517420448,330.725,-493.71000000000004
1,19.11,48.65,84.97,580.46,572.02,766.76,734.1700000000001,676.77,1,Moderate Activity,687.43,85.46145368917306,332.71500000000003,-495.49
1,19.14,48.25,75.49,578.93,570.55,764.12,744.82,681.16,1,Moderate Activity,690.1625,87.26463444603436,327.21,-503.43999999999994
1,19.2,53.45,116.43,578.93,500.87,727.31,683.16,611.82,1,High Activity,630.79,98.82272781771067,347.67999999999995,-462.49999999999994
0,19.79,52.23,115.42,587.91,444.03,708.03,665.16,572.83,2,Low Activity,597.5124999999999,116.84235201757964,351.66499999999996,-472.48999999999995
1,17.56,42.58,61.36,633.1,616.72,803.8,771.59,732.22,0,High Activity,731.0825,81.66755307342076,347.23,-571.74
3,24.01,50.01,104.76,544.4,389.18,721.42,692.3739999999999,585.69,2,Low Activity,597.1659999999999,150.43658082616292,324.58,-439.64
3,24.97,48.33,120.45,574.07,459.96,714.13,664.93,595.17,1,Moderate Activity,608.5475,110.4292432208667,347.26000000000005,-453.62000000000006
1,19.82,53.03,120.63,567.22,398.9,720.83,673.49,590.86,2,Low Activity,596.02,141.96485128368926,343.925,-446.59000000000003
1,19.44,56.99,138.91,558.12,417.77,693.36,648.17,559.31,2,Low Activity,579.6525,121.44107552636382,348.515,-419.21000000000004
2,24.42,46.74,109.73,571.95,467.75,717.95,685.52,618.31,1,Moderate Activity,622.3824999999999,111.12648390460305,340.84000000000003,-462.22
2,20.3,46.24,84.0,603.37,497.23,750.23,714.144,658.08,1,High Activity,654.921,111.75508932780944,343.685,-519.37
1,18.49,48.63,79.07,587.65,570.28,770.49,741.382,684.08,0,Moderate Activity,691.558,88.46273295951616,333.36,-508.58
1,18.26,48.96,76.91,584.81,594.45,766.36,739.83,688.05,0,Low Activity,697.1724999999999,75.81051922391772,330.85999999999996,-507.9
1,18.24,49.45,69.9,591.27,582.83,767.43,739.002,690.68,0,Low Activity,694.9854999999999,81.2056060523738,330.585,-521.37
3,24.03,51.01,122.88,578.93,481.36,703.8,634.71,571.88,2,Low Activity,597.9375,94.56636554117253,350.905,-456.04999999999995
1,18.44,49.19,75.9,582.6,581.71,777.62,745.78,680.79,0,Low Activity,696.4749999999999,86.47257465038649,329.25,-506.70000000000005
3,23.44,51.22,130.73,578.93,456.94,707.6,666.398,590.75,1,High Activity,605.422,110.1825578574032,354.83,-448.19999999999993
2,18.54,49.17,76.12,586.05,572.7,760.31,720.71,675.63,0,Low Activity,682.3375000000001,80.8651788987901,331.085,-509.92999999999995
2,18.59,49.2,75.07,581.61,568.65,765.74,737.4,673.45,0,Moderate Activity,686.31,87.42342973520695,328.34000000000003,-506.54
2,18.73,49.07,79.7,590.42,564.53,762.71,736.95,671.3,0,Low Activity,683.8725,88.38037579123551,335.06,-510.71999999999997
2,18.5,50.11,81.41,585.22,561.82,761.41,729.28,677.88,0,Moderate Activity,682.5975000000001,87.55974203365376,333.315,-503.81000000000006
2,18.51,50.72,73.89,582.94,576.99,772.98,739.95,671.97,0,Low Activity,690.4725000000001,86.55659203665543,328.415,-509.05000000000007
2,18.38,51.19,81.29,582.44,580.82,766.52,737.0120000000001,675.12,0,Moderate Activity,689.868,82.07122038814822,331.865,-501.15000000000003
2,18.42,51.13,80.95,586.64,586.84,771.67,737.6140000000001,679.89,0,Low Activity,694.0035,80.8644288238036,333.795,-505.69
2,18.35,51.65,31.35,578.93,580.64,767.85,737.766,678.52,0,Low Activity,691.194,82.51850441365663,305.14,-547.5799999999999
3,22.19,51.5,102.2,576.38,472.52,730.61,688.01,623.25,1,Moderate Activity,628.5975000000001,113.02680666549863,339.29,-474.18
2,18.46,51.68,71.39,589.5,599.12,767.38,741.21,678.78,0,Low Activity,696.6225,74.87714665815376,330.445,-518.11
2,18.61,51.79,76.3,583.48,572.56,763.55,731.71,671.82,0,Moderate Activity,684.91,84.00071467949942,329.89,-507.18
2,18.51,52.06,88.2,579.33,583.82,760.24,723.53,666.8,0,Moderate Activity,683.5975000000001,76.82530588940078,333.76500000000004,-491.13000000000005
2,18.67,51.81,82.57,578.93,563.54,729.35,698.36,630.81,0,Low Activity,655.515,73.84000473997821,330.75,-496.35999999999996
2,18.63,52.13,82.87,580.57,528.08,699.04,629.91,590.93,0,High Activity,611.9899999999999,71.60828769539643,331.72,-497.70000000000005
3,25.1,52.47,125.83,545.48,431.91,683.69,635.938,573.2,2,Low Activity,581.1845000000001,109.31903140655184,335.65500000000003,-419.65000000000003
2,19.17,52.05,89.88,569.99,516.26,695.48,624.28,564.3,2,Low Activity,600.0799999999999,77.44417516293055,329.935,-480.11
1,19.93,47.29,85.67,578.93,464.59,871.51,506.26,619.3,1,Moderate Activity,615.415,182.81387337945662,332.29999999999995,-493.25999999999993
0,18.86,52.1,118.52,587.89,464.16,748.87,706.966,642.84,1,Moderate Activity,640.7090000000001,125.51611122614233,353.205,-469.37
2,18.79,53.62,97.6,571.5,506.74,691.37,809.05,551.26,2,Moderate Activity,639.605,137.65799468247386,334.55,-473.9
3,23.35,52.61,130.96,552.26,423.56,660.01,580.64,493.06,3,Low Activity,539.3175,102.97861214025625,341.61,-421.29999999999995
3,22.12,49.21,108.39,558.11,443.84,744.01,879.09,622.27,1,Low Activity,672.3025,184.93368241525576,333.25,-449.72
2,18.78,53.76,97.33,578.93,507.09,707.16,634.508,572.24,2,Low Activity,605.2495,85.57009672971823,338.13,-481.59999999999997
2,18.83,53.78,96.53,571.2,517.64,706.29,630.22,567.23,2,Low Activity,605.345,81.55484637142457,333.865,-474.6700000000001
2,18.98,54.06,94.98,571.87,510.89,699.5,634.57,554.6,2,Low Activity,599.89,83.85908537540821,333.425,-476.89
2,19.55,53.21,99.98,572.2,515.43,700.03,642.89,571.04,2,Low Activity,607.3475,80.87104235550986,336.09000000000003,-472.22
0,18.19,52.38,125.37,587.92,483.56,736.68,680.96,615.61,1,Moderate Activity,629.2025,108.97514345788524,356.645,-462.54999999999995
2,19.92,52.52,99.34,574.52,491.55,702.24,641.96,566.14,2,Low Activity,600.4725,91.5071368346025,336.93,-475.17999999999995
1,18.6,46.84,71.23,620.98,574.31,793.76,745.12,704.85,0,Moderate Activity,704.51,94.10435732029984,346.105,-549.75
2,19.97,52.92,108.37,567.33,518.66,704.13,636.84,578.13,2,Low Activity,609.44,79.45288037572962,337.85,-458.96000000000004
2,20.51,52.03,98.44,565.92,497.57,709.79,643.53,561.43,2,Low Activity,603.0799999999999,92.89834802980441,332.17999999999995,-467.47999999999996
2,20.83,51.62,102.79,570.57,500.9,702.23,639.88,574.25,2,Moderate Activity,604.315,86.50777017123954,336.68,-467.78000000000003
3,22.68,43.21,109.11,583.06,460.03,721.06,674.9,602.61,1,Moderate Activity,614.65,114.02551848891838,346.085,-473.94999999999993
2,21.25,51.33,100.8,578.93,502.8,587.47,642.12,575.61,2,Low Activity,577.0,57.32308261075986,339.86499999999995,-478.12999999999994
2,21.4,51.39,103.24,568.82,493.02,709.74,630.57,583.57,2,Low Activity,604.225,90.59186000960574,336.03000000000003,-465.58000000000004
2,21.43,51.54,102.31,563.86,505.88,703.56,636.19,576.12,2,Low Activity,605.4375,84.35036628057203,333.08500000000004,-461.55
2,19.44,53.0,104.1,567.28,494.94,582.8,700.47,637.31,1,Low Activity,603.88,87.10048411652679,335.69,-463.17999999999995
0,20.57,51.2,106.54,559.45,448.36,729.36,667.56,608.2,2,High Activity,613.37,120.61683851491603,332.995,-452.91
1,18.11,40.67,59.83,627.38,576.3,801.36,773.51,710.24,0,Low Activity,715.3525,100.23525706224002,343.605,-567.55
2,22.04,51.17,116.77,570.25,481.65,703.99,634.76,577.92,2,High Activity,599.5799999999999,94.01368871960439,343.51,-453.48
2,22.17,51.06,112.32,567.23,502.32,706.91,635.8480000000001,571.31,2,Low Activity,604.097,87.5826924835419,339.775,-454.91
2,19.4,54.03,124.64,573.88,430.0,729.48,687.008,628.65,1,Moderate Activity,618.7845,132.46994024180228,349.26,-449.24
2,22.53,50.57,107.45,568.36,490.74,707.02,646.104,584.53,2,Low Activity,607.0985000000001,92.29368506205249,337.90500000000003,-460.91
0,19.25,48.11,118.28,582.38,467.76,725.71,692.94,599.38,2,Moderate Activity,621.4475,115.5979651997964,350.33,-464.1
2,22.51,51.0,108.66,568.51,479.08,708.2,623.2,558.55,2,Moderate Activity,592.2574999999999,97.2032984265452,338.585,-459.85
2,22.48,51.43,121.6,563.48,494.89,705.73,642.38,576.72,2,Low Activity,604.9300000000001,90.31011054509162,342.54,-441.88
2,18.02,46.34,208.07,598.8,581.74,773.9,793.52,696.42,0,Moderate Activity,711.395,96.06605418495477,403.43499999999995,-390.72999999999996
0,20.66,56.08,133.51,562.96,455.84,713.82,652.57,580.82,1,Low Activity,600.7625,110.85463405589626,348.235,-429.45000000000005
2,22.68,51.34,113.17,561.98,489.43,709.78,643.01,577.27,2,Low Activity,604.8725,94.0725274721584,337.575,-448.81
0,20.14,58.8,130.0,552.05,492.4,723.11,684.6,623.72,1,Low Activity,630.9575,101.02831826605187,341.025,-422.04999999999995
2,22.92,51.04,109.5,570.32,481.71,707.45,646.09,582.74,2,Low Activity,604.4975,96.40074736051932,339.91,-460.82000000000005
2,16.62,44.61,60.74,573.54,602.9,795.29,755.87,736.11,0,Moderate Activity,722.5425,83.46920764569411,317.14,-512.8
2,23.03,51.05,26.25,569.01,494.7,707.42,645.134,576.44,2,Low Activity,605.9235,91.43111532186401,297.63,-542.76
2,23.44,51.87,119.75,569.27,471.32,688.3,629.31,554.08,2,Low Activity,585.7524999999999,94.00565563659806,344.51,-449.52
1,20.36,57.28,122.78,548.62,462.09,712.2,663.27,600.32,1,Low Activity,609.47,108.40122969782216,335.7,-425.84000000000003
2,23.19,52.5,119.57,562.9,467.1,599.64,623.33,568.4,2,Low Activity,564.6175000000001,68.79366074234844,341.235,-443.33
2,23.14,52.48,116.79,558.45,490.62,699.88,635.02,568.1,2,Low Activity,598.405,89.76605353175924,337.62,-441.66
2,23.21,52.44,114.73,561.85,479.68,695.63,633.63,571.98,2,High Activity,595.23,92.09973760367977,338.29,-447.12
3,23.23,52.46,119.08,559.81,471.6,700.57,617.038,571.31,2,Low Activity,590.1295,95.43686807343727,339.445,-440.72999999999996
2,19.8,46.03,103.84,592.48,417.34,744.11,715.75,635.76,1,Moderate Activity,628.24,147.8954781819467,348.16,-488.64
3,23.29,52.48,117.39,561.09,488.21,692.0,629.68,564.11,2,Low Activity,593.5,87.48523418268937,339.24,-443.70000000000005
1,19.57,54.08,118.1,576.34,489.31,738.39,692.71,640.41,1,High Activity,640.205,108.26882022693945,347.22,-458.24
3,22.96,49.98,102.84,569.26,472.71,729.49,667.4,606.41,1,Low Activity,619.0024999999999,109.71154949077453,336.05,-466.41999999999996
3,23.69,51.96,122.25,559.36,492.54,868.68,683.354,572.51,2,Low Activity,654.271,162.95072634797714,340.805,-437.11
3,22.7,51.92,115.94,551.18,425.3,835.14,638.16,568.5,3,Low Activity,616.775,170.42470742236875,333.55999999999995,-435.23999999999995
0,19.8,52.93,134.24,586.08,423.52,730.86,685.51,603.22,1,Moderate Activity,610.7775,135.55717179478188,360.16,-451.84000000000003
0,22.67,54.66,119.16,553.96,430.85,698.57,667.35,574.15,2,Low Activity,592.73,120.167384371412,336.56,-434.80000000000007
3,23.66,51.43,118.7,578.93,471.86,694.06,650.7239999999999,571.52,2,Low Activity,597.0409999999999,97.66636243183557,348.815,-460.22999999999996
3,22.32,43.8,108.22,591.58,422.67,743.15,697.328,629.08,1,High Activity,623.057,141.5741694754614,349.90000000000003,-483.36
3,23.56,51.82,119.14,557.59,475.66,704.68,637.9,574.62,2,Low Activity,598.2149999999999,97.44425329387052,338.365,-438.45000000000005
3,23.65,51.61,116.42,578.93,474.38,699.61,649.4680000000001,576.53,2,Low Activity,599.9970000000001,97.81012283671531,347.67499999999995,-462.50999999999993
0,19.69,48.74,119.51,580.82,463.46,735.94,695.842,630.52,1,Moderate Activity,631.4405,120.11937729192574,350.165,-461.31000000000006
3,23.79,51.58,119.86,562.49,466.95,706.73,655.5540000000001,571.35,2,Moderate Activity,600.1460000000001,104.88180578155587,341.175,-442.63
3,24.03,51.01,122.88,561.42,481.36,703.8,634.71,571.88,2,Low Activity,597.9375,94.56636554117253,342.15,-438.53999999999996
3,24.0,51.13,124.1,560.33,477.21,710.01,643.99,573.32,2,Low Activity,601.1325,99.70188308987282,342.21500000000003,-436.23
3,24.02,51.03,121.17,578.93,490.08,697.5,634.33,571.76,2,Moderate Activity,598.4175,88.60903955955436,350.04999999999995,-457.75999999999993
3,24.34,50.25,123.22,558.82,488.95,701.28,636.71,564.23,2,Low Activity,597.7925,91.64672330021772,341.02000000000004,-435.6
3,25.26,47.43,115.97,575.48,438.52,704.54,656.454,584.92,1,Low Activity,596.1084999999999,115.98604431424785,345.725,-459.51
3,24.26,50.91,132.02,560.96,470.73,702.69,642.89,573.36,2,Low Activity,597.4175,99.63020538471253,346.49,-428.94000000000005
1,19.88,59.29,123.29,553.25,484.56,724.41,675.112,617.35,1,Moderate Activity,625.358,103.56151809110048,338.27,-429.96
3,23.93,52.06,129.75,555.46,413.03,686.83,495.63,567.92,2,Low Activity,540.8525000000001,116.08293884833667,342.605,-425.71000000000004
1,18.93,55.75,134.76,578.66,484.8,724.51,674.862,617.78,1,Low Activity,625.488,103.43383548272135,356.71,-443.9
0,21.68,46.81,113.65,595.18,440.51,736.51,691.63,614.61,3,Moderate Activity,620.815,130.31819046728154,354.41499999999996,-481.53
0,22.97,53.01,123.79,566.65,422.83,684.67,621.4,564.71,2,Moderate Activity,573.4025,111.70176643634602,345.21999999999997,-442.85999999999996
3,23.99,51.94,133.67,578.93,371.42,687.99,626.37,574.3,2,Low Activity,565.02,137.17691958440628,356.29999999999995,-445.26
3,23.5,52.73,129.57,557.57,384.68,584.05,684.806,569.43,2,Low Activity,555.7415,125.04456291925158,343.57000000000005,-428.00000000000006
2,22.31,52.37,96.5,573.71,482.17,718.47,675.41,599.31,1,Moderate Activity,618.84,103.57993949924216,335.105,-477.21000000000004
3,23.53,52.57,131.4,557.17,390.19,694.5,643.11,566.3,2,Low Activity,573.5250000000001,133.0926315265675,344.28499999999997,-425.77
1,17.9,52.0,12.33,580.26,476.39,568.88,662.83,583.68,3,High Activity,572.9449999999999,76.45030128565008,296.295,-567.93
3,23.85,51.66,131.17,561.43,393.66,697.13,650.67,572.22,2,Low Activity,578.4200000000001,133.52505907132186,346.29999999999995,-430.26
3,24.06,51.3,127.95,555.59,400.2,697.14,692.39,562.18,2,Low Activity,587.9775,139.93370105756037,341.77000000000004,-427.64000000000004
0,22.53,50.26,106.93,558.61,459.54,738.59,724.154,629.38,1,Moderate Activity,637.916,128.4044490298785,332.77,-451.68
3,24.33,50.79,134.07,563.56,404.54,690.21,634.0600000000001,552.63,2,Moderate Activity,570.36,124.14015976575295,348.81499999999994,-429.48999999999995
3,24.3,50.77,124.42,562.94,392.03,691.33,611.33,545.12,2,Low Activity,559.9525,126.90897535241551,343.68,-438.52000000000004
0,23.22,48.12,118.98,577.12,417.22,722.61,668.26,605.82,2,High Activity,603.4775,133.02464492842418,348.05,-458.14
3,21.58,50.36,117.96,595.88,472.82,712.52,660.28,568.64,1,High Activity,603.5649999999999,105.51744547703947,356.92,-477.92
3,23.53,52.51,135.77,556.3,408.22,694.74,623.58,548.54,2,Low Activity,568.77,122.55356978344884,346.03499999999997,-420.53
3,23.77,52.14,117.4,555.68,424.62,697.27,627.78,560.09,2,Low Activity,577.4399999999999,116.25879092209185,336.53999999999996,-438.28
2,21.4,49.96,107.95,582.96,480.53,732.67,683.23,627.98,1,Moderate Activity,631.1025,109.1101294946227,345.45500000000004,-475.01000000000005
3,24.05,51.63,129.12,562.53,403.11,698.14,864.56,556.14,2,Low Activity,630.4875,197.1419744541143,345.825,-433.40999999999997
3,24.45,50.61,123.95,557.98,410.32,692.35,639.7,561.84,2,Low Activity,576.0525,122.8079387702603,340.96500000000003,-434.03000000000003
3,25.01,49.34,122.49,560.89,416.94,697.59,488.24,563.74,2,Low Activity,541.6275,120.0145295023343,341.69,-438.4
3,24.72,49.85,124.82,557.77,423.32,696.21,628.73,563.97,2,Low Activity,578.0575,116.4329092582219,341.29499999999996,-432.95
1,18.93,52.27,115.04,569.45,422.08,715.05,657.19,592.38,2,Low Activity,596.675,126.72354017045663,342.245,-454.41
2,21.71,46.69,155.32,578.88,405.15,640.87,685.84,621.58,2,Low Activity,588.36,125.07214318144551,367.1,-423.56
3,23.17,48.39,92.08,601.09,497.35,737.9,679.33,619.59,1,Low Activity,633.5425,102.84300701392712,346.58500000000004,-509.01000000000005
1,17.91,48.59,77.18,585.13,584.1,785.44,751.94,699.19,0,Low Activity,705.1675,88.17484727328235,331.155,-507.95
3,23.22,54.66,125.66,556.51,396.1,681.29,613.15,540.54,2,Low Activity,557.77,122.14499116487201,341.085,-430.85
3,23.21,54.55,131.04,553.65,408.05,677.2,631.426,550.39,2,Low Activity,566.7665,118.0896918829074,342.34499999999997,-422.61
3,24.45,49.25,145.33,556.49,391.58,862.26,630.71,558.14,2,Low Activity,610.6725,195.3278941293332,350.91,-411.15999999999997
3,22.84,54.71,129.88,558.13,410.8,687.79,679.364,559.64,2,Low Activity,584.3985,129.68894965390587,344.005,-428.25
1,19.64,55.2,139.9,579.3,476.97,720.98,677.8779999999999,607.58,1,Moderate Activity,620.852,106.70169784341138,359.59999999999997,-439.4
1,19.63,52.16,102.56,578.93,496.47,752.02,726.78,648.68,1,Moderate Activity,655.9875,115.08410181978508,340.745,-476.36999999999995
3,23.72,42.99,102.93,599.35,494.19,744.03,732.4300000000001,638.21,1,Moderate Activity,652.215,115.51692675390333,351.14,-496.42
0,19.6,52.79,118.9,559.95,477.47,723.59,673.01,606.18,1,Low Activity,620.0625,106.53125656350817,339.425,-441.05000000000007
0,22.52,55.09,129.65,559.02,435.19,687.49,638.48,560.11,2,Low Activity,580.3175,110.05931048757303,344.335,-429.37
0,22.38,55.33,125.36,578.93,411.52,694.48,635.46,550.86,2,Low Activity,573.08,122.7797301403344,352.145,-453.56999999999994
0,22.45,55.03,127.85,554.07,419.3,686.13,635.73,568.56,2,Low Activity,577.4300000000001,115.89989042272644,340.96000000000004,-426.22
0,22.2,55.65,135.33,554.73,430.14,691.99,575.35,569.19,2,Low Activity,566.6675,107.12490540641488,345.03000000000003,-419.4
2,19.3,53.5,87.58,617.08,488.6,749.45,703.08,629.3,2,Moderate Activity,642.6075000000001,113.97023394290284,352.33000000000004,-529.5
0,20.92,51.85,107.6,549.59,468.45,745.92,700.25,642.43,1,High Activity,639.2624999999999,121.4938142115337,328.595,-441.99
0,22.3,55.23,135.33,555.73,425.96,823.14,631.35,578.62,2,Low Activity,614.7674999999999,163.96035280416626,345.53000000000003,-420.4
0,22.29,55.24,131.63,559.4,399.85,698.14,633.49,568.82,2,Low Activity,575.075,128.19286524608145,345.515,-427.77
0,22.17,55.54,137.33,561.69,425.21,699.18,645.68,569.35,2,Low Activity,584.8549999999999,119.0193503875175,349.51000000000005,-424.36
0,19.56,49.69,113.33,590.08,380.49,708.46,650.766,550.45,2,Low Activity,572.5415,143.71815481119054,351.70500000000004,-476.75000000000006
0,20.26,46.7,109.9,583.22,464.05,729.16,686.43,616.49,2,High Activity,624.0325,116.32788269227058,346.56,-473.32000000000005
0,21.42,57.25,138.58,554.67,428.48,697.57,632.64,567.76,2,Low Activity,581.6125,115.02376837709095,346.625,-416.0899999999999
0,21.47,57.06,135.54,549.92,434.91,702.17,640.32,571.54,2,Low Activity,587.235,114.71313510957087,342.72999999999996,-414.38
0,21.37,57.22,139.52,553.87,437.64,696.63,646.2,575.02,2,High Activity,588.8725,112.48893556701478,346.695,-414.35
3,18.93,53.39,83.12,587.61,442.77,732.34,706.59,609.81,1,Low Activity,622.8775,131.14787159919908,335.365,-504.49
2,17.85,47.42,85.73,610.95,475.61,767.35,730.28,667.01,0,Low Activity,660.0625,129.75887570798386,348.34000000000003,-525.22
2,15.89,42.87,64.24,616.22,603.65,800.42,857.29,710.97,0,Moderate Activity,743.0825,110.760366971524,340.23,-551.98
0,21.43,56.87,137.27,556.14,428.61,706.47,648.59,567.55,2,Low Activity,587.8050000000001,120.45678547374021,346.705,-418.87
3,23.17,46.21,109.09,596.21,396.09,716.96,637.83,572.88,4,Low Activity,580.94,136.59233580256256,352.65000000000003,-487.12
0,21.55,56.26,136.88,551.97,426.14,705.47,645.46,579.39,2,Low Activity,589.115,120.23403747136945,344.425,-415.09000000000003
0,21.36,56.91,132.22,545.47,436.06,701.69,643.03,567.17,2,Low Activity,586.9875,114.70145142208679,338.845,-413.25
0,21.28,57.02,142.22,558.7,420.5,701.74,650.25,577.55,2,Low Activity,587.51,122.44228871867215,350.46000000000004,-416.48
0,21.18,57.27,135.69,554.6,460.73,700.56,644.27,579.47,2,High Activity,596.2574999999999,103.01089760311767,345.145,-418.91
0,21.08,57.48,136.35,560.49,433.79,698.73,649.85,580.19,1,Low Activity,590.64,115.3261999720792,348.42,-424.14
0,21.13,57.26,141.34,561.11,449.82,699.8,652.74,583.05,1,Low Activity,596.3525,108.82656764320006,351.225,-419.77
3,23.93,51.17,151.05,555.32,398.95,896.33,600.01,527.45,2,Low Activity,605.685,210.8449644486046,353.18500000000006,-404.27000000000004
1,18.63,53.62,121.48,578.93,449.11,750.09,707.29,646.12,1,Low Activity,638.1525,133.05455732518146,350.205,-457.44999999999993
2,23.65,49.36,103.77,554.91,425.75,721.22,686.05,617.39,1,Low Activity,612.6025,131.81941368781762,329.34,-451.14
2,18.24,46.47,82.5,578.93,495.43,739.94,834.84,626.17,0,Low Activity,674.095,146.5065492278986,330.715,-496.42999999999995
0,20.98,57.31,137.26,563.96,446.48,712.9,647.43,590.63,1,Low Activity,599.36,113.50560015552828,350.61,-426.70000000000005
2,22.14,51.42,128.6,556.12,458.28,706.29,638.54,565.2,2,Moderate Activity,592.0775,106.18761709822854,342.36,-427.52
0,17.97,54.66,121.8,586.06,495.13,739.37,699.72,626.09,1,High Activity,640.0775,107.42696166077987,353.92999999999995,-464.25999999999993
2,23.28,50.83,105.6,549.3,476.23,709.67,670.93,596.61,1,Low Activity,613.36,102.75394623403356,327.45,-443.69999999999993
0,18.17,52.37,121.79,585.62,494.11,736.06,692.31,633.93,1,Low Activity,639.1025,105.32706944719067,353.705,-463.83
0,20.9,57.17,142.76,562.96,452.83,704.26,505.23,585.02,1,Low Activity,561.835,109.4054247588604,352.86,-420.20000000000005
3,23.89,44.81,137.26,579.56,457.18,697.26,654.912,557.04,1,Low Activity,591.598,107.13787834374918,358.40999999999997,-442.29999999999995
1,16.49,53.95,75.94,615.86,579.34,776.1,743.4780000000001,679.91,1,Moderate Activity,694.707,86.66396172958324,345.9,-539.9200000000001
0,20.77,57.32,128.97,554.79,435.65,702.54,658.142,588.09,1,Low Activity,596.1055,116.88604969941167,341.88,-425.81999999999994
3,20.15,50.01,116.15,579.43,433.5,721.25,668.28,601.94,2,Low Activity,606.2425000000001,125.07845441295368,347.78999999999996,-463.28
0,20.73,57.24,130.38,557.34,454.43,706.87,655.19,591.09,1,Low Activity,601.895,109.12192248428666,343.86,-426.96000000000004
2,22.02,49.51,103.6,580.48,477.12,721.28,685.81,610.06,2,High Activity,623.5675,108.0912951706411,342.04,-476.88
2,16.57,45.73,61.31,611.82,610.89,784.5,762.98,706.59,0,Moderate Activity,716.24,77.53665842683705,336.56500000000005,-550.51
0,20.57,57.53,129.6,561.28,460.74,707.54,663.7879999999999,574.46,1,Low Activity,601.632,109.03935993942734,345.44,-431.67999999999995
0,20.56,57.57,123.67,559.95,461.35,708.69,835.61,580.61,1,Low Activity,646.565,161.5056097064949,341.81,-436.28000000000003
0,20.54,57.55,133.78,557.71,460.86,696.76,657.56,579.64,1,Low Activity,598.7049999999999,103.99264765677746,345.745,-423.93000000000006
1,20.04,55.8,137.93,563.09,400.72,699.89,648.516,573.39,2,Low Activity,580.629,130.70511631403974,350.51,-425.16
0,20.5,57.54,132.07,560.88,461.73,720.29,659.6,599.99,1,Low Activity,610.4024999999999,110.61583532659326,346.475,-428.81
2,22.6,44.42,113.93,588.64,454.95,730.13,687.58,618.75,1,Low Activity,622.8525,120.97684527076521,351.28499999999997,-474.71
0,20.7,56.9,125.21,560.11,445.74,708.93,657.74,590.97,1,Low Activity,600.845,114.1263698712966,342.66,-434.90000000000003
2,21.94,55.55,119.83,544.84,485.89,710.73,680.266,615.84,2,Low Activity,623.1815,99.70996872095253,332.33500000000004,-425.01000000000005
0,20.51,57.16,134.35,557.02,448.64,706.55,699.676,596.09,1,Low Activity,612.739,120.50479477597561,345.685,-422.66999999999996
0,20.43,57.48,133.48,556.31,459.51,626.72,673.112,603.41,1,Low Activity,590.688,92.12588808798535,344.895,-422.8299999999999
2,16.06,46.47,73.39,610.17,572.19,791.75,707.4399999999999,704.2,0,Moderate Activity,693.895,90.69613755098209,341.78,-536.78
1,20.35,57.58,137.67,560.31,448.86,715.21,699.814,596.73,1,Low Activity,615.1535,122.70786031193492,348.98999999999995,-422.64
1,20.38,57.5,124.53,554.32,458.25,716.07,659.72,595.61,1,Low Activity,607.4125,110.95235805666024,339.425,-429.7900000000001
1,20.51,56.86,125.09,553.51,463.15,618.14,664.0,588.98,1,Low Activity,583.5675,86.01223609657718,339.3,-428.41999999999996
2,18.43,45.75,74.31,622.9,516.28,770.91,729.41,676.6,0,Moderate Activity,673.3,111.56793834550616,348.605,-548.5899999999999
1,20.69,56.38,132.89,560.4,463.04,721.96,661.71,595.33,1,Low Activity,610.51,111.0861164442554,346.645,-427.51
1,20.8,55.98,131.34,559.22,474.62,721.56,662.21,586.26,1,Low Activity,611.1624999999999,106.54802371857176,345.28000000000003,-427.88
2,19.45,48.13,75.34,616.55,540.63,765.56,736.79,660.75,0,Low Activity,675.9325,100.45562681270437,345.945,-541.2099999999999
1,20.15,57.67,131.35,558.8,455.85,722.39,674.222,599.5,1,Low Activity,612.9905,116.32236460658227,345.075,-427.44999999999993
1,20.13,57.73,130.71,558.51,472.23,714.54,669.64,605.09,1,Low Activity,615.375,105.47457782170386,344.61,-427.79999999999995
1,20.16,57.52,129.77,567.57,457.82,720.11,879.32,584.47,1,Low Activity,660.4300000000001,181.01129633257702,348.67,-437.80000000000007
1,20.36,57.1,133.58,559.79,468.01,708.79,669.02,596.11,1,Low Activity,610.4825,105.82372997111752,346.685,-426.2099999999999
2,19.07,54.4,85.61,583.44,471.14,731.72,682.71,622.02,1,Moderate Activity,626.8975,113.1179037921643,334.52500000000003,-497.83000000000004
1,20.16,57.3,131.07,561.47,477.94,716.65,676.84,608.78,1,Low Activity,620.0525,104.68831369833025,346.27,-430.40000000000003
1,20.33,56.64,130.67,578.93,460.91,715.79,673.99,605.12,1,Low Activity,613.9525,111.76671787701379,354.79999999999995,-448.26
1,18.34,55.61,100.63,607.28,493.71,837.07,690.6,617.91,1,Low Activity,659.8225,143.42704425944225,353.955,-506.65
1,18.74,43.48,65.14,581.48,589.3,783.38,754.616,699.86,0,Low Activity,706.789,85.64515820523658,323.31,-516.34
1,20.1,57.22,130.15,562.06,474.98,718.2,679.91,600.79,1,Low Activity,618.47,107.42890517298716,346.10499999999996,-431.90999999999997
1,20.06,57.24,135.14,560.69,461.46,721.36,496.56,600.08,1,Low Activity,569.865,116.88876236262693,347.915,-425.55000000000007
0,20.57,56.89,124.28,550.88,461.19,712.46,678.74,601.41,1,Low Activity,613.45,111.64502287757094,337.58,-426.6
1,19.88,57.65,137.15,561.13,459.97,715.86,667.29,599.25,1,Low Activity,610.5925,111.22296356868036,349.14,-423.98
1,19.85,57.73,134.64,567.64,483.87,728.55,677.0400000000001,600.39,1,Low Activity,622.4625,106.34587826991698,351.14,-433.0
1,19.96,57.49,134.48,565.03,483.93,719.96,673.35,604.0,1,Low Activity,620.3100000000001,102.64645569461553,349.755,-430.54999999999995
1,20.02,57.13,126.81,561.32,471.41,719.23,703.4559999999999,616.25,1,Moderate Activity,627.5865,113.54048838336625,344.06500000000005,-434.51000000000005
1,19.91,57.16,136.08,562.83,462.66,713.45,667.31,602.97,1,Low Activity,611.5975000000001,109.14001263667387,349.45500000000004,-426.75
2,22.36,48.38,88.5,611.79,505.28,745.62,689.88,624.78,1,High Activity,641.3900000000001,103.30698137105742,350.145,-523.29
1,19.81,57.53,126.24,557.1,452.38,703.43,507.31,588.42,1,Low Activity,562.885,109.09455974825995,341.67,-430.86
1,19.85,57.21,132.26,561.39,456.27,704.84,666.35,603.16,1,Low Activity,607.655,109.28197548848883,346.825,-429.13
3,23.43,44.97,123.12,582.25,446.68,726.15,681.38,612.19,1,Moderate Activity,616.6,122.59677184439508,352.685,-459.13
1,20.05,57.13,128.54,553.88,409.65,696.65,651.99,574.79,2,Low Activity,583.27,126.21843182884716,341.21,-425.34000000000003
1,19.97,57.49,141.15,555.89,385.02,701.8,644.86,571.15,2,Low Activity,575.7075,137.91770526295744,348.52,-414.74
1,19.9,57.45,139.19,558.55,404.97,705.72,651.18,585.92,2,Low Activity,586.9475,130.83015334776613,348.87,-419.35999999999996
1,19.93,57.31,120.11,564.09,398.05,703.66,655.194,578.48,2,Low Activity,583.846,134.1577172236717,342.1,-443.98
1,19.95,57.1,121.54,553.46,406.96,704.29,655.17,581.88,2,Low Activity,587.075,130.18536336060723,337.5,-431.92
1,19.59,57.29,120.29,602.24,462.1,732.12,679.58,614.63,2,Low Activity,622.1075000000001,116.99594220171342,361.265,-481.95
2,19.01,53.24,81.91,621.73,521.38,752.89,710.49,636.98,1,Moderate Activity,655.435,101.39010487550877,351.82,-539.82
1,19.65,57.75,123.49,557.04,403.86,705.94,600.9680000000001,584.55,2,Low Activity,573.8295,125.42493431398188,340.265,-433.54999999999995
1,19.7,57.73,128.2,564.46,420.11,706.2,660.878,592.38,2,Low Activity,594.892,125.56363689115307,346.33000000000004,-436.26000000000005
1,19.96,57.06,119.75,556.12,406.99,706.17,634.7239999999999,598.74,2,Low Activity,586.656,127.82804000166263,337.935,-436.37
2,20.45,55.05,133.31,556.53,425.92,607.94,622.15,544.48,2,Low Activity,550.1225000000001,89.42207571399805,344.91999999999996,-423.21999999999997
1,18.65,43.17,61.69,581.41,587.55,783.37,772.472,702.43,0,Moderate Activity,711.4554999999999,90.05320864725849,321.54999999999995,-519.72
0,22.38,50.55,100.14,556.98,440.63,740.31,684.05,621.31,1,Moderate Activity,621.575,130.05420549396572,328.56,-456.84000000000003
0,20.0,56.33,124.53,572.53,382.51,694.03,647.81,552.82,2,Low Activity,569.2925,137.6995367639267,348.53,-448.0
2,20.46,50.46,89.45,615.65,418.95,745.01,690.15,606.22,1,Low Activity,615.0825,142.6683640183298,352.55,-526.1999999999999
1,19.98,56.81,127.36,555.21,429.8,715.99,670.6,593.09,2,Low Activity,602.37,125.73962594716645,341.285,-427.85
1,20.15,56.26,129.92,548.28,452.97,713.11,663.0939999999999,590.17,2,Low Activity,604.836,113.13064299295746,339.09999999999997,-418.36
1,20.15,56.3,131.64,555.12,424.97,704.18,660.9300000000001,593.68,2,Low Activity,595.94,122.71300691722399,343.38,-423.48
0,19.66,50.58,112.74,601.01,495.95,739.42,562.05,616.88,1,High Activity,603.5749999999999,103.18002600632869,356.875,-488.27
2,20.2,57.4,120.92,547.22,475.38,704.29,540.74,603.22,2,Low Activity,580.9075,97.41760668209143,334.07,-426.3
2,21.39,44.89,116.37,584.26,434.01,731.92,687.43,620.48,1,Low Activity,618.4599999999999,131.21980973415052,350.315,-467.89
0,21.1,57.89,120.35,550.23,454.36,711.21,676.2239999999999,602.43,1,Low Activity,611.056,113.87966782529706,335.29,-429.88
2,19.87,54.31,120.51,562.35,475.65,717.88,681.796,615.09,1,Low Activity,622.604,106.82251222159745,341.43,-441.84000000000003
2,19.44,53.0,104.1,567.28,494.94,741.94,700.47,637.31,1,Low Activity,643.665,108.08067249359004,335.69,-463.17999999999995
2,19.2,52.37,88.58,567.97,523.21,749.55,715.17,663.83,1,Low Activity,662.9399999999999,99.59004300966366,328.27500000000003,-479.39000000000004
3,22.84,47.0,108.29,598.27,454.8,734.85,682.38,601.01,3,Moderate Activity,618.26,122.0946853880217,353.28,-489.97999999999996
2,19.34,50.97,80.44,580.65,514.54,750.39,895.6,649.63,1,Moderate Activity,702.54,160.94021063736685,330.54499999999996,-500.21
2,19.41,51.99,84.32,576.14,519.54,746.79,707.35,655.29,1,Moderate Activity,657.2425,99.15527734316515,330.23,-491.82
2,19.66,51.71,84.94,569.8,507.19,736.18,696.32,625.62,1,Moderate Activity,641.3275,100.4336701095139,327.37,-484.85999999999996
2,19.52,52.53,86.67,563.96,494.26,736.98,672.292,632.7,1,Moderate Activity,634.058,102.63219411731065,325.315,-477.29
0,20.71,55.14,144.45,560.53,359.91,677.04,624.19,543.42,2,Low Activity,551.14,138.8231774596735,352.49,-416.08
0,20.48,57.66,133.83,561.62,474.32,710.5,665.7,583.74,1,Low Activity,608.565,103.7515511530631,347.725,-427.78999999999996
2,19.78,52.77,91.07,575.84,492.72,732.99,689.86,634.23,1,Low Activity,637.45,104.61332133146333,333.45500000000004,-484.77000000000004
2,19.93,52.64,94.86,572.16,479.65,738.69,698.72,644.28,1,Low Activity,640.335,113.8972438940762,333.51,-477.29999999999995
3,25.16,46.81,116.69,578.93,410.7,579.77,654.69,565.48,2,Low Activity,552.6600000000001,102.40779104475729,347.80999999999995,-462.23999999999995
2,19.46,53.9,111.73,568.9,499.2,739.5,699.75,620.55,1,Moderate Activity,639.75,105.94496212656834,340.315,-457.16999999999996
0,20.76,52.34,119.18,577.01,433.62,726.63,678.2940000000001,602.26,1,Low Activity,610.201,128.36961963019132,348.095,-457.83
2,19.8,54.1,107.73,562.54,514.74,742.37,694.37,615.62,1,High Activity,641.775,99.51141190838365,335.135,-454.80999999999995
2,18.45,52.32,116.75,585.08,456.68,699.86,654.49,558.81,1,Low Activity,592.46,107.93672807097067,350.915,-468.33000000000004
2,20.44,53.11,105.77,564.92,487.48,734.54,687.31,632.26,1,Moderate Activity,635.3975,107.10364711343865,335.34499999999997,-459.15
0,18.39,52.36,119.07,590.77,484.16,752.63,738.4280000000001,649.33,1,Low Activity,656.1370000000001,123.4303197597738,354.91999999999996,-471.7
3,23.08,42.78,114.4,583.04,483.03,723.5,706.4780000000001,615.66,1,Moderate Activity,632.167,110.1183718065852,348.71999999999997,-468.64
3,23.74,44.89,110.93,592.43,335.39,723.12,658.958,562.32,4,Low Activity,569.947,169.76462472886786,351.67999999999995,-481.49999999999994
1,19.54,54.66,111.56,578.93,490.01,742.11,674.66,612.43,1,Low Activity,629.8024999999999,107.18973314486172,345.245,-467.36999999999995
2,19.78,55.1,108.84,578.93,355.84,711.69,673.51,601.94,1,Low Activity,585.745,159.87852190543506,343.885,-470.0899999999999
0,17.71,48.7,107.63,586.92,458.44,742.66,677.46,621.65,2,Low Activity,625.0525,121.5858712666347,347.275,-479.28999999999996
2,19.59,54.95,102.11,569.77,410.6,717.23,683.04,609.62,1,Low Activity,605.1225,137.23272067914414,335.94,-467.65999999999997
2,19.46,55.75,95.37,558.91,374.65,711.76,668.29,600.91,1,Moderate Activity,588.9024999999999,149.9384921392769,327.14,-463.53999999999996
2,20.62,53.14,105.66,560.3,415.39,719.61,679.6,609.21,1,Low Activity,605.9525,134.98970241590035,332.97999999999996,-454.64
2,21.41,52.89,118.54,560.65,426.56,713.77,670.1560000000001,603.24,1,Low Activity,603.4314999999999,126.37287112219404,339.59499999999997,-442.10999999999996
2,21.8,52.47,128.44,553.45,428.93,713.96,670.65,603.1,1,Low Activity,604.16,125.41084030763317,340.94500000000005,-425.01000000000005
2,21.85,52.57,132.67,560.17,434.65,710.85,674.9939999999999,612.25,1,Low Activity,608.1859999999999,122.65733454357034,346.41999999999996,-427.5
2,21.84,52.93,130.11,550.71,443.18,713.09,798.04,598.66,1,Low Activity,638.2425,153.57250456489055,340.41,-420.6
2,22.09,52.73,137.07,547.78,433.23,704.28,654.006,601.67,1,Low Activity,598.2965,117.7488578670723,342.42499999999995,-410.71
2,22.38,52.75,152.97,546.55,438.89,707.91,657.29,608.37,1,Low Activity,603.115,116.78240207040326,349.76,-393.5799999999999
2,22.6,52.33,151.86,558.04,429.77,711.98,667.886,601.23,1,Low Activity,602.7165,123.96004424410312,354.95,-406.17999999999995
2,22.73,52.15,149.92,578.93,438.17,864.66,666.12,594.95,1,Moderate Activity,640.9749999999999,176.9325849959055,364.42499999999995,-429.01
3,21.92,46.49,104.07,586.7,360.25,576.68,665.158,518.55,2,Low Activity,530.1595,128.31312040343602,345.385,-482.63000000000005
2,22.96,51.9,159.41,549.62,446.65,705.7,665.04,601.7,1,Low Activity,604.7725,113.76979252713204,354.515,-390.21000000000004
3,24.25,49.04,112.29,598.78,407.78,722.41,661.9440000000001,576.12,3,Low Activity,592.0635,136.73343642162538,355.53499999999997,-486.48999999999995
2,16.55,41.49,73.21,606.37,520.16,775.57,735.6899999999999,674.64,0,Moderate Activity,676.515,112.19621993038211,339.79,-533.16
2,22.96,52.36,159.29,548.13,436.23,704.03,666.93,592.14,1,Moderate Activity,599.8325,118.58069836613375,353.71,-388.84000000000003
2,19.75,48.5,87.11,617.54,549.83,760.98,719.41,654.42,0,Low Activity,671.16,92.00886080517823,352.325,-530.43
3,23.35,45.53,103.65,578.93,483.43,728.23,686.53,605.85,1,Moderate Activity,626.01,107.77612722676575,341.28999999999996,-475.28
3,23.37,43.47,86.85,605.39,484.77,735.05,476.18,627.59,1,Moderate Activity,580.8975,124.02880562595126,346.12,-518.54
2,23.25,52.24,163.87,546.03,435.61,710.53,670.63,592.82,1,High Activity,602.3975,121.4607073295722,354.95,-382.15999999999997
2,23.38,52.07,160.39,545.86,439.31,708.73,674.33,595.5,1,Low Activity,604.4675,119.87334103822529,353.125,-385.47
2,23.61,51.63,165.77,546.88,437.44,707.13,661.91,601.5,1,Low Activity,601.995,117.92903021167716,356.325,-381.11
2,23.65,51.61,162.83,550.07,438.69,700.54,664.03,595.26,1,Low Activity,599.63,115.83172938937469,356.45000000000005,-387.24
1,19.03,51.27,111.13,603.76,495.92,745.32,700.636,644.29,1,Low Activity,646.5415,108.58992050677018,357.445,-492.63
0,21.24,51.84,131.93,575.54,435.83,711.71,680.56,606.73,1,Low Activity,608.7075,123.37319708240253,353.735,-443.60999999999996
3,23.9,51.49,175.52,546.65,433.83,703.32,654.37,597.46,1,Low Activity,597.245,117.21729067562234,361.085,-371.13
3,23.76,51.76,171.3,543.11,431.21,699.77,662.2,594.85,1,Low Activity,597.0075,118.74855686842402,357.20500000000004,-371.81
3,23.84,51.34,170.18,545.35,446.62,704.92,631.086,607.56,1,Low Activity,597.5464999999999,108.83174344984707,357.765,-375.17
0,21.6,51.99,130.3,569.66,410.64,720.37,669.36,604.16,2,Low Activity,601.1324999999999,135.60866672770834,349.98,-439.35999999999996
3,23.73,51.15,162.04,552.36,444.94,705.24,482.13,602.35,1,Low Activity,558.665,118.57991918252152,357.2,-390.32000000000005
3,23.75,51.01,162.44,542.53,442.52,859.2,667.07,598.57,1,Low Activity,641.84,172.70656984222308,352.485,-380.09
0,22.41,52.19,119.26,555.72,434.41,692.87,639.55,563.9,3,Low Activity,582.6825,112.12004619305743,337.49,-436.46000000000004
3,22.41,51.85,108.54,550.04,456.01,720.52,636.66,564.13,1,Low Activity,594.33,112.19062260278261,329.28999999999996,-441.49999999999994
3,24.05,50.23,159.09,550.92,443.12,892.23,662.06,597.73,1,Low Activity,648.785,186.49968623744832,355.005,-391.8299999999999
3,23.98,50.61,17.78,547.59,447.85,702.5,666.35,600.98,1,Low Activity,604.42,112.51816120075904,282.685,-529.8100000000001
3,23.96,50.71,158.23,545.41,453.41,714.25,658.3,595.38,1,Low Activity,605.335,112.32108157717617,351.82,-387.17999999999995
3,23.95,50.71,155.67,543.01,448.04,707.93,670.734,602.93,1,Low Activity,607.4085,114.79411521937871,349.34,-387.34000000000003
3,23.78,51.1,147.4,548.43,447.69,707.54,672.92,587.65,1,Low Activity,603.95,115.71607004503161,347.91499999999996,-401.03
3,23.61,51.38,144.24,578.93,430.02,706.27,670.41,595.98,1,Low Activity,600.67,122.68991564101754,361.585,-434.68999999999994
0,20.63,56.82,127.13,544.36,453.68,710.98,700.334,589.97,1,Low Activity,613.741,119.91435128457312,335.745,-417.23
0,19.6,49.49,117.0,593.91,389.79,714.28,641.48,564.39,1,Low Activity,577.485,139.29480021403046,355.455,-476.90999999999997
3,24.01,50.01,104.76,544.4,389.18,579.32,646.69,585.69,2,Low Activity,550.22,111.57250766504565,324.58,-439.64
1,19.51,54.78,14.94,547.86,482.81,745.95,539.75,614.69,1,Moderate Activity,595.8,113.7397573410459,281.40000000000003,-532.92
3,23.04,46.13,143.35,580.43,443.12,707.56,655.56,571.89,1,Low Activity,594.5324999999999,115.38052908383919,361.89,-437.0799999999999
3,23.72,51.44,153.19,556.85,444.94,708.48,657.81,585.88,1,Low Activity,599.2775,114.52917601350904,355.02,-403.66
3,24.03,50.37,149.82,552.41,443.66,699.97,640.4,574.09,1,Low Activity,589.5300000000001,110.00181968191859,351.115,-402.59
3,24.65,51.93,123.32,544.86,458.05,705.36,624.65,577.39,2,Low Activity,591.3625,103.39397318831821,334.09000000000003,-421.54
3,23.96,50.52,142.7,546.69,435.34,697.22,656.0219999999999,594.2,1,Low Activity,595.6955,114.98207628872714,344.69500000000005,-403.99000000000007
3,24.17,49.99,144.11,578.93,445.79,699.9,646.56,583.04,1,Low Activity,593.8225,109.64117729363055,361.52,-434.81999999999994
3,23.98,50.68,142.09,554.02,463.04,703.83,704.478,586.72,1,High Activity,614.517,115.1632873040131,348.055,-411.92999999999995
3,23.54,51.46,138.42,546.75,456.41,705.07,471.28,580.66,1,Low Activity,553.355,115.32221945488217,342.585,-408.33000000000004
0,20.24,48.77,113.65,586.97,361.06,706.83,619.92,539.95,2,Low Activity,556.94,147.2991593096625,350.31,-473.32000000000005
3,23.27,51.85,137.82,549.62,465.28,845.41,661.67,589.35,1,Low Activity,640.4275,158.90733869669663,343.72,-411.8
3,23.61,51.15,135.01,578.93,445.67,711.38,648.0,589.84,1,Low Activity,598.7225,113.4665161696025,356.96999999999997,-443.91999999999996
3,23.73,51.01,147.26,553.48,442.88,709.8,658.53,587.39,1,Low Activity,599.65,115.94110200154788,350.37,-406.22
3,23.72,51.01,147.48,552.7,457.19,708.38,665.35,591.12,1,Low Activity,605.51,110.10443073131376,350.09000000000003,-405.22
2,18.86,46.95,94.75,612.09,486.38,893.52,858.05,645.09,0,Moderate Activity,720.76,190.92275488619296,353.42,-517.34
3,23.81,50.59,131.5,550.98,456.37,708.74,665.93,599.7,1,Low Activity,607.685,110.40015474022972,341.24,-419.48
3,23.81,50.58,125.89,555.58,455.17,700.77,666.0840000000001,598.27,1,Low Activity,605.0735,108.62388955627273,340.735,-429.69000000000005
2,20.47,47.09,128.44,591.07,375.08,730.19,681.17,607.78,1,Moderate Activity,598.5550000000001,157.2462905762804,359.755,-462.63000000000005
3,23.25,51.63,134.27,556.83,442.5,709.73,665.9,601.31,1,Low Activity,604.86,117.04268537589182,345.55,-422.56000000000006
3,24.0,49.93,140.02,554.96,443.52,835.35,669.222,586.37,1,Moderate Activity,633.6155,163.63889892381945,347.49,-414.94000000000005
3,23.8,50.59,133.6,550.16,444.44,709.21,555.82,595.99,1,Low Activity,576.365,109.33013811387967,341.88,-416.55999999999995
3,23.85,50.7,135.63,550.76,464.53,709.43,661.14,588.48,1,Low Activity,605.895,106.55022555896663,343.195,-415.13
3,22.63,44.08,112.85,590.49,435.86,744.25,730.6279999999999,638.96,1,Moderate Activity,637.4245000000001,142.2781141321461,351.67,-477.64
0,17.3,53.58,121.06,578.93,496.77,761.55,715.14,657.61,0,Low Activity,657.7675,115.44498094330476,349.995,-457.86999999999995
3,23.44,51.22,130.73,555.37,456.94,555.4,664.8,590.75,1,High Activity,566.9725,86.36485217764611,343.05,-424.64
3,23.08,51.6,120.57,552.65,451.25,707.99,656.55,595.03,1,Low Activity,602.7049999999999,111.0281314202246,336.61,-432.08
3,23.06,51.33,117.23,554.73,456.7,701.59,666.6,590.91,1,Low Activity,603.9499999999999,108.49146848178127,335.98,-437.5
2,19.0,52.17,103.0,562.81,517.55,746.73,717.89,649.51,1,Low Activity,657.9200000000001,102.07526961348998,332.905,-459.80999999999995
3,22.72,52.15,114.45,559.32,432.23,678.62,618.86,574.91,2,Low Activity,576.155,104.94244279603939,336.88500000000005,-444.87000000000006
0,19.81,52.77,127.28,585.85,433.76,724.2,680.54,598.99,1,Moderate Activity,609.3725,128.0595099618403,356.565,-458.57000000000005
2,21.31,53.91,117.08,547.19,432.12,851.7,615.42,532.78,4,Low Activity,608.0050000000001,178.9195062032086,332.13500000000005,-430.11000000000007
0,22.56,52.11,119.83,557.12,433.58,684.99,641.68,567.64,3,Low Activity,581.9725,110.15647276336813,338.475,-437.29
2,24.65,44.43,92.73,603.08,434.03,740.35,700.43,613.99,1,Moderate Activity,622.2,136.08172593457704,347.90500000000003,-510.35
0,22.49,52.05,117.6,553.64,433.14,684.4,628.31,561.18,3,Low Activity,576.7574999999999,108.18689519376488,335.62,-436.03999999999996
0,22.47,52.34,122.53,550.49,415.47,673.59,636.92,569.32,3,Low Activity,573.825,114.06231527838922,336.51,-427.96000000000004
3,24.18,50.72,106.42,543.19,461.74,692.2,896.08,583.13,3,Low Activity,658.2875,184.36820068818813,324.805,-436.77000000000004
1,19.58,55.66,120.47,553.91,462.57,736.25,690.31,630.55,1,High Activity,629.92,119.66542302046429,337.19,-433.43999999999994
3,24.07,47.76,112.01,575.65,457.76,730.19,676.6,615.02,1,Low Activity,619.8925,117.88690607951337,343.83,-463.64
3,23.93,49.44,114.77,551.14,450.85,729.68,678.35,610.66,1,Low Activity,617.385,121.25184548423718,332.955,-436.37
0,22.21,52.53,130.22,578.93,420.17,675.4,642.43,565.77,3,Low Activity,575.9425,113.55018490370969,354.575,-448.7099999999999
0,22.14,52.71,121.08,578.93,423.52,690.37,643.58,568.43,3,Low Activity,581.4749999999999,116.66919916298963,350.005,-457.84999999999997
0,20.81,52.87,123.52,566.63,389.11,689.55,651.92,570.61,2,Low Activity,575.2975,133.68171038577663,345.075,-443.11
1,17.78,45.03,68.35,622.08,557.73,782.44,754.49,699.84,0,Low Activity,698.625,99.9978828109209,345.21500000000003,-553.73
1,19.54,56.32,144.8,563.04,407.15,694.88,535.53,558.32,2,Low Activity,548.97,117.85682924633602,353.91999999999996,-418.23999999999995
0,21.6,53.44,126.78,551.61,431.45,699.86,651.54,578.06,3,Low Activity,590.2275,117.09945954187833,339.195,-424.83000000000004
1,18.45,45.94,76.48,614.45,517.0,780.22,739.7560000000001,673.39,0,Moderate Activity,677.5915,115.76458374217914,345.46500000000003,-537.97
0,21.46,53.83,124.74,578.93,452.01,695.25,653.32,584.52,3,Low Activity,596.275,106.45930818862202,351.835,-454.18999999999994
0,21.42,53.92,129.06,558.63,448.06,703.05,663.4,582.45,2,Low Activity,599.24,112.59117520184843,343.845,-429.57
0,21.49,53.63,131.14,555.59,437.25,694.32,647.38,581.35,2,Low Activity,590.075,111.92629911389608,343.365,-424.45000000000005
0,21.4,53.75,119.31,556.64,427.21,704.73,658.56,587.82,2,Low Activity,594.58,121.49743124856592,337.975,-437.33
0,21.39,53.67,124.47,561.24,423.76,698.79,664.57,591.08,2,Low Activity,594.55,122.40648539463368,342.855,-436.77
0,21.34,53.72,126.98,554.83,411.8,706.14,667.46,587.7,2,Low Activity,593.2750000000001,130.64733534723672,340.90500000000003,-427.85
3,21.07,48.07,114.76,578.89,441.51,719.13,668.72,598.75,2,Low Activity,607.0274999999999,120.88216697125623,346.825,-464.13
2,22.54,53.68,102.5,557.8,487.52,715.64,695.2520000000001,598.45,1,High Activity,624.2155,104.48946397125407,330.15,-455.29999999999995
2,19.19,54.47,115.58,572.06,414.18,720.85,551.89,605.2,1,High Activity,573.03,127.23453854987648,343.82,-456.47999999999996
1,16.78,49.54,63.84,619.03,590.1,779.09,760.85,705.92,0,Low Activity,708.99,85.14248175852053,341.435,-555.1899999999999
0,21.27,53.38,116.69,551.3,433.8,714.04,657.76,598.44,2,High Activity,601.01,121.05388937714199,333.995,-434.60999999999996
1,19.05,55.98,109.77,578.93,474.52,737.69,683.51,594.33,1,High Activity,622.5125,115.01099204713726,344.34999999999997,-469.15999999999997
0,21.07,54.07,115.59,559.51,431.76,711.57,664.51,598.69,2,Low Activity,601.6324999999999,122.34535609631179,337.55,-443.91999999999996
0,21.04,54.08,115.38,555.82,425.7,709.78,661.73,602.83,2,Low Activity,600.01,124.16486325312273,335.6,-440.44000000000005
0,20.97,54.2,114.98,549.6,432.78,710.08,673.988,595.47,2,Low Activity,603.0795,123.20301208844967,332.29,-434.62
0,19.97,52.41,104.35,555.37,445.62,718.35,678.786,600.8,1,Moderate Activity,610.8889999999999,120.5176327513945,329.86,-451.02
0,20.87,54.31,119.07,552.47,437.09,719.9,678.238,604.66,2,Low Activity,609.972,124.71409330678445,335.77,-433.40000000000003
2,17.08,42.28,63.49,632.11,611.27,798.72,770.81,716.83,0,Moderate Activity,724.4075,82.73059102693917,347.8,-568.62
2,22.0,46.47,93.05,613.0,439.22,600.46,695.43,630.64,1,Low Activity,591.4375,108.93858954322229,353.025,-519.95
1,19.8,57.14,100.31,550.08,488.52,705.05,647.45,574.44,2,Low Activity,603.865,93.64535243851311,325.19500000000005,-449.77000000000004
0,20.78,54.2,109.69,550.99,462.75,717.1,678.03,591.52,2,Low Activity,612.3499999999999,112.69497740952492,330.34000000000003,-441.3
0,20.64,54.54,114.22,556.96,434.41,717.38,673.55,607.81,2,Low Activity,608.2874999999999,124.35698676927375,335.59000000000003,-442.74
0,20.65,54.44,117.67,560.67,450.26,711.17,670.31,611.76,2,Low Activity,610.875,114.58558329912186,339.16999999999996,-442.99999999999994
0,20.63,54.46,123.15,553.38,445.15,724.58,666.64,613.51,2,Low Activity,612.47,120.41609111742501,338.265,-430.23
1,19.21,48.43,80.44,613.38,531.12,765.76,720.88,677.99,0,Low Activity,673.9375,101.73205144725365,346.90999999999997,-532.94
0,20.66,54.34,111.44,559.71,463.14,715.72,679.66,605.98,2,Low Activity,616.125,111.748514531514,335.57500000000005,-448.27000000000004
0,20.35,52.97,120.04,576.35,431.07,737.64,686.86,614.66,1,Low Activity,617.5575,134.17479454676527,348.195,-456.31
1,19.67,54.51,103.43,551.2,498.2,743.91,689.53,607.11,1,High Activity,634.6875,106.96823590050771,327.31500000000005,-447.77000000000004
3,23.13,47.25,102.67,608.86,448.85,735.93,685.682,607.45,1,High Activity,619.4780000000001,125.43607281267484,355.765,-506.19
0,20.51,54.66,117.87,558.11,447.64,720.93,676.86,608.26,2,Low Activity,613.4224999999999,119.8508346167574,337.99,-440.24
0,20.48,54.66,121.02,562.18,436.4,726.27,683.74,615.14,2,Low Activity,615.3875,127.80659799739084,341.59999999999997,-441.15999999999997
1,18.93,56.13,113.85,601.42,496.68,735.8,648.7520000000001,621.88,1,Low Activity,625.778,98.85027932518281,357.635,-487.56999999999994
0,20.41,54.73,115.75,556.68,465.12,716.68,674.52,611.51,1,Low Activity,616.9575,110.06410264780548,336.215,-440.92999999999995
3,24.05,48.3,105.68,583.11,472.27,727.63,686.39,631.47,1,Low Activity,629.44,111.93913286544017,344.395,-477.43
1,20.24,55.89,131.1,560.05,478.38,717.69,664.6,607.04,1,Low Activity,616.9275,102.8249662857551,345.575,-428.94999999999993
0,20.29,54.93,117.89,578.93,459.12,719.38,674.682,616.13,1,Moderate Activity,617.328,113.62995275307769,348.40999999999997,-461.03999999999996
0,20.24,54.98,122.01,560.41,465.15,724.38,682.91,617.49,1,Low Activity,622.4825000000001,113.74389928695076,341.21,-438.4
0,20.18,55.07,119.38,562.09,461.97,727.76,679.73,613.64,1,Moderate Activity,620.775,115.74601289029354,340.735,-442.71000000000004
2,18.25,45.86,69.12,606.17,557.25,764.38,750.53,689.69,0,Low Activity,690.4625,94.54816810317726,337.645,-537.05
3,23.24,47.96,105.36,561.71,461.72,735.28,695.842,631.12,1,Low Activity,630.9905,120.74012837909356,333.535,-456.35
1,18.66,56.55,128.61,572.95,459.86,713.19,679.98,612.51,2,Low Activity,616.385,112.44350181313281,350.78000000000003,-444.34000000000003
2,20.43,53.11,110.02,561.99,401.21,716.81,640.434,616.43,1,Moderate Activity,593.721,135.2888146300351,336.005,-451.97
2,22.5,51.23,121.58,571.94,409.18,697.0,632.14,572.03,2,Low Activity,577.5875000000001,123.32516947079375,346.76000000000005,-450.36000000000007
0,19.83,56.55,133.41,562.48,386.74,690.81,643.7379999999999,568.57,2,Low Activity,572.4645,133.65917626934558,347.945,-429.07000000000005
1,19.8,55.51,121.28,555.85,473.05,729.04,683.29,619.87,1,High Activity,626.3125,111.55010006718952,338.565,-434.57000000000005
1,19.85,55.35,120.35,558.53,469.86,728.54,691.386,627.29,1,High Activity,629.269,114.20507702082831,339.44,-438.17999999999995
1,19.8,55.51,119.95,564.0,468.08,731.3,684.51,617.6,1,Moderate Activity,625.3725,114.77401197570815,341.975,-444.05
1,19.74,55.63,120.64,578.93,464.38,728.94,687.8599999999999,622.64,1,Moderate Activity,625.955,116.26924084497442,349.78499999999997,-458.28999999999996
3,25.25,46.88,116.14,573.58,437.17,704.06,656.8779999999999,587.42,1,Low Activity,596.382,116.45184425045971,344.86,-457.44000000000005
3,22.08,45.32,122.45,571.63,472.89,717.27,664.17,600.78,2,Low Activity,613.7774999999999,105.30641682727601,347.04,-449.18
1,19.65,55.75,117.16,556.15,480.69,724.21,687.79,623.37,1,Moderate Activity,629.015,107.31380821373052,336.655,-438.99
1,16.15,48.76,66.09,614.86,598.55,791.4,755.04,687.26,0,Moderate Activity,708.0625,84.80911129314666,340.475,-548.77
1,19.63,55.72,121.06,557.06,456.06,728.92,675.72,625.0,1,High Activity,621.425,118.12632489556817,339.05999999999995,-435.99999999999994
1,19.62,55.67,124.36,557.59,476.67,733.88,683.28,633.2,1,Moderate Activity,631.7574999999999,111.26213263430344,340.975,-433.23
0,19.51,52.38,135.19,578.48,452.55,728.55,692.0,616.79,1,Low Activity,622.4725,122.46422072725295,356.83500000000004,-443.29
2,17.06,49.9,93.33,599.97,384.82,745.43,696.23,637.46,2,Moderate Activity,615.985,160.30564650067694,346.65000000000003,-506.64000000000004
3,21.86,47.99,123.33,578.1,423.57,716.99,662.96,600.35,3,Low Activity,600.9675,127.50757477499133,350.71500000000003,-454.77000000000004
1,19.53,55.65,124.63,578.93,482.09,736.31,677.4,628.89,1,Low Activity,631.1724999999999,108.66105907054897,351.78,-454.29999999999995
1,19.53,55.59,120.44,558.48,473.65,730.8,693.85,638.89,1,High Activity,634.2974999999999,113.56047298686282,339.46000000000004,-438.04
2,18.38,43.0,81.52,600.85,533.04,744.32,673.32,620.33,0,Moderate Activity,642.7525,89.05041694643175,341.185,-519.33
1,19.48,55.68,124.96,558.71,476.11,730.64,689.62,629.22,1,Moderate Activity,631.3975,111.59134147265488,341.83500000000004,-433.75000000000006
1,19.46,55.69,117.54,562.45,485.06,866.3,691.73,633.8,1,Low Activity,669.2225,157.6036256721272,339.995,-444.91
3,22.44,47.71,106.07,586.89,494.03,738.07,551.55,625.78,1,Moderate Activity,602.3575,105.3292385411889,346.48,-480.82
1,19.51,55.4,118.57,557.3,482.78,735.75,689.11,632.67,1,Low Activity,635.0775,109.93147543659492,337.93499999999995,-438.72999999999996
0,18.88,55.89,108.8,599.91,491.35,738.35,698.65,632.9,1,High Activity,640.3125,108.41184879123377,354.35499999999996,-491.10999999999996
2,17.33,47.63,82.59,613.07,438.34,757.98,760.5279999999999,649.64,0,Moderate Activity,651.622,151.28965689255384,347.83000000000004,-530.48
1,20.09,56.44,125.35,550.12,430.1,700.51,648.14,601.4,2,Low Activity,595.0375,117.17392212006901,337.735,-424.77
1,19.47,55.01,114.68,561.51,475.93,716.2,665.94,600.1,2,Low Activity,614.5425,103.91977879595396,338.095,-446.83
1,19.42,55.03,108.85,560.69,474.61,632.1,667.83,598.51,2,Low Activity,593.2625,84.01312491708265,334.77000000000004,-451.84000000000003
3,22.16,50.63,116.5,604.72,450.26,724.69,677.73,587.61,1,Moderate Activity,610.0725,120.77431801366826,360.61,-488.22
0,20.46,54.39,130.55,546.78,458.92,680.25,615.58,541.38,3,Low Activity,574.0325,95.43833170342685,338.66499999999996,-416.22999999999996
1,19.29,55.37,107.78,559.0,467.93,720.26,662.3,598.05,2,Low Activity,612.135,108.32206931184429,333.39,-451.22
1,19.48,54.85,104.68,578.93,482.93,579.48,658.37,604.41,2,Low Activity,581.2975,73.3798934200189,341.80499999999995,-474.24999999999994
1,19.67,48.68,79.27,622.33,510.95,768.7,738.63,671.95,1,Low Activity,672.5575000000001,115.07433637291449,350.8,-543.0600000000001
3,24.07,49.07,112.91,547.88,460.82,729.53,686.4219999999999,621.53,1,Moderate Activity,624.5754999999999,117.84958702091404,330.395,-434.97
3,22.85,50.16,138.42,584.63,429.41,713.74,661.16,574.54,2,Low Activity,594.7125,124.25063685282795,361.525,-446.21000000000004
1,19.86,58.7,134.95,552.31,495.23,725.26,729.6519999999999,628.93,1,Low Activity,644.7679999999999,109.99501686894726,343.63,-417.35999999999996
1,18.88,46.36,75.3,574.01,555.98,774.12,740.2,682.65,1,Moderate Activity,688.2375000000001,95.9151911412716,324.655,-498.71
1,18.85,56.69,139.43,569.68,470.1,719.35,678.1519999999999,613.56,1,Moderate Activity,620.2905,109.18367344830757,354.55499999999995,-430.24999999999994
2,18.46,45.97,60.78,578.93,553.6,773.81,860.48,674.29,0,Moderate Activity,715.545,132.07210467518615,319.85499999999996,-518.15
3,23.77,49.2,133.78,564.12,410.44,676.68,882.7,520.0,1,Low Activity,622.4549999999999,205.0326786148979,348.95,-430.34000000000003
1,18.69,43.13,63.56,580.61,578.32,776.61,742.4739999999999,689.65,0,Moderate Activity,696.7635,86.68790370634184,322.08500000000004,-517.05
1,18.69,43.34,70.13,583.02,580.35,785.41,748.62,698.13,0,Moderate Activity,703.1275,89.32947791742654,326.575,-512.89
1,18.73,43.31,62.1,590.81,586.55,783.85,757.83,697.24,0,Low Activity,706.3675000000001,87.73344340481954,326.455,-528.7099999999999
2,22.97,53.54,140.08,540.23,477.1,710.7,658.4,585.51,2,Low Activity,607.9275,101.20612477348723,340.15500000000003,-400.15
2,23.6,50.9,110.64,552.87,479.08,714.63,678.45,601.77,1,Low Activity,618.4825000000001,104.16782528688982,331.755,-442.23
1,18.69,43.57,61.48,578.91,587.14,786.84,753.62,702.21,0,Moderate Activity,707.4525,87.4383490904687,320.195,-517.43
3,23.33,46.35,90.72,578.93,443.18,731.47,690.49,606.16,1,High Activity,617.825,127.58309253188685,334.825,-488.2099999999999
1,16.62,44.12,79.75,604.03,487.22,785.72,736.3900000000001,675.38,0,Moderate Activity,671.1775,130.67858441611617,341.89,-524.28
1,18.84,43.69,56.42,582.33,612.39,771.89,758.45,689.29,0,Moderate Activity,708.005,73.29954683807172,319.375,-525.9100000000001
1,18.91,43.89,62.66,582.83,602.12,782.06,750.73,687.56,0,High Activity,705.6175,79.4069671061677,322.745,-520.1700000000001
1,18.68,44.55,65.56,584.11,601.62,790.76,742.17,693.04,0,Moderate Activity,706.8975,80.73093268175877,324.83500000000004,-518.55
1,18.78,44.89,66.47,577.78,571.03,768.8,745.4,695.93,0,Low Activity,695.29,88.23394924857438,322.125,-511.30999999999995
1,18.81,44.78,202.28,578.22,570.02,786.58,873.72,699.9,0,Moderate Activity,732.555,129.52507234766045,390.25,-375.94000000000005
2,18.8,44.74,70.29,577.46,584.28,781.69,748.51,696.21,0,Moderate Activity,702.6725,86.41641370904799,323.875,-507.17
2,18.72,45.09,62.76,582.93,586.36,778.37,857.36,702.58,0,Moderate Activity,731.1675,115.38209028412223,322.84499999999997,-520.17
2,18.87,44.48,66.99,582.72,576.82,779.73,739.14,690.22,0,Moderate Activity,696.4775,87.76510558492669,324.855,-515.73
1,16.97,50.89,118.14,582.6,495.91,743.43,706.98,638.56,1,Moderate Activity,646.22,109.22962571268533,350.37,-464.46000000000004
0,18.52,52.22,119.18,588.0,473.91,757.5,713.718,650.8,1,Moderate Activity,648.982,124.66009295680793,353.59000000000003,-468.82
2,18.69,43.02,58.96,577.77,582.14,783.12,757.53,703.85,0,Low Activity,706.66,89.3439328288907,318.365,-518.81
1,20.1,57.22,130.15,578.93,474.98,718.2,679.91,600.79,1,Low Activity,618.47,107.42890517298716,354.53999999999996,-448.78
1,19.93,55.32,116.14,549.35,510.39,729.45,695.9840000000002,621.92,1,Moderate Activity,639.436,97.05647303159817,332.745,-433.21000000000004
2,18.46,44.31,60.67,579.59,578.43,784.65,750.77,709.53,0,High Activity,705.845,90.32652821845863,320.13,-518.9200000000001
2,18.51,44.31,62.67,578.93,597.64,777.96,747.22,693.61,0,Moderate Activity,704.1075,79.07465981589806,320.79999999999995,-516.26
2,18.52,44.66,59.82,581.06,589.5,788.74,702.972,692.53,0,Low Activity,693.4355,81.60331006971062,320.44,-521.2399999999999
2,18.61,45.06,64.24,578.93,575.81,770.37,751.44,685.26,0,Low Activity,695.72,87.87331904508903,321.585,-514.6899999999999
2,18.46,45.97,60.78,581.49,553.6,773.81,761.2359999999999,674.29,0,Moderate Activity,690.7339999999999,101.56819198942152,321.135,-520.71
2,18.41,47.1,72.51,575.69,569.11,762.29,730.4,664.25,0,Moderate Activity,681.5125,85.337190163492,324.1,-503.18000000000006
2,18.86,46.79,73.69,573.99,563.83,771.65,726.01,658.69,1,Moderate Activity,680.045,90.30728929604739,323.84000000000003,-500.3
2,18.91,45.68,74.89,575.13,564.61,762.45,744.35,674.1,0,Low Activity,686.3774999999999,89.67700759763713,325.01,-500.24
2,18.43,46.65,74.25,575.74,548.09,764.96,754.8500000000001,668.24,0,Low Activity,684.0350000000001,100.4890456716552,324.995,-501.49
0,19.62,51.2,130.29,587.34,473.06,891.23,650.5,585.07,2,Low Activity,649.965,176.7444732752154,358.815,-457.05000000000007
0,21.57,53.98,145.78,559.6,333.52,671.45,608.84,533.87,2,Low Activity,536.92,146.80107833391418,352.69,-413.82000000000005
2,18.57,48.29,80.04,578.23,519.86,765.15,754.7239999999999,659.48,0,Low Activity,674.8035,113.71319804226769,329.135,-498.19
2,18.46,48.77,77.16,569.1,537.61,757.41,716.87,655.46,0,Moderate Activity,666.8375,95.80505044968487,323.13,-491.94000000000005
2,18.64,48.67,78.19,575.77,523.16,749.55,714.6279999999999,667.99,0,Low Activity,663.832,99.55519354944103,326.98,-497.58
2,18.67,49.51,72.81,576.09,516.49,835.57,712.2,657.67,0,Low Activity,680.4825000000001,132.25238835272506,324.45000000000005,-503.28000000000003
2,18.83,49.53,77.45,577.45,510.98,882.88,709.234,654.66,0,Low Activity,689.4385,153.69716547700762,327.45000000000005,-500.00000000000006
2,18.84,49.96,84.55,577.58,510.29,747.52,481.77,655.07,0,Moderate Activity,598.6625,124.91852901658211,331.065,-493.03000000000003
2,18.88,50.17,82.22,578.87,508.41,747.57,713.1,652.36,0,Low Activity,655.36,105.577608421483,330.545,-496.65
3,24.36,49.32,142.24,572.24,434.16,698.81,540.75,567.85,2,Low Activity,560.3925,108.83548819969826,357.24,-430.0
2,18.94,51.01,91.72,564.83,515.39,750.36,720.046,644.8,1,Moderate Activity,657.649,104.70822160015263,328.27500000000003,-473.11
2,19.16,55.83,99.96,556.22,521.59,734.16,702.58,636.75,1,Moderate Activity,648.77,93.99681022956753,328.09000000000003,-456.26000000000005
1,21.05,53.31,110.2,551.05,480.31,712.6,671.95,593.14,2,Low Activity,614.5,102.28606649979264,330.625,-440.84999999999997
2,19.0,51.23,94.04,566.12,495.08,750.44,706.9,648.24,1,Low Activity,650.165,111.54819391933997,330.08,-472.08
2,19.1,50.85,93.21,568.18,518.56,754.87,713.21,639.93,1,Low Activity,656.6424999999999,103.59312762759252,330.695,-474.96999999999997
2,20.93,54.59,125.22,549.47,437.79,691.8,619.37,555.1,2,Low Activity,576.015,107.74879751842552,337.345,-424.25
2,19.03,51.45,94.86,566.17,509.31,746.81,711.05,645.13,1,Low Activity,653.0749999999999,104.68818637585935,330.515,-471.30999999999995
0,17.28,48.91,113.98,587.14,492.7,742.66,730.358,641.82,2,Moderate Activity,651.8845,115.23784216856312,350.56,-473.15999999999997
3,24.49,52.89,120.46,549.29,469.03,709.23,646.87,572.77,2,Low Activity,599.475,103.31424732339681,334.875,-428.83
2,19.14,51.36,97.28,560.1,495.38,747.02,701.1600000000001,646.49,1,Low Activity,647.5125,109.43055617605167,328.69,-462.82000000000005
3,22.29,51.32,124.78,551.61,452.54,702.05,645.714,562.96,2,Low Activity,590.816,108.44814747457266,338.195,-426.83000000000004
2,19.5,50.63,100.18,569.38,499.81,743.44,711.16,647.23,1,Low Activity,650.41,108.06728737226636,334.78,-469.2
3,23.87,47.52,105.42,604.32,411.11,709.38,905.15,557.44,1,Low Activity,645.77,211.49603699990848,354.87,-498.90000000000003
2,19.63,50.52,103.06,563.97,503.49,738.27,704.822,644.9,1,Low Activity,647.8705,103.71450493703054,333.515,-460.91
2,19.35,51.33,104.82,578.93,511.24,741.83,704.68,644.29,1,High Activity,650.51,101.17402927629203,341.875,-474.10999999999996
2,19.37,51.3,110.23,578.93,492.45,750.69,703.59,647.92,1,Low Activity,648.6625,112.29356982926498,344.58,-468.69999999999993
2,19.14,51.85,110.47,561.86,493.33,747.91,694.07,649.33,1,Moderate Activity,646.16,109.56807381714803,336.165,-451.39
2,19.21,51.78,102.1,565.32,512.89,743.09,707.468,644.51,1,Moderate Activity,651.9894999999999,101.29458505270655,333.71000000000004,-463.22
0,19.79,55.12,123.1,548.37,462.73,684.4,612.88,543.13,3,Low Activity,575.7850000000001,94.9052848897257,335.735,-425.27
2,19.41,51.49,101.95,565.67,501.76,754.41,701.28,648.05,1,Low Activity,651.375,108.78483978324675,333.81,-463.71999999999997
2,19.0,52.17,103.0,578.93,517.55,746.73,559.05,649.51,1,Low Activity,618.21,101.86497860730485,340.965,-475.92999999999995
2,19.67,51.95,98.82,570.48,498.81,745.1,702.86,641.46,1,Moderate Activity,647.0575,107.60251557623239,334.65,-471.66
0,21.43,53.65,107.96,548.77,496.44,714.59,668.1740000000001,603.86,1,Low Activity,620.7660000000001,94.50437124281608,328.365,-440.81
2,20.22,50.51,104.38,560.52,445.8,745.83,728.848,638.55,1,Low Activity,639.7570000000001,137.60991038439056,332.45,-456.14
2,20.58,50.23,109.98,564.13,444.64,732.48,696.05,645.06,1,High Activity,629.5574999999999,128.38626987208042,337.055,-454.15
3,20.86,50.57,102.82,559.66,453.49,729.37,697.49,636.29,1,Low Activity,629.1600000000001,123.31777217146494,331.24,-456.84
3,21.17,50.08,101.95,563.89,456.11,737.01,700.23,638.39,1,Low Activity,632.935,124.70907518433985,332.92,-461.94
3,21.33,49.94,104.68,561.98,441.47,745.47,707.96,644.5,1,Low Activity,634.85,135.48776500727536,333.33000000000004,-457.3
3,21.67,49.54,100.9,557.12,441.81,733.04,898.88,635.48,1,Moderate Activity,677.3025,190.97041348072742,329.01,-456.22
3,23.82,45.38,140.01,578.93,415.35,691.52,649.63,561.23,3,Low Activity,579.4325,122.12793084166563,359.46999999999997,-438.91999999999996
1,17.64,53.04,114.31,591.16,471.88,760.43,709.58,653.11,1,Low Activity,648.75,125.79708237210167,352.735,-476.84999999999997
3,22.25,49.1,110.17,562.39,442.66,737.38,689.8859999999999,627.65,1,Low Activity,624.394,129.21930525531647,336.28,-452.21999999999997
3,22.19,49.7,98.77,558.52,450.8,732.4,701.79,621.99,1,Moderate Activity,626.745,126.1929529199894,328.645,-459.75
3,22.19,49.79,102.81,558.91,446.02,730.45,690.98,628.49,1,Low Activity,623.985,125.8503906761252,330.86,-456.09999999999997
3,22.14,49.89,106.61,555.01,451.63,736.24,872.51,626.94,1,Low Activity,671.83,177.880355482742,330.81,-448.4
3,22.26,49.65,100.17,578.93,445.51,733.89,837.12,615.61,1,Moderate Activity,658.0325,168.11917843700442,339.54999999999995,-478.75999999999993
3,22.35,49.47,102.35,566.29,466.01,733.83,694.28,624.15,1,Moderate Activity,629.5675,118.09428673027894,334.32,-463.93999999999994
3,22.4,49.45,102.05,557.43,450.73,742.13,680.13,632.69,1,Low Activity,626.4200000000001,125.40581751524394,329.73999999999995,-455.37999999999994
3,22.47,49.36,103.9,561.54,451.77,731.15,728.5999999999999,635.8,1,Moderate Activity,636.8299999999999,131.1058857056641,332.71999999999997,-457.64
3,22.65,49.14,109.98,564.14,443.56,736.72,699.53,626.29,1,Moderate Activity,626.525,130.31873042659677,337.06,-454.15999999999997
3,22.72,49.17,106.69,563.55,451.91,735.88,688.44,616.51,1,Low Activity,623.185,124.28201706870816,335.12,-456.85999999999996
3,22.79,49.04,102.92,566.06,453.74,728.52,690.26,629.53,1,Low Activity,625.5125,121.55206823278107,334.48999999999995,-463.13999999999993
0,19.48,54.63,107.11,605.48,494.96,738.59,702.0,620.29,1,Low Activity,638.96,107.98880713604848,356.295,-498.37
1,17.82,54.81,138.4,591.5,494.17,727.85,669.1400000000001,593.85,1,High Activity,621.2525,100.92422648535222,364.95,-453.1
3,23.43,49.48,42.32,555.93,444.32,725.28,681.86,621.85,1,Low Activity,618.3275,123.51279808856516,299.125,-513.6099999999999
3,23.15,49.05,116.7,559.93,451.1,726.06,727.9639999999999,612.46,1,Low Activity,629.396,130.55761337687917,338.315,-443.22999999999996
3,23.05,49.0,104.58,562.22,457.84,729.41,683.04,623.69,1,Moderate Activity,623.495,118.61030211017366,333.40000000000003,-457.64000000000004
3,23.04,48.99,112.38,560.07,462.11,726.11,695.83,627.39,1,Moderate Activity,627.86,117.96364807289858,336.225,-447.69000000000005
0,21.08,50.85,112.2,560.33,437.81,717.15,660.12,594.31,2,Low Activity,602.3475,120.62955148580578,336.26500000000004,-448.13000000000005
3,22.49,49.75,110.41,552.71,468.89,735.26,696.7679999999999,637.27,1,Moderate Activity,634.547,117.56447534296515,331.56,-442.30000000000007
1,16.83,49.85,69.76,617.03,578.02,783.83,739.4,696.68,1,Moderate Activity,699.4825,88.44753713360255,343.395,-547.27
2,19.22,53.88,80.45,581.72,453.71,729.45,689.97,625.1,1,High Activity,624.5575,121.75165197373437,331.08500000000004,-501.27000000000004
1,18.83,51.65,110.75,593.14,469.59,748.57,703.58,617.4,1,Low Activity,634.7850000000001,122.84326667207559,351.945,-482.39
3,23.63,52.8,146.98,559.2,430.07,659.6,592.06,508.05,3,Low Activity,547.445,99.83002036795679,353.09000000000003,-412.22
3,23.24,47.96,180.82,561.71,461.72,735.28,692.92,631.12,1,Low Activity,630.26,120.22471626084211,371.265,-380.89000000000004
3,23.41,47.47,106.39,578.93,464.36,737.61,694.17,626.35,1,Moderate Activity,630.6225,119.92509200191036,342.65999999999997,-472.53999999999996
3,23.28,47.75,105.94,558.45,461.15,733.42,690.904,631.89,1,High Activity,629.341,119.60650914840156,332.19500000000005,-452.51000000000005
0,18.58,53.75,137.72,591.78,479.65,743.36,690.76,624.0,1,Low Activity,634.4425,114.17011645639445,364.75,-454.05999999999995
2,24.74,43.93,97.74,606.84,469.9,741.5,698.432,635.32,1,Moderate Activity,636.288,119.18801009050087,352.29,-509.1
3,22.6,46.58,149.65,580.6,414.09,719.48,674.48,606.06,2,Low Activity,603.5274999999999,134.62567793082172,365.125,-430.95000000000005
3,23.07,48.2,105.99,561.39,465.81,730.02,695.38,626.66,1,Moderate Activity,629.4675,117.25601942615425,333.69,-455.4
3,23.24,47.95,107.84,561.64,477.04,735.49,678.27,626.54,1,Low Activity,629.335,110.85290148059573,334.74,-453.79999999999995
1,19.95,55.47,127.85,555.99,481.42,722.08,673.8,618.76,1,Low Activity,624.015,104.01320348878791,341.92,-428.14
1,18.28,49.44,67.94,578.93,565.87,792.17,751.0579999999999,697.98,1,Moderate Activity,701.7695,98.46258349071825,323.43499999999995,-510.98999999999995
3,23.05,47.66,102.64,564.1,472.83,732.9,687.41,625.87,1,Low Activity,629.7524999999999,113.43652979383083,333.37,-461.46000000000004
3,22.86,47.9,96.64,562.06,477.24,735.24,698.73,624.85,1,High Activity,634.015,114.15914286643887,329.34999999999997,-465.41999999999996
3,23.0,47.73,101.49,559.55,469.21,732.08,691.352,626.89,1,Moderate Activity,629.8829999999999,115.53850115581965,330.52,-458.05999999999995
3,23.05,47.78,101.68,558.22,459.08,728.58,691.55,633.41,1,Low Activity,628.155,119.32878571409333,329.95000000000005,-456.54
3,22.97,47.95,101.96,568.89,464.62,729.42,691.41,637.77,1,Low Activity,630.805,116.9955123070966,335.425,-466.93
3,22.98,47.92,109.71,563.25,459.45,734.54,694.89,624.97,1,Low Activity,628.4625000000001,121.43924609312538,336.48,-453.54
3,22.5,49.04,105.75,560.36,473.19,727.43,672.06,599.44,1,Moderate Activity,618.03,109.86630450992087,333.055,-454.61
3,22.21,49.8,103.64,564.42,460.97,713.51,640.47,584.92,1,Moderate Activity,599.9675,106.58186849397352,334.03,-460.78
0,21.64,55.15,118.26,549.69,461.04,698.34,665.436,598.33,1,Low Activity,605.7865,105.08942520063567,333.975,-431.43000000000006
1,17.51,42.78,67.67,623.88,584.92,800.07,763.724,727.94,0,Moderate Activity,719.1635,94.21578803824058,345.775,-556.21
3,22.25,49.07,102.86,562.37,442.53,711.4,653.72,582.15,2,Low Activity,597.4499999999999,116.02472696225865,332.615,-459.51
2,18.28,51.65,111.83,588.72,472.58,734.39,674.57,601.84,2,Low Activity,620.845,112.72761108087052,350.27500000000003,-476.89000000000004
3,22.82,47.03,103.12,558.21,449.21,705.88,632.164,602.63,2,Low Activity,597.471,107.95686628155401,330.665,-455.09000000000003
3,22.29,48.16,99.94,560.3,445.87,697.36,663.0,588.43,2,Low Activity,598.665,111.55082922148092,330.12,-460.35999999999996
1,17.84,51.2,111.64,591.04,421.84,741.02,682.32,601.77,1,Low Activity,611.7375,138.8719622230012,351.34,-479.4
0,21.7,49.73,105.2,557.87,433.89,700.86,655.4739999999999,577.91,2,High Activity,592.0335,117.01387950011173,331.535,-452.67
0,21.14,54.23,121.89,557.21,437.96,694.5,660.37,590.68,2,Low Activity,595.8774999999999,113.79899073219705,339.55,-435.32000000000005
2,23.19,52.12,121.5,541.38,473.54,714.94,664.24,605.47,2,Low Activity,614.5475,104.10493852358783,331.44,-419.88
0,21.4,50.28,97.93,559.11,426.45,707.91,657.76,587.16,2,Low Activity,594.8199999999999,122.6892065342343,328.52,-461.18
0,21.38,50.29,102.1,558.91,427.08,703.89,657.91,584.56,2,Low Activity,593.36,121.2573871289223,330.505,-456.80999999999995
0,21.19,50.77,108.2,556.35,427.69,710.14,666.606,586.36,2,Low Activity,597.699,124.39558691529214,332.27500000000003,-448.15000000000003
0,21.16,50.77,104.39,558.39,417.84,705.92,663.984,589.53,2,Low Activity,594.3185000000001,127.11643925551093,331.39,-454.0
0,21.37,57.22,139.45,558.4,439.09,693.53,646.8,577.51,2,Low Activity,589.2325,110.86353905440086,348.92499999999995,-418.95
3,22.75,46.29,107.75,600.58,454.31,740.18,688.02,621.9,3,Low Activity,626.1025,124.33526836072429,354.165,-492.83000000000004
0,21.16,50.33,107.32,557.73,435.0,710.58,652.02,584.13,2,Low Activity,595.4325,118.78190866036799,332.525,-450.41
0,21.09,50.51,102.31,564.48,433.29,705.43,658.97,587.16,2,Low Activity,596.2125,119.01352146570012,333.395,-462.17
0,21.04,50.55,109.78,567.25,424.73,714.22,647.6479999999999,604.22,2,Low Activity,597.7045,123.87203655789307,338.515,-457.47
0,20.96,50.71,108.96,558.78,452.36,714.73,656.13,588.37,2,Low Activity,602.8975,112.86096797239809,333.87,-449.82
0,20.82,50.99,103.93,552.81,428.09,723.64,661.4,598.38,2,Low Activity,602.8775,127.25219326859033,328.37,-448.87999999999994
2,19.0,53.09,105.71,581.02,431.04,718.44,682.64,579.39,2,Moderate Activity,602.8774999999999,128.83650734555016,343.365,-475.31
0,20.68,51.2,106.02,563.57,441.29,717.88,668.686,599.65,2,Low Activity,606.8765000000001,120.57266493281136,334.795,-457.55000000000007
0,20.71,51.12,108.02,554.75,439.44,725.44,669.47,598.83,2,Low Activity,608.2950000000001,123.9178880011545,331.385,-446.73
0,20.68,51.12,105.99,557.76,443.63,719.54,667.39,587.92,2,Low Activity,604.62,120.1989314983013,331.875,-451.77
0,20.6,51.11,110.78,563.31,447.45,722.01,669.56,618.14,2,Low Activity,614.29,119.03610012653023,337.04499999999996,-452.53
0,22.6,52.38,142.23,560.12,329.69,672.52,598.95,523.48,3,Low Activity,531.1600000000001,147.45313040646735,351.175,-417.89
3,21.64,45.39,91.81,593.9,500.41,738.9,708.21,641.44,0,Moderate Activity,647.24,106.0056372714835,342.855,-502.09
0,20.43,51.67,106.09,553.61,465.08,723.28,674.63,606.38,2,Moderate Activity,617.3425,112.26257446273002,329.85,-447.52
1,19.52,49.27,83.11,610.87,530.67,756.37,729.42,668.76,0,Low Activity,671.3050000000001,100.66129295811773,346.99,-527.76
0,20.49,55.71,127.44,561.78,369.68,675.23,639.77,556.32,3,Low Activity,560.25,136.47490685103983,344.61,-434.34
3,23.27,46.32,145.3,574.93,429.83,714.18,669.82,585.09,2,Low Activity,599.73,125.28866695222943,360.115,-429.62999999999994
0,20.21,52.15,111.33,560.46,467.16,722.2,698.934,604.35,1,Moderate Activity,623.1610000000001,115.81657447878518,335.89500000000004,-449.13000000000005
0,20.18,52.23,110.55,558.88,454.23,715.54,680.89,610.64,1,Moderate Activity,615.3249999999999,115.92434846341237,334.715,-448.33
0,20.22,52.12,112.83,557.41,451.1,726.32,677.63,621.18,1,Moderate Activity,619.0575,119.93082516600975,335.12,-444.58
0,20.12,52.42,110.86,557.99,477.84,724.61,669.43,603.01,1,Low Activity,618.7225000000001,106.26723338671555,334.425,-447.13
0,20.12,52.4,104.57,560.73,463.44,724.54,678.376,609.03,1,Moderate Activity,618.8465,113.96259799747165,332.65,-456.16
0,20.06,52.38,111.91,557.59,449.68,721.61,680.17,603.72,1,Moderate Activity,613.7950000000001,119.81228888000874,334.75,-445.68000000000006
0,20.13,52.03,111.48,559.76,481.89,718.74,635.626,607.22,1,Moderate Activity,610.869,98.14608046512437,335.62,-448.28
0,20.8,50.89,109.63,563.42,447.1,717.03,731.722,596.17,2,Low Activity,623.0055,132.06409171686298,336.525,-453.78999999999996
0,20.01,52.33,105.96,562.96,438.41,727.62,678.49,600.07,1,High Activity,611.1475,126.57252265664403,334.46000000000004,-457.00000000000006
0,19.97,52.4,107.1,578.93,473.98,720.82,684.914,610.04,1,Moderate Activity,622.4385,109.20280317983296,343.015,-471.8299999999999
0,19.97,52.41,104.35,555.37,445.62,718.35,678.786,600.8,1,Moderate Activity,610.8889999999999,120.5176327513945,329.86,-451.02
0,19.94,52.49,108.19,558.28,465.87,712.78,675.418,607.44,1,Moderate Activity,615.3770000000001,108.79277719285105,333.235,-450.09
0,19.92,52.57,108.51,556.81,471.71,721.37,677.46,590.78,1,Moderate Activity,615.3299999999999,110.05154156121579,332.65999999999997,-448.29999999999995
0,19.94,52.46,109.54,558.23,470.94,718.13,674.7360000000001,608.58,1,Low Activity,618.0965,107.95112064726332,333.885,-448.69
0,19.85,52.55,114.99,556.8,474.7,724.94,679.41,600.75,1,Low Activity,619.95,109.58192399600708,335.895,-441.80999999999995
0,19.63,52.83,106.65,560.25,481.36,720.31,679.5519999999999,607.37,1,High Activity,622.148,104.83423055471907,333.45,-453.6
0,19.69,52.63,107.67,552.06,467.59,724.73,679.77,594.03,1,Low Activity,616.53,113.13106145823379,329.86499999999995,-444.38999999999993
2,17.78,55.24,113.06,598.34,512.33,749.78,716.69,650.08,1,Low Activity,657.22,105.11600924692678,355.70000000000005,-485.28000000000003
0,19.71,52.48,109.71,557.71,466.36,560.32,685.832,613.46,1,Moderate Activity,581.493,92.3984480894205,333.71000000000004,-448.00000000000006
0,19.61,52.58,117.02,553.26,468.9,723.21,677.58,607.31,1,Low Activity,619.25,110.9921267478014,335.14,-436.24
0,19.58,52.69,109.69,562.37,483.72,722.85,706.71,613.69,1,Low Activity,631.7425000000001,109.78350798275669,336.03,-452.68
0,21.36,53.27,131.53,543.57,441.85,649.03,596.67,519.21,4,Low Activity,551.69,90.58707045342248,337.55,-412.0400000000001
0,19.57,52.67,110.17,555.26,459.77,725.56,678.56,625.83,1,Low Activity,622.43,115.83926996777329,332.715,-445.09
1,16.76,49.75,115.89,584.48,505.27,746.07,702.25,643.7,2,Moderate Activity,649.3225,104.79207074806124,350.185,-468.59000000000003
1,19.39,46.05,76.62,619.38,554.76,781.22,742.59,692.31,0,Moderate Activity,692.72,98.91477240533895,348.0,-542.76
1,19.9,57.19,125.33,553.0,454.09,716.11,657.11,590.22,2,Low Activity,604.3824999999999,112.62272635514854,339.165,-427.67
1,19.47,52.78,112.68,554.4,472.25,732.21,683.79,607.58,1,Moderate Activity,623.9575,113.40476162107716,333.53999999999996,-441.71999999999997
1,19.42,52.85,109.83,552.45,485.29,724.19,678.26,612.58,1,High Activity,625.08,103.84025969407692,331.14000000000004,-442.62000000000006
1,19.37,52.94,109.34,558.75,479.36,718.49,678.62,605.72,1,High Activity,620.5474999999999,105.0696808075479,334.045,-449.40999999999997
1,21.77,52.61,112.16,556.89,497.57,715.49,664.61,587.9,2,Low Activity,616.3925,95.00149275142998,334.525,-444.73
1,19.28,52.96,105.97,557.38,475.34,724.71,689.41,617.03,1,Low Activity,626.6225,110.36581396277867,331.675,-451.40999999999997
1,19.29,52.85,101.2,566.63,472.91,720.95,675.596,612.84,1,Low Activity,620.5740000000001,107.96177334593945,333.915,-465.43
1,19.24,52.88,106.13,558.3,479.0,720.91,677.51,612.12,1,Moderate Activity,622.385,105.53130609760623,332.215,-452.16999999999996
1,19.2,52.92,107.79,559.18,485.66,723.41,679.69,614.61,1,Low Activity,625.8425,103.5958053767944,333.48499999999996,-451.38999999999993
1,19.48,55.63,124.03,561.86,466.43,608.07,695.46,630.66,1,High Activity,600.155,96.5377661850532,342.945,-437.83000000000004
1,19.11,53.02,112.81,565.45,471.65,729.41,686.658,611.4,1,Moderate Activity,624.7795,113.14319110902491,339.13,-452.64000000000004
1,19.09,53.08,110.28,552.18,477.54,733.58,678.452,606.26,1,High Activity,623.9580000000001,110.66168992022486,331.22999999999996,-441.9
1,19.15,52.82,112.54,555.57,475.41,722.72,679.658,606.27,1,Moderate Activity,621.0145,108.32226536743651,334.055,-443.03000000000003
1,19.05,53.02,115.22,561.69,498.53,730.39,693.61,616.32,1,High Activity,634.7125000000001,102.4809850248653,338.45500000000004,-446.47
1,19.03,53.11,107.72,563.25,475.27,734.03,692.19,601.54,1,Moderate Activity,625.7574999999999,114.55593433631742,335.485,-455.53
1,18.94,53.35,110.9,564.45,477.36,724.6,678.34,610.8,1,Low Activity,622.7750000000001,107.61772267304923,337.675,-453.55000000000007
1,19.03,53.05,113.45,566.3,478.33,869.73,674.0,619.47,1,Moderate Activity,660.3824999999999,162.09951416234,339.875,-452.84999999999997
1,19.02,53.1,105.67,561.33,472.41,728.11,693.46,625.18,1,High Activity,629.79,113.29961429766651,333.5,-455.66
1,18.99,53.07,113.08,557.03,485.28,734.29,689.3639999999999,624.51,1,High Activity,633.3609999999999,108.51930982087933,335.055,-443.95
1,19.01,52.27,107.63,560.43,489.3,734.9,685.482,618.36,1,Moderate Activity,632.0105,106.45511336239325,334.03,-452.79999999999995
0,20.8,54.88,144.18,578.93,441.52,706.0,656.29,578.57,2,Low Activity,595.595,115.32866556064889,361.55499999999995,-434.74999999999994
1,18.81,53.13,104.29,559.2,481.67,715.04,665.684,592.76,1,Low Activity,613.7885,101.3944525553543,331.745,-454.91
1,19.67,58.29,130.73,550.24,477.05,702.57,655.53,581.21,1,Low Activity,604.09,98.33114121850379,340.485,-419.51
1,18.69,53.23,106.75,558.44,461.38,712.91,550.86,586.35,1,Low Activity,577.875,104.25477143357355,332.595,-451.69000000000005
1,18.71,53.19,104.99,563.04,466.24,700.32,703.0260000000001,589.53,2,Low Activity,614.779,112.2588410950336,334.015,-458.04999999999995
1,18.71,53.18,109.86,551.13,456.87,713.41,658.6,583.26,2,Low Activity,603.0350000000001,111.09360572658235,330.495,-441.27
1,18.69,53.13,105.68,578.93,485.87,715.13,658.71,586.18,2,Low Activity,611.4725,98.981407808066,342.30499999999995,-473.24999999999994
1,18.63,53.3,109.35,578.93,482.67,712.88,666.392,582.14,2,Low Activity,611.0205,101.2411228750452,344.14,-469.5799999999999
1,18.59,53.28,105.82,554.01,479.1,711.92,662.42,583.49,2,Low Activity,609.2325000000001,101.6050797204549,329.91499999999996,-448.19
2,21.92,47.39,126.31,581.42,487.83,722.77,622.23,594.32,2,Low Activity,606.7875,96.60354802835488,353.865,-455.10999999999996
1,18.61,53.22,103.79,564.52,486.33,714.48,657.4680000000001,588.4,2,Low Activity,611.6695,98.18173863300652,334.155,-460.72999999999996
3,23.38,53.44,107.61,550.76,461.38,716.75,676.88,600.72,1,Low Activity,613.9325000000001,112.51764524583096,329.185,-443.15
1,18.95,53.34,102.76,556.06,500.92,753.1,731.588,639.76,1,Low Activity,656.342,114.68076253670448,329.40999999999997,-453.29999999999995
1,18.43,53.56,97.4,562.37,474.51,719.01,697.3979999999999,584.46,2,Moderate Activity,618.8444999999999,112.86942527097405,329.885,-464.97
3,23.44,47.63,101.52,558.34,454.31,724.77,688.25,620.84,1,Moderate Activity,622.0425,119.82210407516635,329.93,-456.82000000000005
3,21.91,45.69,122.65,571.21,475.71,568.48,669.86,583.56,2,Low Activity,574.4025,79.52207172645006,346.93,-448.56000000000006
1,18.37,52.75,98.43,563.19,483.06,718.76,634.5719999999999,606.5,2,Low Activity,610.723,97.56441200219129,330.81000000000006,-464.76000000000005
1,18.47,50.13,83.47,592.9,533.47,827.81,727.33,652.23,2,Moderate Activity,685.21,124.12569221022157,338.185,-509.42999999999995
1,18.46,51.48,93.85,561.21,487.97,689.69,609.15,550.17,1,Moderate Activity,584.245,85.96295384253229,327.53000000000003,-467.36
3,22.89,47.13,116.91,585.74,439.55,724.89,681.4739999999999,609.18,2,Moderate Activity,613.7735,125.57224012097576,351.325,-468.83000000000004
1,18.51,52.01,98.24,566.31,466.58,673.29,645.538,510.15,1,Low Activity,573.8895,100.98187890738946,332.275,-468.06999999999994
2,18.88,55.94,90.77,553.78,536.52,740.62,707.576,643.03,0,High Activity,656.9365,89.92739913767477,322.275,-463.01
1,18.66,52.24,100.03,558.86,478.15,680.32,596.51,530.87,1,Low Activity,571.4625,87.23972007252969,329.445,-458.83000000000004
1,18.67,52.33,99.58,557.8,480.97,890.26,614.894,517.84,1,Low Activity,625.991,185.01259147420208,328.69,-458.21999999999997
1,18.63,52.57,99.41,560.97,484.39,682.14,598.36,540.06,1,Moderate Activity,576.2375,84.55672509229136,330.19,-461.56000000000006
1,18.63,52.57,102.9,562.85,482.58,687.46,598.472,532.85,1,Low Activity,575.3405,88.53587130461116,332.875,-459.95000000000005
2,18.77,52.59,110.72,560.95,474.41,687.89,601.748,544.78,1,Low Activity,577.207,90.31744148280552,335.83500000000004,-450.23
0,22.53,50.26,106.93,558.61,459.54,738.59,691.27,629.38,1,Moderate Activity,629.695,121.932255644955,332.77,-451.68
2,23.49,51.91,117.35,546.85,481.35,721.47,711.934,604.24,2,Low Activity,629.7485,112.30922839345541,332.1,-429.5
2,18.92,52.79,117.43,551.47,463.12,683.98,612.98,539.65,2,Low Activity,574.9325,95.01904980055318,334.45000000000005,-434.04
1,16.61,49.95,112.74,584.9,508.14,750.79,717.4,646.3,1,Moderate Activity,655.6575,107.56595569695831,348.82,-472.15999999999997
2,20.55,47.59,99.52,586.72,463.99,726.23,677.85,616.72,2,Moderate Activity,621.1975,113.9818375517199,343.12,-487.20000000000005
2,19.21,51.89,116.27,553.36,474.55,682.75,610.658,550.55,2,Low Activity,579.627,88.47584217928267,334.815,-437.09000000000003
3,23.77,50.17,106.08,543.99,443.97,726.7,659.84,596.33,2,Low Activity,606.71,120.8476299588315,325.035,-437.91
2,18.37,53.33,105.4,565.42,461.18,699.19,623.34,568.34,1,Low Activity,588.0125,100.13650528986255,335.40999999999997,-460.02
2,18.31,53.44,104.62,556.06,489.56,702.02,633.2439999999999,567.63,1,Low Activity,598.1134999999999,90.81816798232974,330.34,-451.43999999999994
1,16.61,49.95,112.74,584.9,508.14,750.79,711.61,646.3,1,Moderate Activity,654.21,106.49173582959385,348.82,-472.15999999999997
2,18.1,53.82,110.04,560.24,494.7,704.56,642.64,564.68,1,Low Activity,601.645,91.425254534328,335.14,-450.2
1,18.85,50.37,105.47,580.15,483.81,735.14,717.884,620.84,2,Low Activity,639.4185,115.2947038202536,342.81,-474.67999999999995
2,18.13,53.7,103.45,559.37,487.5,701.93,638.806,571.47,1,Low Activity,599.9265,91.952559919051,331.41,-455.92
2,18.11,53.75,104.96,551.83,486.92,705.64,631.3,567.84,1,Low Activity,597.925,92.99395876435557,328.39500000000004,-446.87000000000006
2,18.06,53.87,103.06,558.01,488.66,705.15,626.62,566.45,1,Low Activity,596.72,91.73205800954572,330.53499999999997,-454.95
2,17.19,49.25,83.77,613.82,565.93,768.41,736.906,684.57,0,Low Activity,688.9540000000001,89.00706764446667,348.795,-530.0500000000001
3,24.46,49.19,137.42,564.43,412.29,689.96,666.5200000000001,531.28,2,Low Activity,575.0125,129.07064457755945,350.92499999999995,-427.01
3,20.95,56.26,112.74,595.08,421.52,716.85,672.51,601.49,3,Low Activity,603.0925,130.03935157610306,353.91,-482.34000000000003
2,18.1,53.8,98.26,560.86,480.97,710.25,717.722,580.33,1,Low Activity,622.318,113.39636838394192,329.56,-462.6
2,18.15,53.76,98.78,556.95,477.38,706.28,627.92,563.16,1,Low Activity,593.685,97.13958667814063,327.865,-458.1700000000001
2,18.06,53.85,101.61,565.21,480.71,713.67,645.36,560.68,1,Moderate Activity,600.1049999999999,101.24972576094548,333.41,-463.6
0,20.06,53.01,127.42,571.63,392.23,699.22,658.54,596.66,2,Low Activity,586.6625,136.30787807386628,349.525,-444.21
2,18.0,54.05,100.14,555.3,491.28,707.0,641.47,590.48,1,Low Activity,607.5575,91.01458944403733,327.71999999999997,-455.15999999999997
2,17.94,54.15,96.16,560.45,492.03,709.9,642.2,579.45,1,High Activity,605.895,92.73559061475086,328.305,-464.2900000000001
2,17.88,54.24,93.88,560.69,497.58,709.43,643.65,578.59,1,Low Activity,607.3125,90.58072141281865,327.285,-466.81000000000006
2,17.97,54.09,100.39,568.43,485.06,715.87,660.326,579.71,1,Moderate Activity,610.2415000000001,100.44636643005062,334.40999999999997,-468.03999999999996
2,18.24,53.03,94.34,557.24,504.73,715.18,648.68,580.01,1,Moderate Activity,612.1499999999999,90.40954558747283,325.79,-462.9
2,18.05,53.94,103.48,564.94,491.36,723.43,636.87,569.54,1,Low Activity,605.3,98.67870928759994,334.21000000000004,-461.46000000000004
1,20.08,53.55,101.55,547.62,490.79,739.19,670.43,618.86,1,High Activity,629.8175,104.97687281015757,324.585,-446.07
2,18.62,54.69,131.62,554.14,446.96,701.1,647.8480000000002,561.61,2,Low Activity,589.3795,110.98722857908777,342.88,-422.52
2,19.13,58.82,143.47,546.02,387.56,671.28,639.7139999999999,546.89,2,Low Activity,561.361,127.32841606386741,344.745,-402.54999999999995
2,19.21,59.77,176.82,551.08,399.9,668.46,609.74,542.95,2,Low Activity,555.2625,115.57187673334147,363.95000000000005,-374.26000000000005
2,19.99,54.88,125.35,544.95,412.42,699.49,634.3,549.63,2,Low Activity,573.96,123.94328945126476,335.15000000000003,-419.6
2,20.23,55.07,124.49,552.49,430.93,687.91,622.38,552.65,2,High Activity,573.4675,109.90878896460765,338.49,-428.0
3,23.11,46.79,122.45,591.46,483.35,720.83,662.47,584.45,1,Moderate Activity,612.7750000000001,102.79204297998946,356.95500000000004,-469.01000000000005
2,22.21,52.29,113.21,547.66,448.35,677.14,629.76,562.43,4,Low Activity,579.42,99.24938119034628,330.435,-434.45
2,20.78,54.52,127.67,550.36,431.1,699.41,519.28,564.7,2,Low Activity,553.6225,111.90453740428339,339.015,-422.69
2,20.78,54.69,126.93,554.45,438.76,691.83,628.11,551.11,2,Low Activity,577.4525000000001,108.900461699358,340.69000000000005,-427.52000000000004
1,20.02,58.17,129.54,553.54,479.93,692.53,617.38,549.51,2,Low Activity,584.8375000000001,91.12318525856449,341.53999999999996,-424.0
3,23.74,52.43,116.54,553.95,427.9,700.47,653.106,575.13,2,Moderate Activity,589.1514999999999,119.27647885899383,335.245,-437.41
2,21.21,54.81,138.45,546.27,421.77,692.46,619.84,550.15,2,Low Activity,571.0550000000001,115.24203587811758,342.36,-407.82
2,21.57,55.93,125.07,550.23,475.96,705.57,645.22,579.38,2,Low Activity,601.5325,98.30494235625528,337.65,-425.16
0,19.05,52.84,121.8,589.6,480.88,720.24,684.24,591.4,1,Moderate Activity,619.1899999999999,106.99617625566502,355.7,-467.8
1,20.2,53.76,100.47,547.01,510.15,699.65,644.7280000000001,574.81,2,Low Activity,607.3344999999999,82.50877836731478,323.74,-446.53999999999996
2,21.56,52.91,133.22,556.22,440.29,697.65,634.47,564.6,2,Low Activity,584.2525,110.29084651502134,344.72,-423.0
0,20.11,55.92,108.69,600.33,429.38,721.88,642.25,568.12,2,Low Activity,590.4075,124.36405090834464,354.51,-491.64000000000004
2,22.14,51.42,128.6,556.12,458.28,706.29,604.548,565.2,2,Moderate Activity,583.5795,102.52693227147684,342.36,-427.52
2,22.38,50.73,128.74,552.05,445.85,698.38,630.53,576.43,2,Low Activity,587.7975,106.97798632584804,340.395,-423.30999999999995
2,22.25,51.06,130.03,555.42,456.18,701.85,639.548,568.21,2,Low Activity,591.447,105.41923933830422,342.72499999999997,-425.39
3,22.17,51.36,127.5,578.93,450.58,699.06,642.21,560.69,2,Low Activity,588.135,107.86267086748161,353.215,-451.42999999999995
3,22.12,51.58,125.62,557.2,446.56,703.21,630.13,569.76,2,Low Activity,587.415,108.60460901821801,341.41,-431.58000000000004
3,22.14,51.61,121.24,554.19,446.92,700.16,640.916,571.29,2,Low Activity,589.8215,108.8569209360005,337.71500000000003,-432.95000000000005
3,23.64,51.76,124.83,565.56,481.53,704.11,636.56,566.86,2,Low Activity,597.265,95.3572323773434,345.195,-440.72999999999996
3,22.4,50.99,125.13,578.93,458.62,706.3,522.57,583.06,2,Low Activity,567.6375,105.48465492667638,352.03,-453.79999999999995
0,18.32,53.88,118.93,595.84,491.87,729.61,691.7,613.41,1,High Activity,631.6475,104.9973175451005,357.385,-476.91
3,22.41,51.09,125.39,554.78,460.48,708.33,650.62,562.17,2,Low Activity,595.4,108.18205735395004,340.085,-429.39
3,22.47,50.98,119.78,548.19,458.89,699.64,648.01,569.34,2,Low Activity,593.97,104.78503996277331,333.985,-428.4100000000001
0,21.02,54.61,138.13,568.47,436.96,703.12,654.29,586.94,2,Low Activity,595.3275,115.82517670322518,353.3,-430.34000000000003
3,22.99,50.06,124.17,549.79,458.64,712.69,638.55,568.53,2,Low Activity,594.6025,108.07654243636777,336.97999999999996,-425.61999999999995
3,23.14,49.64,125.34,550.55,462.05,701.62,657.914,584.37,2,Moderate Activity,601.4885,104.7955035088179,337.945,-425.2099999999999
3,23.09,49.92,122.16,541.87,459.8,696.2,650.14,576.13,2,Low Activity,595.5675,103.1434087003786,332.015,-419.71000000000004
3,23.3,46.77,118.85,587.07,483.61,714.02,657.284,577.95,1,Low Activity,608.2160000000001,100.07470714754385,352.96000000000004,-468.22
3,22.94,50.38,43.36,554.09,456.56,705.79,620.9399999999999,588.61,2,Low Activity,592.975,103.50099983414007,298.725,-510.73
0,20.61,58.24,121.17,546.16,467.0,727.39,672.53,612.58,1,Low Activity,619.875,112.1843823057975,333.66499999999996,-424.98999999999995
3,22.88,50.54,122.55,550.37,471.57,706.87,638.37,577.34,2,Low Activity,598.5375,99.82090408159338,336.46,-427.82
2,16.09,49.12,73.77,606.13,580.08,773.65,756.48,693.09,0,Low Activity,700.825,87.63588477330502,339.95,-532.36
3,23.06,50.83,145.73,546.39,465.96,702.71,511.64,568.9,2,Low Activity,562.3025,102.64235525194593,346.06,-400.65999999999997
2,18.49,51.5,139.26,578.93,482.14,729.26,674.62,608.37,2,Moderate Activity,623.5975,106.47372207106628,359.09499999999997,-439.66999999999996
3,23.63,48.65,132.59,550.96,471.97,702.8,652.8280000000001,587.83,2,Low Activity,603.857,99.73117464464157,341.77500000000003,-418.37
2,17.66,48.55,102.73,598.99,380.88,742.86,679.32,602.56,2,Moderate Activity,601.405,157.81093529917376,350.86,-496.26
2,18.64,42.23,66.55,625.47,597.38,789.71,766.458,707.45,0,Moderate Activity,715.2495000000001,85.86952847780174,346.01,-558.9200000000001
3,23.63,48.65,117.11,557.57,471.38,706.52,660.05,580.02,2,Low Activity,604.4925000000001,102.9791038269415,337.34000000000003,-440.46000000000004
3,23.66,48.64,114.43,550.99,470.76,709.83,653.14,584.29,2,Low Activity,604.505,102.88357513876225,332.71000000000004,-436.56
0,21.26,53.21,100.28,546.82,467.78,723.91,663.53,586.47,1,Low Activity,610.4225,110.4844246564495,323.55,-446.5400000000001
3,23.42,49.11,116.25,555.22,461.19,717.03,667.6,587.91,2,Moderate Activity,608.4325,111.6478643996382,335.735,-438.97
0,19.89,53.13,121.26,569.73,399.76,704.39,657.96,581.7,2,Low Activity,585.9525000000001,134.03762192633332,345.495,-448.47
3,23.02,49.53,116.58,547.84,471.52,713.68,661.076,591.31,2,Moderate Activity,609.3965,104.69458729561906,332.21000000000004,-431.26000000000005
0,19.51,54.64,112.0,599.45,476.66,732.61,538.91,619.91,1,High Activity,592.0224999999999,110.5622025151453,355.725,-487.45000000000005
3,23.21,49.79,139.86,554.6,459.11,670.65,577.95,518.83,2,Low Activity,556.635,90.17407813039544,347.23,-414.74
0,20.03,51.97,105.65,553.19,489.4,741.6,696.37,626.29,1,Low Activity,638.415,110.08846760673892,329.42,-447.5400000000001
3,23.59,49.24,124.44,550.89,437.21,665.41,575.32,504.22,2,Low Activity,545.54,97.80660611635595,337.66499999999996,-426.45
2,22.66,51.24,106.33,562.86,499.84,710.09,639.02,578.1,2,Low Activity,606.7625,89.38881077442898,334.595,-456.53000000000003
0,20.96,51.83,105.61,557.02,470.44,834.57,694.39,636.52,1,Moderate Activity,658.98,150.7066680674747,331.315,-451.40999999999997
1,19.34,58.23,127.75,541.87,522.46,831.94,663.04,609.06,2,Low Activity,656.625,130.43411861932447,334.81,-414.12
3,23.3,49.76,127.07,578.93,399.83,628.15,548.64,483.24,4,Low Activity,514.9649999999999,96.96630634744558,353.0,-451.85999999999996
2,20.26,47.71,109.94,588.64,479.95,749.57,706.384,638.25,1,Moderate Activity,643.5385,118.2953949892669,349.28999999999996,-478.7
3,23.03,50.09,133.34,544.03,405.07,627.45,554.374,474.8,4,Low Activity,515.4235,96.42828400249934,338.685,-410.68999999999994
3,23.2,50.08,138.43,535.78,381.94,612.67,528.74,469.23,4,Low Activity,498.145,97.28259333851386,337.105,-397.34999999999997
0,20.23,52.05,125.85,583.36,457.53,727.67,682.0339999999999,598.43,1,Moderate Activity,616.4159999999999,118.67523138380643,354.605,-457.51
3,23.56,49.29,131.1,541.87,400.93,621.7,549.02,474.66,4,Low Activity,511.57750000000004,95.10463864431992,336.485,-410.77
3,24.05,48.38,132.12,536.56,392.44,624.89,556.2,470.83,4,Low Activity,511.09,101.13364458312904,334.34,-404.43999999999994
2,17.57,47.42,98.59,601.9,364.3,745.81,654.5020000000001,625.22,1,Moderate Activity,597.4580000000001,163.7026933681911,350.245,-503.30999999999995
3,24.02,48.51,126.77,540.15,397.19,622.56,558.51,465.26,4,Low Activity,510.88,99.57851140348168,333.46,-413.38
3,23.76,49.04,127.57,534.71,393.32,631.43,555.98,480.19,4,Low Activity,515.23,102.06673013279105,331.14,-407.14000000000004
3,23.01,50.72,132.89,540.63,423.2,643.42,552.89,482.51,4,Low Activity,525.5049999999999,94.81344577642982,336.76,-407.74
3,22.67,51.34,129.13,539.42,412.7,635.37,558.31,498.96,4,Low Activity,526.3349999999999,94.1157721461534,334.275,-410.28999999999996
3,22.64,51.03,125.58,540.4,420.77,642.56,562.0620000000001,494.23,4,Low Activity,529.9055000000001,94.70722521363756,332.99,-414.82
0,20.89,50.87,105.96,559.14,441.29,718.67,666.8120000000001,598.21,2,Low Activity,606.2455,120.53001751016217,332.55,-453.18
3,22.33,51.56,129.89,542.82,417.12,648.54,571.97,490.83,4,Low Activity,532.115,100.11910057526485,336.355,-412.93000000000006
2,20.35,57.07,129.7,578.93,425.54,669.08,626.87,541.23,3,Low Activity,565.6800000000001,107.50627609586336,354.31499999999994,-449.22999999999996
3,22.29,51.33,123.66,544.29,402.86,639.17,583.81,493.94,4,Low Activity,529.9449999999999,103.72800345133416,333.97499999999997,-420.63
0,20.11,54.63,109.51,600.58,482.44,729.22,679.27,620.5,1,Low Activity,627.8575000000001,106.64268012854892,355.045,-491.07000000000005
0,21.85,52.26,119.51,578.93,427.43,652.64,577.95,506.16,4,Low Activity,541.045,96.50691598705936,349.21999999999997,-459.41999999999996
3,23.32,50.71,128.0,578.93,426.05,630.02,591.86,531.48,2,Low Activity,544.8525,88.98701379976742,353.465,-450.92999999999995
0,21.71,52.47,128.91,536.21,444.2,656.32,582.73,507.18,4,Low Activity,547.6075,91.9773368372159,332.56,-407.30000000000007
0,21.77,51.35,107.39,557.65,477.23,862.61,687.12,643.72,1,Moderate Activity,667.6700000000001,158.34656316657671,332.52,-450.26
1,16.18,45.44,67.35,618.23,606.75,885.78,711.588,710.45,0,Low Activity,728.642,115.7177579112212,342.79,-550.88
1,19.69,55.67,119.74,555.28,471.88,738.4,685.7180000000001,623.31,1,Low Activity,629.827,115.32797623589286,337.51,-435.53999999999996
0,21.13,53.91,128.1,542.65,423.79,664.27,578.2,503.42,4,Low Activity,542.42,102.82948312619294,335.375,-414.54999999999995
0,21.07,53.9,123.68,539.5,450.23,666.01,658.5060000000001,517.87,4,Low Activity,573.154,106.57365382995306,331.59000000000003,-415.82
0,21.06,53.67,127.85,544.77,444.29,656.21,587.838,513.94,4,Low Activity,550.5695000000001,91.62588557643886,336.31,-416.91999999999996
0,21.06,53.59,131.14,546.52,442.84,656.98,598.78,514.62,4,Low Activity,553.305,94.01334426558819,338.83,-415.38
0,19.7,56.79,136.6,560.42,374.73,885.66,651.99,562.78,2,Low Activity,618.79,212.1510787151458,348.51,-423.81999999999994
0,21.06,53.61,127.61,550.52,456.68,669.71,901.31,518.84,3,Low Activity,636.635,197.82675526834078,339.065,-422.90999999999997
0,20.09,56.63,109.26,598.09,441.43,723.52,461.1,603.83,3,Low Activity,557.47,132.25519599118465,353.675,-488.83000000000004
0,20.79,54.3,122.91,545.1,456.67,664.69,603.21,517.2,3,Low Activity,560.4425000000001,91.89712704069336,334.005,-422.19000000000005
0,20.83,54.06,132.34,544.22,448.31,672.16,589.57,522.16,3,Low Activity,558.05,95.4734905615166,338.28000000000003,-411.88
0,20.75,54.17,123.77,548.07,447.68,672.38,609.238,525.04,3,Low Activity,563.5844999999999,98.04800607015594,335.92,-424.30000000000007
0,19.64,57.44,116.13,592.87,461.15,727.19,729.49,597.72,2,Moderate Activity,628.8875,127.66039124045749,354.5,-476.74
0,20.9,53.59,122.82,541.92,461.12,672.41,615.9,537.46,3,Low Activity,571.7225,92.18903780638271,332.37,-419.09999999999997
0,20.68,54.27,126.64,546.56,448.55,670.78,611.0,511.01,3,Moderate Activity,560.335,99.488495314785,336.59999999999997,-419.91999999999996
0,20.55,54.49,132.45,543.4,443.45,672.09,612.85,530.41,3,Moderate Activity,564.6999999999999,99.54630614275283,337.92499999999995,-410.95
2,19.09,54.25,108.86,581.63,495.09,742.39,703.69,629.52,1,Moderate Activity,642.6725,108.96528143557165,345.245,-472.77
0,20.43,54.97,129.45,542.84,454.92,666.0,603.68,536.31,3,Low Activity,565.2275,90.62313515322673,336.145,-413.39000000000004
0,18.63,51.21,118.76,589.7,484.93,751.86,709.29,646.66,1,Low Activity,648.185,117.099455307586,354.23,-470.94000000000005
3,24.05,51.63,129.12,578.93,403.11,698.14,636.27,556.14,2,Low Activity,573.415,127.55298938088436,354.025,-449.80999999999995
2,22.2,49.43,130.79,575.99,472.98,724.74,679.64,607.56,2,Low Activity,621.23,109.986331878102,353.39,-445.20000000000005
0,20.36,54.65,133.75,539.71,462.47,675.58,607.41,535.9,3,Low Activity,570.34,91.78179376470405,336.73,-405.96000000000004
0,21.64,54.07,146.99,563.53,340.56,668.46,615.86,521.14,2,Low Activity,536.505,144.15253992443795,355.26,-416.53999999999996
0,20.21,54.76,126.95,543.23,454.47,677.38,625.8979999999999,542.72,3,Low Activity,575.117,97.70993696992473,335.09000000000003,-416.28000000000003
0,20.06,55.81,110.99,601.43,434.13,634.01,648.61,565.97,1,Low Activity,570.6800000000001,97.89766834131784,356.21,-490.43999999999994
2,19.94,56.57,135.23,539.24,501.53,896.56,673.06,598.55,2,Moderate Activity,667.425,168.1264584571189,337.235,-404.01
0,20.23,54.46,127.1,541.53,469.96,677.97,605.018,539.83,3,Low Activity,573.1945000000001,88.99661492251641,334.315,-414.42999999999995
2,18.53,53.21,94.96,581.53,444.65,706.77,646.39,571.94,2,Low Activity,592.4375,112.90716758322593,338.245,-486.57
0,20.29,54.09,124.46,549.88,455.47,682.05,627.67,547.58,3,Low Activity,578.1925,98.71227629665249,337.17,-425.42
0,20.18,54.27,124.52,544.46,466.02,684.71,629.41,565.11,3,Low Activity,586.3125,93.91360227180442,334.49,-419.94000000000005
0,20.31,53.86,128.0,544.44,472.84,687.38,628.78,563.09,3,Low Activity,588.0225,92.05383293667533,336.22,-416.44000000000005
0,20.03,54.63,131.84,549.28,460.22,683.75,627.9,547.5,3,Low Activity,579.8425,97.40272356732808,340.56,-417.43999999999994
0,19.91,54.89,124.32,578.93,479.14,688.45,620.17,553.26,3,Low Activity,585.2550000000001,89.72613610314447,351.625,-454.60999999999996
0,19.86,54.95,131.46,547.02,467.6,687.83,630.49,562.26,3,Low Activity,587.0450000000001,94.73909523880134,339.24,-415.55999999999995
0,21.69,53.23,113.57,572.74,398.2,689.81,642.2,567.73,3,Low Activity,574.485,127.81132983164416,343.155,-459.17
3,22.72,52.15,114.45,559.32,432.23,678.62,635.938,574.91,2,Low Activity,580.4245,107.57342367425143,336.88500000000005,-444.87000000000006
3,25.33,49.38,115.47,543.32,463.57,674.54,580.292,524.5,2,Low Activity,560.7255,89.60667081380343,329.39500000000004,-427.85
0,19.79,55.02,127.56,543.16,459.32,695.71,638.682,563.77,3,Low Activity,589.3705,102.15711990687028,335.36,-415.59999999999997
0,19.79,55.1,125.02,543.32,470.04,694.06,642.7,565.05,3,Low Activity,592.9625,97.6107440722246,334.17,-418.30000000000007
0,19.83,54.79,122.49,556.8,463.69,684.77,474.74,570.15,2,Low Activity,548.3375,102.74791721327817,339.645,-434.30999999999995
0,19.82,54.72,126.81,543.76,471.43,692.2,556.74,561.88,2,Low Activity,570.5625,91.08490777840203,335.28499999999997,-416.95
0,19.78,54.86,129.57,548.17,461.76,696.08,633.66,568.4,2,Low Activity,589.975,100.11862480744198,338.87,-418.59999999999997
0,19.98,54.2,126.91,546.22,472.94,697.03,650.36,561.23,2,Low Activity,595.39,99.18551406329453,336.565,-419.31000000000006
0,19.76,54.77,126.96,543.98,468.74,697.09,640.104,564.59,2,Low Activity,592.631,98.82753660122603,335.47,-417.02000000000004
2,19.51,53.53,87.13,619.81,384.96,752.21,701.35,616.48,1,High Activity,613.75,162.4779457854717,353.46999999999997,-532.68
0,19.68,54.86,127.32,553.61,478.47,696.39,655.21,570.24,2,Low Activity,600.0775000000001,96.59943180474717,340.46500000000003,-426.29
3,25.28,49.64,119.28,542.31,456.43,662.72,575.06,509.85,2,Low Activity,551.015,88.87640950593507,330.79499999999996,-423.03
1,19.6,55.02,123.18,553.48,471.38,702.53,637.17,568.77,2,Low Activity,594.9625,98.84486409689343,338.33000000000004,-430.3
2,16.61,45.29,55.57,579.46,610.48,791.86,760.99,721.74,0,Moderate Activity,721.2674999999999,79.23650563345154,317.51500000000004,-523.89
0,17.6,50.14,116.68,584.78,496.5,743.15,694.21,630.01,1,High Activity,640.9675,106.87524265079666,350.73,-468.09999999999997
1,18.71,53.47,106.24,578.93,522.37,761.15,681.7299999999999,651.24,1,Moderate Activity,654.1225,99.3043971416506,342.585,-472.68999999999994
3,24.09,43.65,117.15,594.48,461.51,882.8,697.9460000000001,640.99,1,Low Activity,670.8115,173.5625199431029,355.815,-477.33000000000004
1,19.61,54.7,116.52,551.07,473.7,696.57,644.77,579.95,2,Low Activity,598.7475,96.05126283223282,333.795,-434.55000000000007
1,19.76,54.15,118.05,550.87,480.92,705.22,649.17,578.14,2,High Activity,603.3625,96.78432668395574,334.46,-432.82
2,18.78,53.8,72.2,570.7,558.39,754.59,728.77,650.59,0,Moderate Activity,673.085,88.32676510171385,321.45000000000005,-498.50000000000006
1,19.67,54.31,111.46,549.17,477.72,700.18,500.71,580.0,2,Low Activity,564.6525,100.41439451094647,330.315,-437.71
1,19.65,54.42,118.36,549.54,477.39,713.97,657.3219999999999,571.0,2,Low Activity,604.9205,103.36398373869562,333.95,-431.17999999999995
1,19.46,54.98,120.56,547.56,486.65,708.53,653.73,578.13,2,Low Activity,606.76,96.27980542841439,334.05999999999995,-426.99999999999994
1,19.24,55.56,114.51,547.95,486.98,700.32,659.2080000000001,589.34,2,Low Activity,608.9620000000001,93.3373378093319,331.23,-433.44000000000005
1,19.29,55.4,116.52,552.19,480.18,715.26,662.422,575.66,2,Low Activity,608.3805,103.03674193056895,334.355,-435.6700000000001
1,19.4,55.08,118.67,551.37,486.12,708.02,655.11,586.39,2,Low Activity,608.91,95.8153895085057,335.02,-432.7
1,19.36,55.19,114.21,548.13,473.4,705.23,659.02,576.46,2,Moderate Activity,603.5275,101.79821850929744,331.17,-433.92
1,19.4,55.03,117.7,555.51,480.69,708.52,651.9,584.28,2,Low Activity,606.3475000000001,97.96433343314288,336.605,-437.81
0,19.93,50.4,120.61,600.89,486.3,734.8,684.888,619.03,2,Low Activity,631.2545,107.64055673552292,360.75,-480.28
1,19.46,54.72,115.45,551.72,481.44,707.87,662.3,585.82,2,Low Activity,609.3575,99.0362251485115,333.58500000000004,-436.27000000000004
1,19.7,57.73,128.2,564.46,420.11,706.2,656.48,592.38,2,Low Activity,593.7925,124.81022217083557,346.33000000000004,-436.26000000000005
1,19.46,54.62,110.93,555.21,486.75,711.86,649.75,594.51,2,Low Activity,610.7175,95.54050707248035,333.07000000000005,-444.28000000000003
1,19.6,54.15,111.01,555.75,485.25,713.21,665.2760000000001,589.98,2,Low Activity,613.4290000000001,99.37147647757548,333.38,-444.74
1,19.58,54.15,114.61,548.8,479.18,715.48,656.92,591.72,2,Moderate Activity,610.825,101.27985173106576,331.705,-434.18999999999994
1,19.46,54.5,112.39,559.24,475.32,712.1,664.7760000000001,585.02,2,Low Activity,609.3040000000001,103.5786099411135,335.815,-446.85
3,24.63,47.33,103.22,598.75,480.61,720.48,684.48,599.77,1,Moderate Activity,621.335,106.59205239291218,350.985,-495.53
1,19.11,55.69,114.95,550.84,478.87,714.23,661.61,592.08,2,Low Activity,611.6975,101.70572300350982,332.89500000000004,-435.89000000000004
1,19.13,55.41,110.42,554.63,476.83,707.71,669.48,593.84,2,Low Activity,611.965,101.7596254251492,332.525,-444.21
1,19.1,54.98,103.96,561.22,505.69,713.13,666.17,591.09,2,Low Activity,619.02,90.74430817779518,332.59000000000003,-457.26000000000005
1,19.13,55.15,113.43,578.93,502.92,720.47,636.376,586.55,2,Low Activity,611.579,91.11415955089893,346.17999999999995,-465.49999999999994
1,19.09,55.45,107.53,550.1,497.19,721.01,660.74,588.14,2,Low Activity,616.77,96.46828805363968,328.815,-442.57000000000005
2,18.06,47.44,64.79,621.27,583.15,591.74,748.78,702.6,0,Moderate Activity,656.5675,82.08708845894502,343.03,-556.48
0,20.04,56.96,116.21,592.89,451.58,730.72,676.61,598.51,3,Low Activity,614.355,121.33048929816997,354.55,-476.68
2,22.77,44.45,118.64,589.4,459.64,738.79,686.44,623.53,1,Moderate Activity,627.0999999999999,121.17685174982886,354.02,-470.76
1,18.89,56.19,119.43,560.01,487.54,713.91,662.9,596.45,2,Low Activity,615.2,97.75409999926684,339.72,-440.58
1,18.92,56.14,109.81,554.15,489.64,714.76,669.56,599.84,2,Low Activity,618.45,98.02414056411479,331.98,-444.34
1,18.86,56.24,107.41,555.52,501.59,611.93,669.14,599.34,2,Low Activity,595.5,69.5859856580332,331.465,-448.11
1,18.85,56.41,108.68,555.21,495.63,718.77,663.33,587.71,2,Low Activity,616.36,96.76525616149631,331.94500000000005,-446.53000000000003
1,17.82,40.75,57.1,633.93,588.09,796.93,768.98,719.87,0,Moderate Activity,718.4675,92.57093869928437,345.515,-576.8299999999999
1,19.15,56.2,108.56,558.91,502.17,713.41,659.67,593.75,2,Low Activity,617.25,90.99790913348868,333.735,-450.34999999999997
2,22.01,45.37,88.46,593.36,503.19,744.33,719.99,653.48,0,Moderate Activity,655.2475,108.40032360806558,340.91,-504.90000000000003
1,20.62,53.17,111.91,556.9,480.91,705.61,662.348,592.37,2,Low Activity,610.3095,98.07522120461074,334.405,-444.99
1,20.51,54.08,109.44,557.12,483.34,710.62,656.46,593.37,2,Low Activity,610.9475,97.63646428631742,333.28,-447.68
1,20.74,53.83,109.25,551.1,473.73,708.84,665.1479999999999,593.0,2,Low Activity,610.1795,102.74406961474709,330.175,-441.85
2,16.26,45.63,63.78,615.5,598.92,790.92,768.178,702.04,0,Moderate Activity,715.0145,86.08963012078361,339.64,-551.72
2,23.14,52.57,104.56,553.34,410.46,704.93,662.412,582.36,2,Low Activity,590.0405,130.05816299256267,328.95000000000005,-448.78000000000003
0,21.21,55.87,136.23,550.45,448.45,710.93,640.8,558.19,2,Low Activity,589.5925,112.91932116191037,343.34000000000003,-414.22
1,21.84,52.19,111.98,557.06,479.14,702.1,677.654,597.9,2,Low Activity,614.1985,100.43192338926238,334.52,-445.0799999999999
0,17.39,50.6,119.08,588.06,491.22,742.1,723.4300000000001,632.27,1,Low Activity,647.2550000000001,114.55664697723422,353.57,-468.97999999999996
1,21.79,52.64,111.83,551.43,488.95,706.6,663.27,593.47,2,Low Activity,613.0725,94.96988167308625,331.63,-439.59999999999997
2,18.38,52.77,113.09,594.67,433.7,727.04,683.88,598.26,1,High Activity,610.72,129.58145443439557,353.88,-481.5799999999999
3,23.51,47.31,124.6,578.93,492.96,730.9,678.96,625.98,1,High Activity,632.2,102.23282838697166,351.765,-454.3299999999999
1,22.06,52.2,107.04,558.07,501.51,711.29,661.19,590.35,2,Low Activity,616.085,91.08269850342965,332.555,-451.03000000000003
1,22.12,52.23,109.04,558.49,497.69,712.19,668.346,607.83,2,Low Activity,621.514,92.97850653421648,333.765,-449.45
1,19.4,48.38,80.93,613.68,531.92,767.84,685.0840000000001,655.79,0,Low Activity,660.1585,97.77658660947418,347.30499999999995,-532.75
1,22.27,51.98,108.14,555.17,486.81,706.69,663.94,597.23,2,Low Activity,613.6675,95.81845068496291,331.655,-447.03
1,22.38,51.88,100.45,555.76,485.94,715.7,670.51,588.7,2,Low Activity,615.2125000000001,100.94527077415103,328.105,-455.31
0,19.05,51.75,115.67,603.63,490.14,744.87,701.884,635.45,1,High Activity,643.086,111.45697955115538,359.65,-487.96
2,23.16,50.74,110.98,547.72,467.93,708.36,660.68,605.99,2,Low Activity,610.74,103.98866380524369,329.35,-436.74
2,22.93,51.5,120.26,554.11,468.47,706.89,667.15,589.77,2,Low Activity,608.07,105.00617251698426,337.185,-433.85
2,23.07,50.89,116.13,552.86,468.85,708.12,665.1,586.29,2,Low Activity,607.09,105.06372447234106,334.495,-436.73
2,22.96,51.19,106.12,562.96,475.49,713.34,669.02,596.01,2,Low Activity,613.4649999999999,103.92810223098147,334.54,-456.84000000000003
2,22.75,51.63,23.88,550.16,483.72,609.64,664.42,600.18,2,Low Activity,589.49,75.9870524058759,287.02,-526.28
2,22.68,51.74,107.53,578.93,482.25,706.57,662.81,591.11,1,Low Activity,610.6850000000001,97.96203125020769,343.22999999999996,-471.4
0,23.13,52.48,132.27,560.22,422.58,675.46,614.16,548.59,2,Low Activity,565.1975,108.27542915330945,346.245,-427.95000000000005
2,22.85,51.66,112.54,550.65,487.22,712.29,670.0559999999999,590.1,1,Low Activity,614.9164999999999,99.06936584535097,331.59499999999997,-438.10999999999996
3,23.07,50.08,125.35,548.05,455.42,872.58,651.0,587.61,2,Low Activity,641.6525,174.18191819187203,336.7,-422.69999999999993
2,23.13,52.37,138.21,540.63,483.92,711.12,678.88,589.19,2,Low Activity,615.7775,101.92384947433385,339.42,-402.41999999999996
3,23.76,49.36,112.28,576.12,454.34,719.14,708.666,604.56,1,High Activity,621.6765,122.96447420156227,344.2,-463.84000000000003
3,24.03,50.37,149.82,578.93,443.66,699.97,640.4,574.09,1,Low Activity,589.5300000000001,110.00181968191859,364.375,-429.10999999999996
2,23.19,51.65,117.92,553.85,479.18,703.06,671.79,601.74,2,Low Activity,613.9425,99.32789885861203,335.885,-435.93
2,23.01,52.32,112.8,551.0,484.81,713.88,669.71,597.57,2,High Activity,616.4925000000001,100.02461242947491,331.9,-438.2
2,23.18,51.93,113.86,557.08,481.53,708.58,672.93,600.85,2,Low Activity,615.9725,100.20609042534959,335.47,-443.22
0,20.35,51.79,107.98,559.31,449.56,712.87,672.52,619.89,1,Moderate Activity,613.71,115.86592337697913,333.645,-451.3299999999999
2,23.19,51.68,107.62,555.44,492.9,713.2,671.06,605.25,1,Low Activity,620.6025,96.02757255948246,331.53000000000003,-447.82000000000005
1,19.02,57.36,147.28,556.21,430.05,728.8,683.88,605.47,1,Low Activity,612.05,131.60218817836324,351.745,-408.93000000000006
2,23.34,51.42,110.32,555.63,484.15,715.97,675.9,604.53,1,Low Activity,620.1375,101.70139080497704,332.975,-445.31
3,25.05,48.01,122.71,567.58,432.19,719.65,666.46,599.64,2,Low Activity,604.485,124.91719777516624,345.14500000000004,-444.87000000000006
1,16.97,43.31,99.89,586.59,558.34,767.57,736.76,680.68,1,Low Activity,685.8375,92.29574723860972,343.24,-486.70000000000005
2,23.52,51.07,111.52,559.3,488.14,718.32,813.07,597.52,1,Low Activity,654.2625,141.5857592591854,335.40999999999997,-447.78
2,23.76,50.71,103.26,555.44,485.86,716.49,665.15,603.29,1,Low Activity,617.6975,99.33176778688006,329.35,-452.18000000000006
2,23.57,51.01,114.64,551.4,494.03,719.87,670.69,610.31,1,Low Activity,623.725,97.38296822340139,333.02,-436.76
2,23.59,51.01,108.94,550.23,474.56,713.75,671.59,615.98,1,Low Activity,618.97,104.26776587229631,329.58500000000004,-441.29
2,23.23,52.1,117.58,555.59,474.59,713.8,660.61,611.15,1,Low Activity,615.0375,102.58573174829593,336.58500000000004,-438.01000000000005
2,23.13,52.27,113.64,548.61,491.66,710.49,673.27,597.78,1,Low Activity,618.3,96.57373176318012,331.125,-434.97
2,23.5,51.39,102.12,555.83,497.34,711.9,664.51,603.63,1,Low Activity,619.345,92.62556612512553,328.975,-453.71000000000004
2,23.65,50.94,107.26,558.22,467.2,729.8,687.424,616.11,1,Low Activity,625.1335,115.26722082043388,332.74,-450.96000000000004
2,23.56,50.99,102.53,556.45,475.52,717.5,684.82,605.68,1,Low Activity,620.88,107.67902550326752,329.49,-453.9200000000001
2,23.7,50.69,107.86,550.92,480.37,714.58,674.12,603.78,1,Low Activity,618.2125000000001,102.66644287042709,329.39,-443.05999999999995
2,22.08,45.82,149.99,582.39,361.86,726.67,672.28,609.65,1,Low Activity,592.615,161.09553738904955,366.19,-432.4
2,21.89,51.34,115.2,571.39,499.87,707.55,640.4420000000001,575.36,2,Low Activity,605.8055,88.88361124339326,343.295,-456.19
2,23.57,51.37,113.65,556.61,378.1,703.91,660.92,587.09,2,Low Activity,582.505,144.55738479925537,335.13,-442.96000000000004
2,24.05,50.56,108.71,551.11,400.72,702.64,659.03,588.44,2,High Activity,587.7075,133.2431865362478,329.91,-442.40000000000003
3,23.2,48.06,100.48,564.46,459.47,733.74,694.41,623.81,1,Moderate Activity,627.8575,121.12124982154589,332.47,-463.98
0,21.37,52.57,128.45,574.06,361.86,690.94,632.63,544.41,3,Low Activity,557.46,143.63971340359416,351.255,-445.60999999999996
2,23.36,52.32,110.16,554.73,413.19,697.36,646.9,587.22,2,Low Activity,586.1675,123.79355378343952,332.445,-444.57000000000005
2,22.86,53.14,104.56,555.26,413.24,700.23,659.32,601.25,2,Low Activity,593.51,126.85594848751346,329.90999999999997,-450.7
2,23.41,51.98,109.13,561.81,410.58,702.6,665.51,592.29,2,Low Activity,592.745,129.80390402449382,335.46999999999997,-452.67999999999995
2,23.39,52.19,107.95,554.57,406.12,701.71,667.18,590.94,2,Low Activity,591.4875,131.95929154477906,331.26000000000005,-446.62000000000006
2,23.33,52.32,109.68,550.15,417.62,702.07,659.2760000000001,589.8,2,Low Activity,592.1915,125.23916158960292,329.91499999999996,-440.46999999999997
2,23.03,52.97,111.78,578.93,421.39,706.62,653.97,605.42,2,Low Activity,596.85,124.05886210451341,345.35499999999996,-467.15
2,22.59,54.14,105.75,551.11,427.46,702.49,666.73,602.53,2,Low Activity,599.8025,122.11113718658099,328.43,-445.36
2,22.75,53.66,104.51,547.58,430.4,698.47,657.56,584.38,2,Low Activity,592.7025,118.04607133798793,326.045,-443.07000000000005
3,24.17,47.73,121.63,574.45,384.35,678.96,635.67,556.48,2,Low Activity,563.865,129.97819111938227,348.04,-452.82000000000005
3,23.78,51.7,106.96,552.76,430.81,698.37,661.12,599.89,2,Low Activity,597.5475,118.34063894115157,329.86,-445.8
3,23.78,51.58,108.16,547.71,429.23,700.24,676.446,587.53,2,Low Activity,598.3615,122.74526954496726,327.935,-439.55000000000007
3,22.2,48.48,114.73,592.17,505.23,740.27,689.05,622.38,1,Moderate Activity,639.2325,101.53987143810387,353.45,-477.43999999999994
0,21.38,56.92,137.55,559.76,426.76,699.78,637.52,572.93,2,Low Activity,584.2475,117.0699452962487,348.655,-422.21
3,22.2,55.09,108.21,548.85,427.98,710.14,662.08,579.71,2,Low Activity,594.9775,123.6748539181133,328.53000000000003,-440.64000000000004
3,22.13,55.2,106.21,553.41,441.44,710.57,657.76,594.06,2,Low Activity,600.9575,116.52586619144553,329.81,-447.2
3,22.13,55.23,115.42,552.08,436.85,705.74,654.98,592.07,2,Low Activity,597.4100000000001,116.70150384635153,333.75,-436.66
2,18.68,53.61,93.59,580.64,429.02,717.72,670.87,596.8,2,High Activity,603.6025,126.58731331245905,337.115,-487.04999999999995
3,23.68,51.58,110.84,555.43,451.89,700.2,662.25,574.94,2,Low Activity,597.32,110.22847272823843,333.135,-444.5899999999999
3,23.5,51.99,107.08,550.71,437.19,695.7,650.98,592.22,2,Low Activity,594.0225,112.81570941879801,328.89500000000004,-443.63000000000005
3,23.45,52.17,105.93,553.13,443.22,698.69,657.86,577.34,2,Low Activity,594.2775,112.6202345273708,329.53,-447.2
2,19.26,45.61,77.21,601.24,548.97,754.25,720.894,665.99,0,Moderate Activity,672.5260000000001,90.05013424383849,339.225,-524.03
3,22.48,54.62,106.08,552.46,455.4,695.1,654.98,593.33,2,High Activity,599.7025,104.91282933146611,329.27000000000004,-446.38000000000005
0,20.04,56.96,116.21,592.89,451.58,730.72,676.61,598.51,3,Low Activity,614.355,121.33048929816997,354.55,-476.68
3,23.42,52.75,105.78,544.55,451.1,698.28,658.98,583.61,2,Low Activity,597.9925000000001,108.8750364332124,325.16499999999996,-438.77
3,23.93,53.0,123.48,546.64,415.54,879.33,629.56,552.4,2,Low Activity,619.2075,194.69170661587003,335.06,-423.15999999999997
3,24.17,52.36,124.55,546.93,417.89,677.94,641.88,557.82,2,Low Activity,573.8825,115.53251674312304,335.73999999999995,-422.37999999999994
3,24.12,51.78,120.13,578.93,423.78,683.49,635.24,566.24,2,Low Activity,577.1875,113.02510499147229,349.53,-458.79999999999995
3,23.7,52.46,111.36,546.09,439.62,687.15,649.9,574.44,2,Low Activity,587.7775,109.33531371427988,328.725,-434.73
3,23.68,53.57,125.32,549.38,437.91,689.36,637.96,547.22,2,Low Activity,578.1125,110.4065473224603,337.35,-424.06
3,24.53,51.52,116.98,550.67,479.19,708.73,707.392,592.59,2,Low Activity,621.9755,109.65632427878172,333.825,-433.68999999999994
3,24.13,51.94,112.49,553.06,447.39,695.1,648.67,577.59,2,Low Activity,592.1875,107.95162261402095,332.775,-440.56999999999994
3,23.79,52.61,118.25,578.93,449.0,688.46,674.0,578.86,2,Low Activity,597.58,110.34135761354398,348.59,-460.67999999999995
3,23.78,52.67,118.34,551.56,445.54,695.27,653.25,575.49,2,Low Activity,592.3875,109.7554349071911,334.95,-433.2199999999999
0,17.24,48.85,117.8,581.62,476.71,751.4,691.95,632.07,2,Moderate Activity,638.0325,118.06747685822151,349.71,-463.82
2,19.39,46.47,81.69,612.7,496.39,757.21,708.84,640.54,2,Low Activity,650.745,113.48925543856566,347.19500000000005,-531.01
3,23.39,53.39,114.13,555.34,444.41,704.92,653.04,583.85,2,Low Activity,596.555,112.90563390135436,334.735,-441.21000000000004
3,24.01,51.96,108.94,547.54,449.48,694.48,657.41,592.22,2,Low Activity,598.3975,107.9025876659128,328.24,-438.59999999999997
3,24.82,48.1,149.56,564.68,393.13,672.01,635.18,551.3,2,Low Activity,562.905,123.94327102885953,357.12,-415.11999999999995
2,18.89,51.84,101.93,595.03,482.29,737.88,703.11,619.07,1,Low Activity,635.5875000000001,113.71894429542803,348.48,-493.09999999999997
3,23.75,52.81,109.65,552.67,467.34,701.26,698.928,572.29,2,Low Activity,609.9544999999999,112.5618173908601,331.15999999999997,-443.02
3,23.82,52.84,110.78,555.08,445.19,698.22,659.524,588.97,2,Low Activity,597.9760000000001,111.44757462891093,332.93,-444.30000000000007
3,23.62,53.19,109.0,556.75,469.44,703.47,659.81,592.66,2,Low Activity,606.345,102.01638773582735,332.875,-447.75
3,23.62,53.16,116.56,578.93,454.15,700.96,650.63,584.38,2,Low Activity,597.5300000000001,106.84587310701339,347.745,-462.36999999999995
3,23.65,52.89,112.17,557.21,463.71,693.54,647.19,582.51,2,Low Activity,596.7375,99.69104987409852,334.69,-445.04
3,23.64,52.79,108.89,555.42,455.07,854.68,652.74,576.73,2,Moderate Activity,634.8050000000001,167.67434279976567,332.155,-446.53
1,17.02,53.6,121.19,576.86,474.79,718.42,673.116,600.74,2,Moderate Activity,616.7665,106.3373177942093,349.025,-455.67
3,23.6,52.89,108.38,553.36,430.72,692.54,648.25,579.52,2,Low Activity,587.7574999999999,114.55325933817856,330.87,-444.98
3,23.91,52.34,117.52,556.51,442.95,697.92,660.24,586.49,2,Low Activity,596.9,112.58473342331986,337.015,-438.99
3,24.3,51.48,113.48,545.1,457.05,695.37,661.3,592.83,2,Low Activity,601.6375,105.40163293327099,329.29,-431.62
3,24.0,51.84,112.78,552.54,462.61,700.02,651.97,588.9,2,Moderate Activity,600.875,102.79598062829757,332.65999999999997,-439.76
1,20.08,56.77,126.56,559.98,424.38,699.01,685.27,569.59,2,Low Activity,594.5625,127.43997263417783,343.27,-433.42
3,23.35,53.36,110.13,549.18,452.28,690.15,853.2,582.64,2,Low Activity,644.5675,169.7201444289982,329.655,-439.04999999999995
3,23.38,52.99,115.18,551.5,456.88,701.1,650.17,590.42,2,Moderate Activity,599.6425,105.37684514003381,333.34000000000003,-436.32
3,23.05,53.87,116.28,554.78,446.32,695.18,657.69,580.87,2,Low Activity,595.015,109.9567595314934,335.53,-438.5
3,23.13,53.75,115.77,550.69,450.96,694.06,666.91,574.88,2,Low Activity,596.7025,109.73403251346714,333.23,-434.9200000000001
1,20.38,57.2,124.34,550.14,460.79,711.27,660.926,599.1,1,Low Activity,608.0215,108.34489163007794,337.24,-425.79999999999995
0,23.07,53.81,114.78,551.91,444.27,690.51,496.52,572.03,2,Low Activity,550.8325,106.87149927989846,333.34499999999997,-437.13
0,22.95,54.02,120.74,550.19,452.45,700.94,661.18,583.5,2,Low Activity,599.5175,109.50524686820567,335.46500000000003,-429.45000000000005
0,22.77,54.56,120.57,547.63,446.04,703.06,656.24,589.27,2,Low Activity,598.6524999999999,111.94619641446806,334.1,-427.06
1,20.4,56.48,131.16,563.54,468.87,879.44,641.654,594.34,1,Low Activity,646.076,171.81083659265116,347.34999999999997,-432.38
0,20.38,58.64,130.11,549.88,464.63,722.33,686.29,601.23,1,Low Activity,618.62,114.52849019639903,339.995,-419.77
0,22.34,55.48,124.63,548.41,452.13,699.77,664.81,590.84,2,Low Activity,601.8875,109.68071978094721,336.52,-423.78
0,22.32,55.53,123.31,550.05,451.88,693.4,656.72,592.45,2,Low Activity,598.6125,106.34778586474349,336.67999999999995,-426.73999999999995
0,22.11,55.94,121.06,550.84,457.16,701.01,658.866,584.87,2,Moderate Activity,600.4765,106.92598740406062,335.95000000000005,-429.78000000000003
0,22.09,56.12,119.89,552.38,450.38,707.64,660.66,585.29,2,Low Activity,600.9925,112.34558806794921,336.135,-432.49
0,22.04,56.27,123.65,544.73,451.5,696.57,666.77,591.02,2,Low Activity,601.465,109.40491046261742,334.19,-421.08000000000004
0,21.92,56.48,116.92,546.67,459.02,713.13,657.17,593.53,2,Low Activity,605.7125000000001,109.32138625020572,331.79499999999996,-429.74999999999994
0,21.86,56.52,124.27,550.14,464.05,706.76,669.816,595.14,2,Low Activity,608.9415,107.17305610864452,337.205,-425.87
1,19.74,54.45,118.98,548.53,490.87,700.8,644.2280000000001,577.55,2,Low Activity,603.3620000000001,90.34176444295665,333.755,-429.54999999999995
0,21.82,56.72,121.61,545.71,482.18,706.98,667.27,583.41,2,Low Activity,609.96,99.54889485406991,333.66,-424.1
0,21.78,56.61,122.56,578.93,467.27,705.19,669.24,602.28,2,Low Activity,610.995,104.87771434707504,350.745,-456.36999999999995
1,18.34,57.14,108.17,602.04,502.66,749.11,699.632,640.54,1,Low Activity,647.9855,106.56525681947187,355.10499999999996,-493.86999999999995
0,21.62,56.73,129.46,549.71,467.79,707.81,673.27,600.29,2,Low Activity,612.29,106.24951890087155,339.58500000000004,-420.25
2,20.68,59.55,162.55,531.97,487.81,711.06,660.96,592.77,2,Low Activity,613.15,96.60507957659368,347.26,-369.42
0,21.48,56.89,126.9,552.46,462.79,714.28,664.9739999999999,593.56,1,Moderate Activity,608.901,109.2896542404632,339.68,-425.56000000000006
0,21.29,57.45,117.91,548.03,462.82,708.14,665.37,604.88,1,Low Activity,610.3025,107.05932510373239,332.96999999999997,-430.12
1,19.37,53.13,123.37,578.93,403.66,720.83,677.08,597.96,2,Moderate Activity,599.8825,140.3504153597939,351.15,-455.55999999999995
0,21.22,57.53,123.03,556.06,473.59,714.88,670.23,602.78,1,Low Activity,615.37,105.15375441070408,339.54499999999996,-433.03
0,21.18,57.61,127.11,547.57,487.61,639.71,506.51,613.11,1,Low Activity,561.735,75.85909635633686,337.34000000000003,-420.46000000000004
1,19.11,54.67,81.17,580.0,529.31,750.08,708.1,629.02,1,Low Activity,654.1274999999999,97.17631377209851,330.585,-498.83
2,19.65,44.7,96.35,578.93,528.74,738.8,714.7640000000001,650.0,1,Moderate Activity,658.076,94.02644342949489,337.64,-482.5799999999999
0,20.93,58.1,123.44,548.05,471.17,705.85,670.35,607.58,1,Low Activity,613.7375,103.36520155094107,335.745,-424.60999999999996
0,20.76,58.17,123.3,545.58,470.55,706.72,680.88,602.47,1,Low Activity,615.155,106.10598490817252,334.44,-422.28000000000003
0,20.84,58.29,119.67,546.64,475.79,706.86,674.6,613.22,1,Low Activity,617.6175000000001,102.218078758114,333.155,-426.96999999999997
0,20.82,58.21,117.75,549.55,481.62,714.74,675.41,598.18,1,Low Activity,617.4875,102.70641309902058,333.65,-431.79999999999995
0,20.83,58.12,121.32,545.72,466.55,715.01,664.844,592.07,1,Low Activity,609.6185,107.91010095908538,333.52,-424.40000000000003
0,20.8,58.07,123.71,554.76,474.22,721.06,683.314,608.8,1,Low Activity,621.8485000000001,108.91184016901006,339.235,-431.05
0,20.75,58.12,122.46,546.47,477.1,711.01,672.32,613.06,1,Moderate Activity,618.3725000000001,102.43401302790005,334.46500000000003,-424.01000000000005
0,20.7,58.3,117.41,552.62,471.13,720.99,671.54,618.23,1,Moderate Activity,620.4725,108.0429983463374,335.015,-435.21000000000004
1,18.77,45.89,73.33,576.74,567.23,780.64,746.72,682.59,1,Moderate Activity,694.2950000000001,93.96162496821064,325.035,-503.41
0,20.7,58.17,118.09,555.93,481.66,714.74,683.67,603.0,1,Moderate Activity,620.7675,104.00983266819856,337.01,-437.8399999999999
3,23.04,43.74,127.36,577.5,473.69,715.68,820.12,586.83,2,Low Activity,649.0799999999999,150.91604310565083,352.43,-450.14
0,20.59,58.42,118.05,548.06,474.93,723.58,672.04,612.77,1,Low Activity,620.8299999999999,107.28746462968853,333.05499999999995,-430.00999999999993
0,21.57,55.28,123.52,549.33,440.95,703.68,672.75,588.52,1,Low Activity,601.4749999999999,117.56146661782223,336.425,-425.81000000000006
0,20.58,58.27,124.54,547.5,479.2,721.35,679.16,609.41,1,Low Activity,622.28,105.96811249931116,336.02,-422.96
0,20.54,58.29,124.07,562.55,476.94,714.25,672.508,610.95,1,Low Activity,618.662,103.57132435830555,343.30999999999995,-438.47999999999996
0,20.51,58.4,127.31,546.92,482.09,723.39,637.31,616.69,1,Low Activity,614.87,99.85653842721901,337.115,-419.60999999999996
0,20.42,58.57,122.43,548.76,479.07,722.57,672.05,607.98,1,Low Activity,620.4175,105.2534330002273,335.595,-426.33
0,22.09,44.96,117.71,580.28,440.05,609.75,675.08,615.09,2,Low Activity,584.9925000000001,101.0657859597731,348.995,-462.57
0,20.42,58.5,122.74,549.55,484.61,725.52,675.3860000000001,618.7,1,Low Activity,626.0540000000001,103.90318864532823,336.145,-426.80999999999995
2,24.07,48.72,101.12,543.53,408.33,721.96,646.42,573.54,2,Low Activity,587.5625,133.97488928278068,322.325,-442.40999999999997
0,20.27,58.79,125.82,578.93,491.14,718.98,681.1,625.21,1,Low Activity,629.1075,99.71711299972539,352.375,-453.10999999999996
0,20.21,58.77,128.41,549.31,489.44,721.25,687.51,610.6,1,Low Activity,627.2,102.8527688818666,338.85999999999996,-420.9
0,20.27,58.72,123.38,549.08,471.95,718.05,896.88,605.04,1,Low Activity,672.98,179.99205482465052,336.23,-425.70000000000005
0,20.28,58.68,123.03,553.52,471.44,721.85,800.55,617.75,1,Moderate Activity,652.8975,142.2648692580146,338.275,-430.49
0,19.86,55.82,137.34,570.75,463.93,713.77,622.71,597.66,1,Low Activity,599.5175,103.24557500606663,354.045,-433.40999999999997
0,20.15,58.78,123.56,551.88,478.01,724.17,680.15,613.09,1,Moderate Activity,623.855,107.42264736389,337.72,-428.32
2,22.01,53.73,102.84,554.98,482.15,733.29,691.3019999999999,622.86,1,High Activity,632.4005,110.02168241305891,328.91,-452.14
2,22.87,52.24,146.52,560.91,354.26,687.47,650.57,565.15,2,Low Activity,564.3625000000001,149.14296304217643,353.715,-414.39
1,20.03,58.94,125.91,548.18,485.83,598.97,679.9,614.79,1,Moderate Activity,594.8725,80.69167424007675,337.04499999999996,-422.27
0,19.3,53.24,132.11,588.4,436.97,730.21,689.6519999999999,605.36,1,Low Activity,615.548,129.91365656722414,360.255,-456.28999999999996
2,18.58,50.58,82.94,598.11,517.44,768.45,720.59,664.63,0,Low Activity,667.7775,108.83532373116121,340.525,-515.1700000000001
1,19.96,59.06,126.5,548.87,482.61,729.18,680.2,621.57,1,Low Activity,628.39,106.67899043391812,337.685,-422.37
1,20.0,58.96,129.83,548.32,481.35,826.82,686.23,622.73,1,Moderate Activity,654.2825,143.40042012374533,339.07500000000005,-418.49
1,19.94,55.92,132.64,558.46,465.96,729.02,656.8860000000001,604.9,1,Moderate Activity,614.1915,111.15651773812758,345.55,-425.82000000000005
1,19.9,58.94,125.06,547.99,488.25,622.76,669.798,622.85,1,Low Activity,600.9145,78.30840347199867,336.525,-422.93
1,19.76,59.33,131.97,547.08,493.8,732.19,683.95,619.73,1,Moderate Activity,632.4175,103.25685493790071,339.52500000000003,-415.11
1,19.77,59.28,126.09,553.87,492.22,735.21,689.43,616.02,1,Low Activity,633.22,106.04773170605772,339.98,-427.78
1,19.91,58.94,130.33,559.47,486.27,565.35,677.77,617.65,1,Moderate Activity,586.76,81.22733612111955,344.90000000000003,-429.14
1,19.81,59.09,136.67,547.22,490.7,727.29,693.37,628.93,1,Low Activity,635.0725,104.53677961208996,341.945,-410.55000000000007
2,24.16,43.98,85.09,606.09,468.76,756.59,713.52,654.35,1,Moderate Activity,648.305,126.82216748923143,345.59000000000003,-521.0
1,19.76,59.04,130.86,546.95,487.64,731.37,694.73,620.64,1,Low Activity,633.595,107.65397174899465,338.90500000000003,-416.09000000000003
1,19.71,59.22,125.9,542.09,482.43,724.39,673.852,615.77,1,Moderate Activity,624.1105,104.36015038158322,333.995,-416.19000000000005
2,23.31,51.92,163.59,578.93,431.6,709.47,660.15,595.79,1,Low Activity,599.2525,121.07264000728377,371.26,-415.3399999999999
1,19.63,59.22,121.47,578.93,486.78,715.23,681.71,602.9,1,Low Activity,621.655,101.49860311025634,350.2,-457.4599999999999
1,19.49,59.56,127.04,554.58,481.02,713.26,661.7,607.58,1,Low Activity,615.89,99.7303798582291,340.81,-427.54
1,19.5,59.45,120.65,550.63,483.15,719.09,670.02,603.92,1,Low Activity,619.045,102.14967661883877,335.64,-429.98
1,19.49,59.52,123.4,578.93,489.05,719.55,666.28,603.12,2,Low Activity,619.5,99.13606440981336,351.16499999999996,-455.53
1,19.65,59.28,125.49,551.72,479.55,685.08,613.6279999999999,552.68,2,Low Activity,582.7345,87.52013810737124,338.605,-426.23
1,19.61,59.19,122.02,544.67,464.62,678.51,579.3,519.52,2,Low Activity,560.4875,91.56442954735935,333.34499999999997,-422.65
1,19.54,59.3,122.74,546.13,472.29,676.98,584.07,522.93,2,Low Activity,564.0675,88.06197831641077,334.435,-423.39
2,22.6,49.31,110.52,553.45,462.42,746.19,679.98,630.25,1,Low Activity,629.71,121.2172966205731,331.985,-442.93000000000006
1,19.35,59.73,125.39,545.95,478.36,680.67,595.86,523.2,2,Moderate Activity,569.5225,88.51328727936837,335.67,-420.56000000000006
1,19.43,59.53,120.65,544.38,476.35,678.9,588.17,529.19,2,Low Activity,568.1525,86.816827237965,332.515,-423.73
0,22.17,50.99,121.36,575.19,413.4,708.68,671.232,584.78,2,Low Activity,594.5229999999999,131.42368952868935,348.27500000000003,-453.83000000000004
1,19.43,59.55,124.53,546.64,485.9,686.34,607.15,549.43,2,Low Activity,582.2049999999999,85.27446843379717,335.585,-422.11
1,17.32,43.51,66.79,620.17,601.86,788.0,759.25,702.72,0,Moderate Activity,712.9575,82.10122466605883,343.47999999999996,-553.38
0,19.65,56.19,140.19,565.32,406.29,623.41,681.68,581.07,2,Low Activity,573.1125000000001,118.61676227104945,352.755,-425.13000000000005
1,17.02,43.34,93.17,601.41,385.87,764.72,718.26,627.21,1,High Activity,624.0150000000001,168.7239027721522,347.28999999999996,-508.23999999999995
1,19.9,58.57,128.53,549.06,475.8,687.59,611.43,558.23,2,Low Activity,583.2625,89.16735253630296,338.79499999999996,-420.53
1,19.99,58.3,128.91,551.49,476.44,697.53,609.23,566.45,2,Low Activity,587.4125,91.93510260866991,340.2,-422.58000000000004
1,20.04,58.12,127.26,545.61,472.08,688.37,619.8599999999999,554.62,2,Low Activity,583.7325,92.31832803764736,336.435,-418.35
1,20.28,57.34,131.07,546.78,483.77,687.83,616.2,540.2,2,Low Activity,582.0,89.00562117080024,338.92499999999995,-415.71
1,19.79,58.88,127.01,549.54,480.47,566.23,654.4220000000001,558.45,2,Low Activity,564.893,71.14769752189225,338.275,-422.53
2,20.76,55.33,106.98,560.41,467.5,731.17,684.19,625.22,1,Low Activity,627.02,114.84119731176612,333.695,-453.42999999999995
0,20.59,52.05,98.06,562.11,472.63,750.75,699.09,641.1,1,High Activity,640.8925,120.78621786031715,330.08500000000004,-464.05
2,22.58,55.05,116.03,545.15,481.91,697.85,638.95,575.26,1,Low Activity,598.4925000000001,92.44809440076811,330.59,-429.12
0,19.07,51.62,109.93,597.33,483.98,746.28,697.53,620.84,1,Moderate Activity,637.1575,114.42925918808236,353.63,-487.40000000000003
1,20.12,57.99,133.42,546.0,486.81,692.49,628.5,563.81,2,Low Activity,592.9024999999999,88.10381050215706,339.71,-412.58000000000004
0,20.4,56.5,105.31,596.43,443.4,729.58,676.02,593.94,3,Low Activity,610.735,124.72548456510404,350.87,-491.11999999999995
0,19.69,54.91,120.02,549.42,459.09,692.41,645.74,571.75,2,Low Activity,592.2475,101.72682582124868,334.71999999999997,-429.4
1,20.09,57.99,132.7,547.29,485.74,696.14,634.83,558.01,2,Low Activity,593.6800000000001,91.49638717821959,339.995,-414.59
1,19.56,55.65,121.08,558.72,481.09,741.39,691.88,634.99,1,Low Activity,637.3375000000001,112.87249306924458,339.90000000000003,-437.64000000000004
0,22.73,54.0,118.4,554.02,465.29,705.0,650.708,583.84,1,Low Activity,601.2095,103.27694063858914,336.21,-435.62
1,19.89,58.49,133.47,549.23,489.5,707.55,631.96,554.41,2,Low Activity,595.855,94.53115553438805,341.35,-415.76
1,19.88,58.54,132.26,551.67,482.92,699.71,642.152,562.13,2,Low Activity,596.7280000000001,94.54789715271303,341.965,-419.40999999999997
1,19.72,59.01,130.96,548.7,474.28,702.26,627.9,560.09,2,Low Activity,591.1325,97.15848543316567,339.83000000000004,-417.74
1,20.21,57.61,133.48,551.93,497.25,695.1,660.8520000000001,555.68,2,Low Activity,602.2205,91.74071855506695,342.705,-418.44999999999993
1,19.79,58.97,128.33,550.88,488.11,693.43,625.89,575.05,1,Low Activity,595.6199999999999,86.53437467272758,339.605,-422.54999999999995
0,20.34,51.73,103.98,554.07,502.74,746.38,702.94,633.33,1,Low Activity,646.3475,106.46091845524035,329.02500000000003,-450.09000000000003
0,20.52,54.83,107.93,549.37,516.88,732.88,677.79,611.5,1,Moderate Activity,634.7625,92.94413604418517,328.65,-441.44
2,20.12,56.87,117.22,552.67,474.87,720.57,647.748,575.32,1,Low Activity,604.6270000000001,104.87767348678175,334.945,-435.44999999999993
1,18.85,55.99,112.27,605.39,492.67,739.49,702.3,629.91,1,Moderate Activity,641.0925,108.9077788391016,358.83,-493.12
2,19.96,58.52,120.66,552.13,444.72,697.04,635.94,567.65,1,Low Activity,586.3375,108.19764395925324,336.395,-431.47
2,20.5,56.82,118.38,555.97,464.66,701.31,643.47,574.35,1,Low Activity,595.9475,101.75543241026493,337.175,-437.59000000000003
2,20.77,56.77,121.09,550.46,471.84,703.76,618.1800000000001,568.53,2,Low Activity,590.5775,96.87941383493195,335.77500000000003,-429.37
2,18.11,44.21,62.9,578.93,586.1,789.59,758.5,693.15,0,Moderate Activity,706.835,89.96644133601522,320.91499999999996,-516.03
2,21.21,56.18,117.66,553.55,490.9,713.92,700.5219999999999,584.81,2,Low Activity,622.538,105.17309416385922,335.60499999999996,-435.89
2,21.5,55.98,119.59,548.8,482.72,710.65,709.632,579.64,2,Low Activity,620.6605,110.64101241251663,334.195,-429.2099999999999
2,21.65,55.92,123.67,548.94,474.98,701.47,654.61,580.39,2,Low Activity,602.8625,98.75928627222861,336.305,-425.27000000000004
0,22.53,50.26,106.93,558.61,459.54,738.59,691.27,629.38,1,Moderate Activity,629.695,121.932255644955,332.77,-451.68
2,21.85,55.62,119.03,547.38,491.58,702.7,660.0240000000001,588.07,2,Low Activity,610.5935000000001,92.37334194632855,333.205,-428.35
1,18.43,48.36,84.47,558.52,534.23,755.83,882.2,642.81,1,Moderate Activity,703.7675,149.45171090244057,321.495,-474.04999999999995
2,22.08,55.32,117.85,545.25,489.17,715.25,703.164,580.96,2,Low Activity,622.136,107.41069765468737,331.55,-427.4
2,19.47,53.84,102.95,578.93,493.02,735.72,690.53,625.6,1,Moderate Activity,636.2175,105.62330941447853,340.94,-475.97999999999996
2,22.44,54.31,115.88,550.34,485.49,710.81,649.53,584.34,1,Low Activity,607.5425,96.37132262763646,333.11,-434.46000000000004
2,22.43,54.61,119.46,551.87,485.49,702.18,635.79,578.43,1,Low Activity,600.4725,91.83062030172722,335.665,-432.41
0,21.05,57.77,122.28,551.77,473.86,718.57,639.816,607.04,1,Low Activity,609.8215,102.01171910945658,337.025,-429.49
2,23.05,54.24,120.02,550.11,473.05,709.11,647.52,578.49,1,Low Activity,602.0425,101.20184101586295,335.065,-430.09000000000003
3,23.8,50.59,133.6,550.16,444.44,709.21,671.78,595.99,1,Low Activity,605.355,117.16012134396811,341.88,-416.55999999999995
2,22.73,54.67,117.62,546.62,486.14,706.82,541.52,579.53,1,Low Activity,578.5025,93.74606351735525,332.12,-429.0
2,22.87,54.42,118.46,552.29,484.78,701.07,650.22,583.65,1,Moderate Activity,604.93,93.42188287548055,335.375,-433.83
2,22.82,54.62,116.21,544.08,468.13,707.18,649.6,589.07,1,Low Activity,603.495,102.31978319627798,330.14500000000004,-427.87000000000006
2,16.43,41.6,69.37,614.7,561.5,796.63,762.28,699.08,0,Low Activity,704.8725,103.7694346054431,342.035,-545.33
2,22.99,54.29,112.45,551.13,461.95,707.97,636.03,582.41,1,Low Activity,597.09,103.74491152180269,331.79,-438.68
2,23.05,54.24,120.02,550.11,473.05,709.11,647.52,578.49,1,Low Activity,602.0425,101.20184101586295,335.065,-430.09000000000003
2,23.23,53.97,113.57,554.43,482.2,701.49,651.0,580.59,1,Low Activity,603.82,95.037604136468,334.0,-440.85999999999996
2,23.49,53.4,121.61,551.83,476.0,702.92,811.69,578.42,1,Low Activity,642.2575,146.17808052167058,336.72,-430.22
2,23.54,53.32,116.1,553.39,478.78,709.53,644.45,583.56,1,Low Activity,604.0799999999999,98.09960890170088,334.745,-437.28999999999996
2,23.43,53.71,117.44,545.09,469.83,704.58,644.58,578.86,1,Low Activity,599.4625000000001,100.52251103608587,331.265,-427.65000000000003
2,23.33,54.06,116.88,551.72,474.12,704.0,645.25,585.74,1,Low Activity,602.2774999999999,98.13585222367341,334.3,-434.84000000000003
2,23.31,54.16,119.92,546.75,469.69,563.45,647.96,576.4,1,Low Activity,564.375,73.25106984429193,333.335,-426.83
2,23.33,54.18,118.18,552.83,477.43,698.54,583.7860000000001,575.77,1,Low Activity,583.8815,90.45127422540823,335.505,-434.65000000000003
2,23.44,53.91,116.2,547.4,485.62,710.54,654.02,581.69,1,Low Activity,607.9675,97.12769648766512,331.8,-431.2
2,17.62,48.6,91.13,607.65,555.06,780.26,738.1,678.46,0,Moderate Activity,687.97,97.9557199282751,349.39,-516.52
2,23.51,53.84,121.92,578.93,463.66,702.39,650.806,581.42,1,Low Activity,599.569,103.27637789284957,350.42499999999995,-457.00999999999993
2,23.52,53.89,118.66,549.86,475.7,704.07,682.698,576.89,1,Low Activity,609.8394999999999,105.30404101616108,334.26,-431.20000000000005
2,23.76,53.52,118.97,553.22,482.96,699.06,645.708,577.17,1,Low Activity,601.2245,93.30180020235407,336.095,-434.25
2,23.98,53.11,116.54,545.86,467.39,701.3,884.27,572.89,1,Low Activity,656.4625,179.48020454913686,331.2,-429.32
2,24.0,53.23,124.84,544.37,459.73,708.96,643.61,571.88,1,Low Activity,596.0450000000001,106.7363619703551,334.605,-419.53
0,22.12,54.37,122.46,549.16,468.76,706.78,663.9,597.77,1,Low Activity,609.3025,103.87162409275531,335.81,-426.7
2,17.82,44.95,71.81,616.14,515.5,777.81,732.89,683.19,0,Low Activity,677.3475,114.61010902911951,343.975,-544.3299999999999
2,23.95,53.45,116.58,551.39,467.66,705.52,643.73,581.72,1,Low Activity,599.6575,101.47963354782081,333.985,-434.81
2,24.04,53.38,116.7,547.65,477.32,863.65,653.93,582.64,1,Low Activity,644.385,163.1884457715476,332.175,-430.95
2,24.23,53.1,121.19,542.35,462.3,692.96,649.4,577.19,2,Low Activity,595.4625,100.79873027474106,331.77,-421.16
2,24.28,52.77,119.99,554.09,475.7,700.83,663.22,579.36,1,Low Activity,604.7775,99.91439481709665,337.04,-434.1
3,21.65,51.65,112.06,594.36,465.91,717.1,680.38,594.32,1,Low Activity,614.4275,111.58424900047495,353.21000000000004,-482.3
2,24.0,53.45,125.51,553.11,466.88,705.61,651.28,581.92,1,Low Activity,601.4225,102.99326397876709,339.31,-427.6
1,19.48,54.44,113.44,556.65,482.59,710.37,671.95,590.35,2,Low Activity,613.815,100.78550342187117,335.04499999999996,-443.21
1,15.95,41.6,64.41,616.72,518.25,792.28,758.08,698.45,1,Moderate Activity,691.7650000000001,122.00148755923703,340.565,-552.3100000000001
2,24.07,53.47,120.06,545.26,476.98,702.75,689.572,583.57,1,Low Activity,613.2180000000001,105.33392756372467,332.65999999999997,-425.2
2,24.26,53.05,121.46,547.21,471.51,709.58,615.4259999999999,569.31,1,Low Activity,591.4565,99.00391996784776,334.33500000000004,-425.75000000000006
1,17.75,51.2,120.76,592.79,435.49,746.64,686.074,595.76,1,High Activity,615.991,135.36456017239763,356.775,-472.03
2,24.36,52.93,117.26,550.49,482.96,696.29,651.63,582.66,1,Moderate Activity,603.385,92.89891513539506,333.875,-433.23
0,18.51,51.89,123.51,585.08,478.05,733.98,662.1279999999999,620.59,1,Moderate Activity,623.687,107.79917054102658,354.295,-461.57000000000005
3,24.69,52.04,121.15,544.23,475.93,697.58,643.33,587.41,1,Low Activity,601.0625,94.77464969600258,332.69,-423.08000000000004
3,24.27,53.48,122.06,546.32,465.08,708.68,659.918,582.45,2,Low Activity,604.0319999999999,106.21972498552233,334.19000000000005,-424.26000000000005
3,24.37,53.08,118.63,547.86,488.73,711.64,650.35,580.19,1,Low Activity,607.7275,95.80049421410446,333.245,-429.23
3,24.64,52.44,120.47,545.12,470.41,703.77,653.1379999999999,580.45,1,Low Activity,601.942,101.24647333446562,332.795,-424.65
3,25.09,51.27,122.08,540.72,468.08,703.63,650.22,578.24,2,Low Activity,600.0425,101.87836223490574,331.40000000000003,-418.64000000000004
3,25.06,51.57,125.9,544.51,469.7,689.43,653.71,575.78,2,Moderate Activity,597.155,97.32216482727183,335.205,-418.61
3,24.69,52.68,121.83,547.81,479.19,707.53,896.79,593.24,2,Low Activity,669.1875,178.08248844753564,334.82,-425.97999999999996
3,24.7,52.57,125.12,548.97,469.66,704.94,658.98,588.33,2,Low Activity,605.4775000000001,102.46257280099891,337.045,-423.85
3,24.76,52.45,125.2,546.56,476.48,696.94,661.76,582.09,2,Low Activity,604.3175,97.83499114154743,335.88,-421.35999999999996
0,18.88,53.12,123.55,587.55,450.61,736.32,875.18,634.07,1,Moderate Activity,674.0450000000001,178.7499778088564,355.54999999999995,-463.99999999999994
2,20.05,53.94,108.23,561.09,506.47,739.12,697.768,625.8,1,Low Activity,642.2895000000001,101.93600914789631,334.66,-452.86
2,20.71,52.15,152.82,569.41,425.02,724.09,688.55,627.63,2,Low Activity,616.3225,133.61031880684467,361.115,-416.59
3,25.01,51.85,120.91,543.86,456.85,698.63,663.48,582.67,2,Low Activity,600.4075,107.31445145769821,332.385,-422.95000000000005
0,20.65,48.21,118.16,597.89,459.77,737.39,686.986,622.54,2,Moderate Activity,626.6714999999999,120.78852752779684,358.025,-479.73
0,19.73,54.59,119.99,601.78,469.49,741.05,696.11,625.74,1,Low Activity,633.0975000000001,118.94797780962902,360.885,-481.78999999999996
3,23.26,42.82,108.61,602.74,494.69,753.23,711.77,655.0,1,Moderate Activity,653.6725,113.37873532986686,355.675,-494.13
2,19.07,54.77,82.37,585.69,512.51,735.47,711.63,651.64,0,High Activity,652.8125,99.96320468885874,334.03000000000003,-503.32000000000005
3,24.87,53.56,141.69,544.47,425.08,898.12,636.48,562.35,2,Low Activity,630.5075,198.7444116405121,343.08000000000004,-402.78000000000003
1,20.2,57.36,128.71,552.4,460.12,716.12,674.544,605.5,1,Low Activity,614.071,112.31704318876395,340.555,-423.68999999999994
3,24.97,52.53,126.96,548.95,460.84,698.13,651.85,564.26,2,Low Activity,593.77,104.57138072468332,337.95500000000004,-421.99000000000007
0,20.87,57.48,134.53,560.6,437.4,699.68,655.9359999999999,598.75,1,Low Activity,597.9414999999999,114.72911764528943,347.565,-426.07000000000005
3,25.31,51.96,130.45,538.68,432.11,697.57,643.82,575.6,2,Low Activity,587.275,114.85470081803358,334.56499999999994,-408.22999999999996
3,25.0,52.3,120.52,550.88,452.66,697.68,653.5,582.15,2,Low Activity,596.4975,107.05490876959665,335.7,-430.36
0,22.05,51.89,124.59,577.14,423.08,702.6,657.58,602.45,1,Low Activity,596.4275,122.60757762743162,350.865,-452.54999999999995
0,21.63,53.28,107.93,548.02,491.15,711.27,660.42,594.81,1,Moderate Activity,614.4125,95.00169695852806,327.975,-440.09
3,24.41,53.11,117.8,554.9,444.48,697.36,653.04,571.5,2,Low Activity,591.595,111.06808047319444,336.34999999999997,-437.09999999999997
3,24.38,52.84,124.56,547.21,454.61,694.36,640.62,576.72,2,Low Activity,591.5775000000001,103.19924172040542,335.885,-422.65000000000003
3,24.08,53.53,125.99,550.16,460.22,699.1,644.77,582.47,2,Low Activity,596.6400000000001,102.6738424981423,338.075,-424.16999999999996
3,24.25,52.96,121.77,545.69,450.7,696.93,654.05,582.02,2,Low Activity,595.925,107.80255918421724,333.73,-423.9200000000001
3,24.38,52.5,119.76,554.33,459.93,695.65,662.57,587.04,2,Moderate Activity,601.2975,104.6339012541665,337.045,-434.57000000000005
2,18.13,50.24,85.75,613.74,511.55,598.71,729.75,678.1,0,Low Activity,629.5275,95.34541778012547,349.745,-527.99
3,22.95,53.73,150.7,584.61,450.68,730.45,679.31,591.34,2,Low Activity,612.945,122.48597810906084,367.655,-433.91
3,24.4,52.54,121.0,554.46,463.87,699.68,706.5440000000001,586.75,2,Low Activity,614.211,114.29035487447459,337.73,-433.46000000000004
3,24.65,51.93,123.32,544.86,458.05,705.36,664.64,577.39,2,Low Activity,601.36,109.44203244945092,334.09000000000003,-421.54
3,24.6,51.97,123.93,549.92,462.6,708.8,655.15,569.6,2,Low Activity,599.0375,107.51461431669026,336.92499999999995,-425.98999999999995
3,24.26,52.83,122.4,546.86,470.22,695.66,643.89,577.8,2,Low Activity,596.8924999999999,97.25264328027284,334.63,-424.46000000000004
3,24.1,52.84,122.45,547.02,463.2,700.17,650.28,588.42,2,Low Activity,600.5174999999999,102.32199580246663,334.735,-424.57
1,19.12,51.86,91.71,553.2,497.49,723.96,642.16,578.28,1,Low Activity,610.4725000000001,96.06406312976775,322.45500000000004,-461.49000000000007
3,23.73,53.59,125.56,546.16,445.91,685.32,648.84,577.08,2,Low Activity,589.2875,105.63281036212187,335.86,-420.59999999999997
3,23.65,54.0,121.38,550.35,431.58,696.98,649.62,568.79,2,Moderate Activity,586.7425,116.19463566935153,335.865,-428.97
3,23.55,54.16,125.34,547.57,424.77,693.94,643.87,557.31,2,Low Activity,579.9725,117.85992600682108,336.45500000000004,-422.23
3,23.39,54.44,127.68,543.61,435.18,691.89,643.65,566.53,2,Low Activity,584.3125,112.02764134355414,335.645,-415.93
3,23.27,54.65,129.06,547.05,442.39,694.11,658.452,580.91,2,Low Activity,593.9655,111.5541839092854,338.05499999999995,-417.98999999999995
3,22.27,55.1,108.09,544.91,457.34,701.17,658.1,576.11,2,Moderate Activity,598.1800000000001,107.269655541537,326.5,-436.81999999999994
3,23.61,47.64,97.14,596.28,427.0,703.01,648.55,582.21,1,Low Activity,590.1925,119.4834695330976,346.71,-499.14
0,19.04,49.8,119.42,581.62,481.13,730.41,700.21,625.95,1,Moderate Activity,634.425,111.22345241299905,350.52,-462.2
0,22.98,54.92,133.02,548.54,428.47,693.6,655.86,565.96,2,Low Activity,585.9725000000001,117.8635921662552,340.78,-415.52
0,22.86,55.27,129.52,544.66,441.28,697.75,664.16,571.27,2,Low Activity,593.615,114.78377716384838,337.09,-415.14
0,22.59,55.78,136.79,544.22,437.33,698.87,662.86,589.73,2,Low Activity,597.1975,115.84794959342182,340.505,-407.43000000000006
3,23.53,49.12,117.3,575.58,384.3,679.66,635.2860000000001,544.1,3,Low Activity,560.8365,130.52074990462881,346.44,-458.28000000000003
0,22.51,55.98,135.53,545.05,447.05,698.76,654.02,582.33,2,Low Activity,595.54,109.99706511236256,340.28999999999996,-409.52
0,22.37,56.21,130.93,547.54,446.48,633.09,639.6220000000001,596.66,2,Low Activity,578.9630000000001,90.32197131743013,339.235,-416.60999999999996
0,22.3,56.33,132.45,543.25,437.12,701.72,660.6,570.02,2,Low Activity,592.365,117.2104095206565,337.85,-410.8
2,23.16,51.62,111.13,544.19,460.88,685.57,542.85,557.54,3,Low Activity,561.71,92.881783287503,327.66,-433.06000000000006
0,22.28,56.26,137.49,544.8,455.97,706.93,663.918,590.55,2,Low Activity,604.3420000000001,109.96676341513374,341.145,-407.30999999999995
3,24.73,47.85,107.31,573.95,437.83,712.96,671.24,599.91,1,Moderate Activity,605.485,121.12510791188865,340.63,-466.64000000000004
1,19.22,52.8,106.32,556.87,474.18,722.87,679.56,614.62,1,Low Activity,622.8075,108.61325743971895,331.595,-450.55
3,24.66,52.37,122.77,578.93,444.4,703.16,651.9,581.72,2,Low Activity,595.2950000000001,112.2386830226846,350.84999999999997,-456.15999999999997
0,20.35,58.56,129.66,546.31,493.34,712.26,671.46,608.82,1,Low Activity,621.47,95.42736085630789,337.98499999999996,-416.65
0,21.97,56.89,132.94,546.39,445.17,704.93,653.03,578.28,1,Low Activity,595.3525,112.8127889839327,339.66499999999996,-413.45
0,21.86,57.18,134.62,545.34,458.0,708.05,670.126,602.57,1,Low Activity,609.6865,110.1328745152872,339.98,-410.72
0,19.68,50.79,109.85,601.74,479.76,737.7,694.962,622.2,1,Low Activity,633.6555000000001,113.13531473859081,355.795,-491.89
3,23.58,50.32,109.73,551.08,462.77,734.2,671.89,617.26,1,Low Activity,621.53,116.1229649983155,330.40500000000003,-441.35
0,21.75,57.42,127.53,551.55,462.15,701.32,662.59,592.19,1,Low Activity,604.5625,105.14054637325542,339.53999999999996,-424.02
0,21.56,57.66,128.26,549.78,473.81,706.69,461.1,570.67,1,Low Activity,553.0675,113.50402764513105,339.02,-421.52
0,21.62,57.52,133.38,544.59,453.99,706.7,879.68,580.81,1,Low Activity,655.295,181.71664801736426,338.985,-411.21000000000004
0,21.58,57.55,128.65,542.72,460.06,701.97,698.04,598.79,1,Low Activity,614.7149999999999,113.6196363603874,335.685,-414.07000000000005
2,18.49,46.43,78.59,574.91,536.01,777.43,696.5320000000002,674.78,0,Moderate Activity,671.1880000000001,100.35881467348379,326.75,-496.31999999999994
0,21.38,57.89,130.21,541.19,455.96,702.09,657.25,586.18,1,Low Activity,600.37,107.45215524440016,335.70000000000005,-410.98
3,21.74,43.5,100.72,591.7,499.53,737.57,695.54,618.66,1,High Activity,637.8249999999999,104.51936104537445,346.21000000000004,-490.98
0,21.37,57.89,123.72,550.6,470.24,704.35,659.284,590.44,1,Low Activity,606.0785000000001,101.95550288728901,337.16,-426.88
2,20.7,50.96,107.78,581.21,483.34,730.48,684.19,618.41,1,Moderate Activity,629.105,107.50669141965074,344.495,-473.43000000000006
0,21.26,57.96,130.57,549.73,454.56,846.99,665.77,592.25,1,Low Activity,639.8924999999999,163.47982839380114,340.15,-419.16
1,19.96,58.45,132.68,550.23,490.18,727.72,683.38,610.12,1,Low Activity,627.85,103.80266470568085,341.45500000000004,-417.55
0,21.17,57.92,127.27,545.04,453.87,707.41,660.65,590.07,1,Low Activity,603.0,110.50175322892694,336.155,-417.77
0,21.16,57.92,126.43,549.78,456.09,709.2,673.05,591.97,1,Moderate Activity,607.5775,112.25838866205056,338.105,-423.34999999999997
0,21.1,58.05,125.23,546.33,453.31,704.22,666.13,588.67,1,Low Activity,603.0825,110.82012915080004,335.78000000000003,-421.1
0,21.09,58.05,128.31,546.82,463.11,708.5,668.54,601.35,1,Low Activity,610.375,107.67251846842503,337.56500000000005,-418.51000000000005
0,21.01,58.04,120.95,546.28,465.44,709.76,671.2,590.75,1,Low Activity,609.2875,107.95619956723192,333.615,-425.33
0,21.0,58.09,128.62,548.93,470.33,712.29,678.42,602.83,1,Low Activity,615.9675,107.33314814942615,338.775,-420.30999999999995
2,19.94,50.27,105.24,581.94,446.22,714.91,673.12,607.51,2,Low Activity,610.44,118.06715123183076,343.59000000000003,-476.70000000000005
1,16.88,49.22,65.95,618.67,564.6,785.08,748.1540000000001,696.91,1,Moderate Activity,698.686,96.42478213958624,342.31,-552.7199999999999
0,20.91,58.02,125.76,549.64,474.8,710.32,667.49,598.93,1,Low Activity,612.885,102.85506712521915,337.7,-423.88
0,23.19,48.92,121.39,568.19,386.09,681.54,637.3,555.15,3,Low Activity,565.02,130.2749280048416,344.79,-446.80000000000007
2,21.23,52.45,103.76,525.93,571.72,762.82,718.13,639.36,2,Moderate Activity,673.0075,84.64363940466329,314.84499999999997,-422.16999999999996
2,17.75,50.24,94.03,608.19,446.97,755.48,723.78,638.7,1,High Activity,641.2325000000001,138.5771908540507,351.11,-514.1600000000001
0,20.8,57.95,123.2,548.71,479.93,716.27,664.096,594.0,1,Low Activity,613.5740000000001,102.21350385671487,335.95500000000004,-425.51000000000005
0,20.75,57.97,121.68,549.41,477.43,881.22,686.01,597.99,1,Low Activity,660.6625,170.0883083136522,335.54499999999996,-427.72999999999996
0,20.68,58.2,126.02,544.84,482.74,718.12,708.908,615.18,1,Low Activity,631.237,109.37797796022134,335.43,-418.82000000000005
3,22.16,53.2,125.47,594.12,427.75,716.85,670.58,596.58,3,Low Activity,602.9399999999999,126.86297516086667,359.795,-468.65
0,20.62,58.32,122.69,549.26,464.96,718.77,678.03,595.76,1,Low Activity,614.38,111.98457542596361,335.975,-426.57
0,20.67,58.14,123.55,549.33,462.75,727.08,668.87,605.12,1,Low Activity,615.9549999999999,113.63381553628011,336.44,-425.78000000000003
3,22.89,50.44,123.76,549.54,467.58,713.23,657.742,571.56,2,Low Activity,602.528,107.19685680715334,336.65,-425.78
2,19.02,51.51,189.77,565.95,491.38,748.33,715.46,654.99,1,High Activity,652.54,114.18289218033792,377.86,-376.18000000000006
0,20.52,58.36,117.28,552.23,474.99,719.82,683.91,609.31,1,Low Activity,622.0074999999999,108.28138725099527,334.755,-434.95000000000005
1,15.07,44.17,71.33,607.64,594.14,867.01,741.3,689.72,0,Moderate Activity,723.0425,113.70461860305704,339.485,-536.31
1,20.08,53.54,103.51,555.12,483.75,733.89,677.05,600.56,1,Low Activity,623.8125,108.18112909221583,329.315,-451.61
2,18.48,50.96,123.54,581.85,481.48,734.16,685.822,607.33,2,High Activity,627.198,110.3118545578851,352.695,-458.31
1,17.38,40.63,80.62,604.31,535.34,769.56,725.7,675.78,1,Moderate Activity,676.595,101.66518824061653,342.465,-523.6899999999999
0,20.32,58.57,119.73,546.0,470.97,709.91,678.87,620.21,1,Low Activity,619.99,106.0808961751989,332.865,-426.27
0,20.35,58.58,123.39,547.27,493.77,719.2,677.84,619.9,1,Moderate Activity,627.6775,98.12297127414494,335.33,-423.88
2,20.62,47.98,110.89,584.7,443.91,719.46,653.104,603.66,2,Low Activity,605.0335,117.42638208256271,347.795,-473.81000000000006
1,20.33,58.49,128.76,550.4,485.87,720.9,683.972,609.59,1,Low Activity,625.083,103.71291180947529,339.58,-421.64
3,22.19,46.81,107.71,586.61,346.69,680.82,601.96,507.07,2,Low Activity,534.135,143.74150653169042,347.16,-478.90000000000003
0,20.07,50.62,112.49,596.86,483.86,731.18,688.64,612.53,2,Moderate Activity,629.0525,108.52734137073475,354.675,-484.37
1,16.21,43.93,63.65,617.34,605.59,797.48,764.1659999999999,710.09,0,Low Activity,719.3315,83.9441373513759,340.495,-553.69
1,19.29,54.91,109.61,549.87,479.1,713.54,666.48,593.2,2,Low Activity,613.0799999999999,102.12676175550982,329.74,-440.26
1,20.24,58.44,125.52,547.38,489.28,718.94,680.91,622.31,1,Low Activity,627.86,100.57350181169328,336.45,-421.86
1,20.29,58.21,124.55,546.47,471.01,718.06,675.91,608.87,1,Low Activity,618.4625,108.09584184879637,335.51,-421.92
0,20.17,55.96,142.52,559.44,425.6,711.42,663.26,591.61,2,Low Activity,597.9725,125.01406997480987,350.98,-416.9200000000001
2,18.2,46.2,102.05,587.32,462.59,738.21,734.036,623.75,2,Low Activity,639.6465,129.3906799155179,344.685,-485.27000000000004
1,20.18,58.34,126.57,547.63,471.02,725.08,674.63,615.51,1,Low Activity,621.56,109.8964806837174,337.1,-421.06
1,18.84,43.68,68.48,585.45,571.25,777.83,748.64,694.62,1,Moderate Activity,698.0849999999999,91.31300838325284,326.96500000000003,-516.97
1,20.07,58.51,126.02,552.37,497.72,728.94,684.682,615.14,1,Moderate Activity,631.6205,100.80932272199168,339.195,-426.35
1,20.12,58.38,128.86,549.46,485.23,715.98,689.31,612.11,1,Moderate Activity,625.6575,103.4620901183939,339.16,-420.6
1,20.18,58.2,127.3,546.58,491.62,720.94,871.39,630.44,1,Low Activity,678.5975,159.41723628579186,336.94,-419.28000000000003
1,20.18,58.1,123.98,541.06,498.57,728.91,698.19,612.79,1,High Activity,634.615,103.146982990294,332.52,-417.0799999999999
1,20.01,58.54,124.95,544.6,481.89,727.27,684.3,619.21,1,Low Activity,628.1675,107.15954907675437,334.77500000000003,-419.65000000000003
1,20.06,58.34,130.4,546.16,470.91,730.36,682.95,599.06,1,Moderate Activity,620.8199999999999,113.73310013653311,338.28,-415.76
1,19.95,58.57,122.13,549.65,490.6,721.16,688.36,614.34,1,High Activity,628.615,102.28384997968477,335.89,-427.52
1,19.97,58.48,131.94,548.44,485.33,728.67,674.17,613.33,1,Moderate Activity,625.375,104.57611757311831,340.19000000000005,-416.50000000000006
1,18.69,43.05,63.88,578.56,578.04,785.02,750.77,695.76,0,Moderate Activity,702.3975,90.69219090785418,321.21999999999997,-514.68
3,23.62,48.04,123.51,591.09,445.27,719.67,553.6,600.39,1,Moderate Activity,579.7325,113.6842229965677,357.3,-467.58000000000004
1,19.79,48.75,95.6,558.26,512.29,749.35,688.35,629.6,2,High Activity,644.8974999999999,101.0234412978823,326.93,-462.65999999999997
1,19.9,58.49,125.61,552.49,490.2,721.76,681.03,616.65,1,Low Activity,627.41,101.19187813258532,339.05,-426.88
1,19.84,58.64,122.29,549.06,489.06,732.77,685.78,614.75,1,Moderate Activity,630.5899999999999,106.09482393909074,335.67499999999995,-426.7699999999999
1,19.83,58.63,119.14,551.72,483.66,734.7,686.77,611.68,1,Moderate Activity,629.2025,109.44313116104334,335.43,-432.58000000000004
1,19.61,57.56,119.91,542.45,486.27,729.92,677.17,620.88,1,High Activity,628.5600000000001,104.7890073751377,331.18,-422.5400000000001
1,19.47,55.61,106.11,557.27,516.63,720.6,656.5240000000001,615.43,1,Low Activity,627.296,85.53299151399615,331.69,-451.15999999999997
1,19.63,56.67,111.04,552.47,491.85,704.13,647.36,580.9,1,Low Activity,606.0600000000001,91.28775858058223,331.755,-441.43
0,20.53,55.19,146.57,576.07,469.13,709.71,477.14,586.88,1,Low Activity,560.715,112.92580174610231,361.32000000000005,-429.50000000000006
3,20.62,50.17,113.02,591.86,412.24,727.6,689.17,602.35,2,Moderate Activity,607.84,140.53057389763978,352.44,-478.84000000000003
1,19.6,57.65,113.4,561.25,476.15,701.79,618.228,574.21,2,Low Activity,592.5945,93.94687321921184,337.325,-447.85
1,19.61,57.65,113.38,552.69,483.16,693.57,839.37,582.54,2,Low Activity,649.66,152.9109943725434,333.035,-439.31000000000006
1,19.54,57.82,111.36,578.93,481.92,698.54,642.35,583.12,2,Moderate Activity,601.4825,92.59712680027747,345.145,-467.56999999999994
1,19.52,57.96,109.06,551.64,481.28,702.96,637.16,569.77,2,Low Activity,597.7925,94.81635983134277,330.35,-442.58
3,24.01,51.5,126.49,554.92,459.89,699.61,646.27,572.35,2,Low Activity,594.53,103.82471767358678,340.705,-428.42999999999995
1,19.46,58.2,115.15,553.99,494.67,702.62,651.87,578.86,2,Low Activity,607.005,90.49196962530249,334.57,-438.84000000000003
1,19.27,57.28,109.89,548.23,506.16,704.77,659.32,579.75,2,Low Activity,612.5,87.72423344397677,329.06,-438.34000000000003
3,23.3,51.01,133.76,560.72,424.95,684.44,601.7,531.59,2,Low Activity,560.6700000000001,109.95156297206515,347.24,-426.96000000000004
2,22.8,55.0,123.89,551.26,478.28,703.14,823.44,581.18,1,Low Activity,646.51,149.53318873525484,337.575,-427.37
3,24.28,47.7,107.44,575.63,447.48,713.16,678.24,598.93,2,Low Activity,609.4525,118.08581551143219,341.53499999999997,-468.19
2,21.71,47.61,126.09,577.96,472.41,715.59,675.29,616.04,2,Moderate Activity,619.8325,106.44687199882077,352.02500000000003,-451.87
0,18.04,52.06,118.79,589.84,486.95,745.62,699.25,644.04,1,High Activity,643.9649999999999,112.61125772615571,354.315,-471.05
1,20.19,56.25,120.24,545.93,478.45,702.12,659.0939999999999,583.36,2,Low Activity,605.756,98.04652159731795,333.085,-425.68999999999994
1,19.98,56.82,111.52,549.82,482.73,708.94,651.55,583.33,2,Low Activity,606.6375,97.26123289882767,330.67,-438.30000000000007
0,21.07,56.02,128.95,578.93,444.44,697.6,669.06,597.15,1,Low Activity,602.0625,113.26232688615693,353.93999999999994,-449.97999999999996
1,19.62,58.17,122.25,552.18,472.89,702.9,653.69,592.86,2,Low Activity,605.585,99.25420041489429,337.215,-429.92999999999995
3,22.9,51.08,103.5,557.25,451.42,733.31,681.82,622.01,1,Moderate Activity,622.1400000000001,122.56400586360309,330.375,-453.75
1,20.24,57.01,121.7,546.2,472.46,703.38,639.74,584.71,2,Low Activity,600.0725,97.92328064187122,333.95000000000005,-424.50000000000006
1,20.08,57.46,123.17,550.17,476.26,705.2,654.45,578.85,2,Low Activity,603.69,99.55951017691213,336.66999999999996,-426.99999999999994
1,20.2,57.04,125.43,548.14,463.7,714.5,663.85,583.95,2,Low Activity,606.5,109.32118580891202,336.78499999999997,-422.71
1,16.99,50.93,117.07,583.17,488.31,745.04,707.73,629.09,1,Moderate Activity,642.5425,113.61305892516638,350.12,-466.09999999999997
2,18.54,52.31,108.52,595.87,440.97,750.23,733.5200000000001,616.77,1,Low Activity,635.3725000000001,142.55240214859003,352.195,-487.35
1,19.0,56.97,116.75,600.45,475.67,728.7,680.81,595.0,1,Moderate Activity,620.0450000000001,111.01003993633489,358.6,-483.70000000000005
0,21.04,54.3,121.6,566.04,392.68,686.16,642.96,559.45,3,Low Activity,570.3125,129.57571978705474,343.82,-444.43999999999994
1,20.11,57.8,126.36,553.99,477.6,709.02,668.044,596.22,2,Low Activity,612.721,101.42994195009675,340.175,-427.63
1,20.35,57.02,121.23,548.53,476.34,709.47,502.39,587.66,2,Low Activity,568.9649999999999,105.04408487233668,334.88,-427.29999999999995
2,20.75,55.86,126.98,546.32,480.62,712.67,665.4159999999999,585.86,2,Low Activity,611.1415,101.5361575449849,336.65000000000003,-419.34000000000003
3,24.22,41.91,109.87,598.99,483.86,839.82,713.66,629.46,1,Moderate Activity,666.7,149.4356708866171,354.43,-489.12
2,20.14,57.65,118.82,540.53,470.64,704.17,663.46,600.8,2,Low Activity,609.7674999999999,102.03201111252619,329.67499999999995,-421.71
2,20.28,56.64,114.6,548.58,477.89,715.28,660.36,586.68,2,Low Activity,610.0525,102.65942313462186,331.59000000000003,-433.98
2,20.03,57.06,123.54,546.58,454.02,713.86,664.1,576.41,2,High Activity,602.0975,113.90340948218659,335.06,-423.04
1,18.75,51.89,111.59,598.05,478.67,752.75,706.604,643.42,1,Moderate Activity,645.361,119.82314652854014,354.82,-486.4599999999999
2,19.5,55.0,82.4,560.71,528.23,743.32,711.34,642.8,1,Moderate Activity,656.4225000000001,95.19453218716576,321.555,-478.31000000000006
2,24.28,47.91,104.05,553.43,420.6,734.14,672.76,608.52,1,Low Activity,609.005,135.67135229418673,328.73999999999995,-449.37999999999994
3,23.97,49.62,106.54,578.93,395.83,721.58,653.5260000000001,582.71,2,Low Activity,588.4115,140.34943147610778,342.73499999999996,-472.38999999999993
2,19.0,56.04,69.94,569.78,573.77,757.26,730.2160000000001,664.85,0,Low Activity,681.524,81.6410831056685,319.86,-499.84
1,19.53,54.82,118.54,552.48,479.58,710.87,662.264,583.49,2,Moderate Activity,609.0509999999999,101.01953060670992,335.51,-433.94
2,18.88,56.05,71.79,568.54,584.7,757.53,714.46,662.72,0,Low Activity,679.8525,74.33929843404941,320.16499999999996,-496.74999999999994
2,18.96,56.93,80.94,578.93,536.98,754.4,748.954,643.54,0,Moderate Activity,670.9685,102.87175535101943,329.93499999999995,-497.98999999999995
2,19.1,57.1,87.75,578.93,535.53,734.28,893.37,658.28,0,Moderate Activity,705.365,149.7140404237358,333.34,-491.17999999999995
2,16.85,47.84,89.66,600.18,512.03,764.68,738.2059999999999,668.54,1,Moderate Activity,670.864,113.38728228509578,344.91999999999996,-510.52
2,18.96,57.82,77.11,564.54,532.91,736.78,712.64,648.18,0,Moderate Activity,657.6274999999999,91.1687144346495,320.825,-487.42999999999995
2,19.06,57.64,80.82,564.28,541.15,746.51,695.92,638.51,0,Low Activity,655.5225,88.0930891633012,322.54999999999995,-483.46
2,19.04,57.6,81.48,566.26,528.22,742.37,705.77,631.02,0,High Activity,651.845,94.55069627806378,323.87,-484.78
2,19.48,56.56,87.98,560.82,537.59,736.98,702.44,635.94,0,High Activity,653.2375000000001,87.7633941819329,324.40000000000003,-472.84000000000003
2,20.7,54.27,91.54,560.7,527.52,739.97,700.0360000000001,628.83,0,Low Activity,649.089,93.17439171074138,326.12,-469.16
3,23.47,46.57,132.24,577.94,421.03,719.96,665.23,579.66,2,High Activity,596.47,130.43451409296034,355.09000000000003,-445.70000000000005
2,20.09,55.88,90.74,559.14,512.05,578.86,698.31,628.46,0,Moderate Activity,604.42,78.69515910566969,324.94,-468.4
2,19.97,56.47,91.24,560.32,493.89,733.4,696.5,635.54,1,High Activity,639.8325,105.33078289370111,325.78000000000003,-469.08000000000004
1,18.19,52.75,68.09,570.85,595.71,767.77,740.92,677.39,0,High Activity,695.4475,76.5330744950617,319.47,-502.76
2,19.85,56.86,97.11,558.52,489.04,726.61,689.4579999999999,627.26,1,Low Activity,633.092,104.41540947580484,327.815,-461.40999999999997
2,19.96,56.88,96.12,557.14,440.9,726.08,676.58,617.03,1,Moderate Activity,615.1475,124.42629233807462,326.63,-461.02
2,20.16,56.56,102.79,560.13,454.88,727.05,682.08,622.78,1,Moderate Activity,621.6975,119.12800632792721,331.46,-457.34
2,21.16,54.26,102.28,559.72,464.56,724.6,684.31,622.96,1,High Activity,624.1075000000001,114.28007273798875,331.0,-457.44000000000005
1,16.0,44.15,67.1,620.31,622.88,796.3,771.92,707.34,0,Moderate Activity,724.61,77.51330638455995,343.705,-553.2099999999999
2,21.42,54.45,100.23,555.54,485.72,727.07,695.72,633.12,1,Moderate Activity,635.4075,107.16216974753732,327.885,-455.30999999999995
1,18.87,51.6,103.89,583.81,518.09,740.0,697.43,644.14,1,Low Activity,649.915,96.23610497105541,343.84999999999997,-479.91999999999996
2,21.81,54.09,98.88,563.46,501.27,727.01,688.38,630.75,1,High Activity,636.8525,98.66325367126305,331.17,-464.58000000000004
2,21.86,54.13,99.2,555.68,482.1,729.09,681.364,618.34,1,Low Activity,627.7235000000001,107.15522134890738,327.44,-456.47999999999996
2,22.97,51.08,116.0,563.22,482.32,703.59,640.2,576.99,2,Low Activity,600.7750000000001,94.37967312933439,339.61,-447.22
2,22.22,53.89,111.37,556.66,503.26,723.55,677.94,613.35,1,Low Activity,629.525,95.54962707061358,334.015,-445.28999999999996
0,21.16,51.95,108.57,558.62,491.1,738.81,693.87,639.28,1,Moderate Activity,640.7649999999999,107.7571041741564,333.595,-450.05
2,22.51,53.59,110.71,555.72,478.36,717.18,691.86,608.6,1,High Activity,624.0,107.60368890826496,333.21500000000003,-445.01000000000005
2,19.14,51.42,99.82,564.64,489.98,745.03,711.99,638.8,1,Moderate Activity,646.45,113.36503193960058,332.23,-464.82
1,19.64,54.17,125.34,578.8,489.51,739.58,706.98,629.6,1,Low Activity,641.4175,111.28021638338657,352.07,-453.4599999999999
2,23.14,52.59,111.0,555.16,486.58,715.25,679.116,614.38,1,Low Activity,623.8315,100.56676586062946,333.08,-444.15999999999997
1,18.56,53.36,96.54,559.7,475.84,718.29,666.47,596.52,2,Low Activity,614.28,104.91731252117864,328.12,-463.16
2,23.2,52.63,104.07,551.71,478.54,721.93,686.81,629.73,1,Low Activity,629.2525,107.41891589318271,327.89,-447.64000000000004
2,18.93,53.94,72.85,586.21,513.19,746.68,710.98,641.47,0,Low Activity,653.0799999999999,102.98442309398054,329.53000000000003,-513.36
2,23.11,53.14,106.51,557.84,476.54,718.82,663.6899999999999,590.55,1,Low Activity,612.4000000000001,104.70791533276429,332.175,-451.33000000000004
2,23.12,53.23,99.79,557.89,474.63,716.06,677.39,605.45,1,Low Activity,618.3824999999999,106.23058234331579,328.84,-458.09999999999997
2,20.0,45.1,110.15,587.62,500.31,729.45,691.79,621.43,2,High Activity,635.745,100.77901153844816,348.885,-477.47
1,18.83,48.59,92.11,559.53,528.37,761.27,719.6300000000001,674.71,1,Low Activity,670.995,101.44067346648156,325.82,-467.41999999999996
0,20.84,52.77,24.44,570.41,372.51,687.06,644.518,557.83,2,Low Activity,565.4795,139.43295311486926,297.425,-545.9699999999999
0,18.34,53.92,140.41,579.24,481.38,735.52,687.79,617.58,1,Low Activity,630.5675,110.62704171373892,359.825,-438.83000000000004
2,23.83,52.09,106.76,551.34,472.8,712.41,668.39,604.31,1,Low Activity,614.4775,104.36031218012587,329.05,-444.58000000000004
2,24.02,51.67,111.05,556.07,477.47,712.17,875.29,598.64,1,Low Activity,665.8924999999999,169.3269591401991,333.56,-445.02000000000004
2,23.81,52.33,108.03,556.55,487.66,884.75,850.66,599.96,1,Low Activity,705.7575,193.04117011231912,332.28999999999996,-448.52
2,20.03,50.59,100.73,571.07,472.64,744.33,730.2119999999999,635.35,1,Moderate Activity,645.6329999999999,125.06934501574183,335.90000000000003,-470.34000000000003
3,23.7,52.64,113.56,555.61,484.82,589.19,672.576,608.94,1,High Activity,588.8815,77.96581239449337,334.58500000000004,-442.05
3,23.85,52.32,114.35,557.38,478.14,717.44,672.87,616.39,1,Moderate Activity,621.2099999999999,103.9570837733854,335.865,-443.03
3,23.89,51.84,107.55,553.65,494.79,567.56,679.572,607.03,1,Low Activity,587.238,77.13872181120625,330.59999999999997,-446.09999999999997
3,23.65,52.31,104.58,578.93,468.92,718.86,677.82,612.41,1,Low Activity,619.5024999999999,109.54182835033079,341.755,-474.34999999999997
3,23.75,52.34,112.81,548.46,491.49,716.59,674.07,605.77,1,Low Activity,621.98,98.24259836411767,330.635,-435.65000000000003
3,23.89,52.08,109.63,559.78,484.4,716.82,477.57,606.31,1,Low Activity,571.275,113.6349284624524,334.705,-450.15
3,23.97,51.93,115.05,550.66,479.59,718.63,666.42,595.69,1,Low Activity,615.0825,103.42776911932307,332.85499999999996,-435.60999999999996
2,17.17,45.86,69.54,625.26,577.28,784.99,748.79,698.75,0,Moderate Activity,702.4525,90.63013861293605,347.4,-555.72
3,24.43,51.15,113.1,553.01,482.22,718.51,676.34,599.66,1,Low Activity,619.1825,103.71882901222259,333.055,-439.90999999999997
2,18.47,51.97,92.01,580.62,529.1,591.96,733.36,667.16,0,Low Activity,630.395,88.86578400411862,336.315,-488.61
3,23.91,52.59,115.81,544.85,471.8,713.44,873.06,606.07,1,Low Activity,666.0925000000001,169.73470267351536,330.33000000000004,-429.04
3,24.05,51.96,116.34,550.61,481.79,713.87,680.67,609.4,1,Low Activity,621.4325,102.79199332470726,333.475,-434.27
0,20.09,55.76,206.76,600.24,459.1,712.19,655.57,567.27,2,Low Activity,598.5325,110.43862499898607,403.5,-393.48
3,23.93,51.98,112.19,554.0,480.9,718.8,715.468,604.91,1,Low Activity,630.0194999999999,112.62109867900713,333.095,-441.81
3,24.38,43.82,109.94,593.16,442.02,735.93,683.64,603.72,3,Low Activity,616.3274999999999,128.29365309710374,351.54999999999995,-483.21999999999997
0,21.08,45.38,109.49,582.88,459.28,721.68,677.2819999999999,610.88,2,Moderate Activity,617.2805,114.75271965259326,346.185,-473.39
3,23.83,52.38,112.73,554.81,468.73,716.0,670.34,593.85,1,Low Activity,612.23,108.12810211349623,333.77,-442.0799999999999
3,24.04,52.07,112.85,547.07,474.28,707.54,679.1,604.39,1,Low Activity,616.3275,104.2114886101016,329.96000000000004,-434.22
3,24.69,52.68,121.83,547.81,479.19,707.53,651.45,593.24,2,Low Activity,607.8525,97.64546426571316,334.82,-425.97999999999996
3,24.49,51.2,115.03,553.04,474.62,713.55,673.42,602.31,1,Low Activity,615.975,104.86304862374858,334.03499999999997,-438.01
3,25.07,49.65,116.59,550.07,492.13,600.38,673.08,610.53,1,Low Activity,594.03,75.15558307049895,333.33000000000004,-433.48
1,18.36,55.77,97.46,611.58,487.58,739.84,693.128,617.88,1,Moderate Activity,634.6070000000001,110.1444853938075,354.52000000000004,-514.12
2,17.72,44.0,69.47,567.65,604.32,794.03,718.83,706.95,0,Moderate Activity,706.0325,78.00344110999204,318.56,-498.17999999999995
3,23.87,52.44,114.26,553.69,487.14,714.09,681.23,605.27,1,Low Activity,621.9325,100.75689434640856,333.975,-439.43000000000006
3,23.92,52.51,118.6,549.26,472.44,849.92,679.842,610.8,1,Low Activity,653.2504999999999,156.92937048557863,333.93,-430.65999999999997
3,24.38,51.81,128.46,551.17,476.15,705.67,477.27,598.28,1,Low Activity,564.3425,110.27957422690145,339.815,-422.7099999999999
3,24.06,52.5,131.09,544.29,482.87,702.5,710.2879999999999,592.72,1,Low Activity,622.0944999999999,107.22167150814238,337.69,-413.19999999999993
3,23.87,52.64,119.27,554.25,472.0,837.85,674.05,600.25,1,Low Activity,646.0374999999999,152.71136377165914,336.76,-434.98
1,15.82,42.89,72.98,607.36,555.5,781.69,737.82,696.33,1,Moderate Activity,692.835,97.96594391249783,340.17,-534.38
3,24.16,51.94,115.6,549.6,477.48,713.85,673.92,598.05,1,Low Activity,615.825,103.98592741328031,332.6,-434.0
3,24.09,52.47,126.07,549.51,479.45,709.73,673.61,600.69,1,Low Activity,615.87,101.62751595901577,337.78999999999996,-423.44
3,23.6,53.56,122.49,552.69,483.13,716.91,676.302,601.93,2,Low Activity,619.568,102.6655388596063,337.59000000000003,-430.20000000000005
3,23.95,52.83,121.27,543.07,499.97,705.55,678.65,612.42,2,Low Activity,624.1475,91.56869056433351,332.17,-421.80000000000007
0,21.96,54.61,137.24,562.08,418.16,596.36,639.33,556.88,2,Low Activity,552.6825,95.79393730816162,349.66,-424.84000000000003
3,25.21,49.89,125.85,550.67,480.11,712.8,683.35,594.77,2,Moderate Activity,617.7574999999999,104.57965429119884,338.26,-424.81999999999994
3,24.59,50.66,118.12,549.83,474.54,713.0,676.62,601.34,2,Moderate Activity,616.375,105.3708832331462,333.975,-431.71000000000004
2,23.06,51.6,109.14,569.56,429.1,639.25,560.438,488.01,3,Low Activity,529.1995,90.92751919890185,339.34999999999997,-460.41999999999996
3,25.14,49.51,125.3,552.27,486.59,711.92,669.39,600.38,2,Low Activity,617.07,98.3827413726615,338.78499999999997,-426.96999999999997
3,24.66,50.67,123.12,552.39,483.27,709.22,470.16,593.36,1,Low Activity,564.0025,111.46619289422841,337.755,-429.27
3,24.26,51.8,116.03,578.93,482.76,706.18,677.44,597.49,2,Low Activity,615.9675,100.00469901459631,347.47999999999996,-462.9
3,25.0,49.99,119.16,549.93,474.06,707.8,669.57,598.17,2,Low Activity,612.4,102.81053350702933,334.54499999999996,-430.77
3,24.82,50.27,117.6,578.93,469.05,718.66,665.11,600.67,2,Low Activity,613.3725000000001,107.62986585980676,348.265,-461.3299999999999
3,25.03,49.94,117.16,578.93,469.69,710.76,671.74,605.12,2,Low Activity,614.3275,105.83037792461418,348.04499999999996,-461.77
3,24.47,50.97,115.55,554.41,473.17,708.56,634.8639999999999,589.12,2,Low Activity,601.4285,98.65230686101563,334.97999999999996,-438.85999999999996
1,18.64,50.32,79.06,591.65,514.54,757.64,714.4,640.78,2,Low Activity,656.8399999999999,106.42839094903204,335.355,-512.5899999999999
1,17.93,51.38,111.73,589.66,399.09,738.77,694.134,576.44,1,Moderate Activity,602.1085,151.67997172446115,350.695,-477.92999999999995
3,23.34,53.06,115.45,546.58,479.92,632.48,662.43,600.95,1,Low Activity,593.9449999999999,80.0539653400546,331.01500000000004,-431.13000000000005
0,20.08,53.87,116.17,579.96,498.21,730.63,690.894,628.05,1,Moderate Activity,636.9459999999999,101.67578386223538,348.065,-463.79
3,23.08,53.59,118.92,551.44,489.49,718.86,670.07,600.23,1,Low Activity,619.6625,99.5047098969022,335.18,-432.52000000000004
3,23.23,52.87,120.4,550.94,477.66,707.13,706.4100000000001,592.54,1,Low Activity,620.935,109.65028545334482,335.67,-430.5400000000001
3,23.36,52.57,117.45,554.81,473.26,703.3,673.44,592.51,1,Low Activity,610.6275,102.84563882343286,336.13,-437.35999999999996
3,23.22,52.61,118.48,554.63,481.63,707.66,665.49,583.59,1,Low Activity,609.5925,99.65322619798451,336.555,-436.15
0,23.16,52.51,116.16,549.27,478.59,704.22,661.18,583.36,1,Low Activity,606.8375,99.05398002267923,332.715,-433.11
0,23.25,52.38,115.6,578.93,464.71,696.8,659.01,593.44,1,Low Activity,603.49,101.898834471581,347.265,-463.3299999999999
1,17.2,42.5,59.27,624.39,551.19,786.12,762.71,709.31,0,Moderate Activity,702.3325,105.76472076421952,341.83,-565.12
0,23.21,52.51,117.44,549.27,469.44,709.49,662.92,587.62,1,Low Activity,607.3675,104.768068091698,333.355,-431.83
0,22.72,53.82,116.81,556.43,472.77,702.39,617.038,571.11,1,Low Activity,590.827,95.67224402092803,336.62,-439.61999999999995
0,22.83,53.64,120.6,550.01,466.2,701.09,654.016,583.31,1,Low Activity,601.154,102.1642233400062,335.305,-429.40999999999997
2,22.75,48.78,112.52,576.28,447.15,724.36,693.21,615.26,1,Low Activity,619.995,124.02997446853995,344.4,-463.76
0,20.45,53.93,117.95,594.5,451.36,623.21,691.07,605.41,1,Low Activity,592.7625,101.2357662011472,356.225,-476.55
0,22.85,53.21,117.74,549.98,450.33,701.69,666.22,584.26,1,Low Activity,600.625,111.61427402741404,333.86,-432.24
0,22.96,52.88,114.91,547.0,455.6,694.71,667.11,579.92,1,Low Activity,599.335,107.58954983330554,330.955,-432.09000000000003
0,22.99,52.86,123.05,550.22,442.06,699.82,655.12,584.65,1,Low Activity,595.4125,112.69240180686542,336.635,-427.17
3,23.62,45.5,148.52,569.6,435.53,708.01,656.49,584.7,2,Low Activity,596.1825,118.43909528389125,359.06,-421.08000000000004
0,22.61,53.6,117.84,546.59,444.18,697.26,654.4,588.82,1,Low Activity,596.1650000000001,110.70215821443288,332.21500000000003,-428.75
0,22.34,54.04,122.78,555.62,459.47,706.2,662.004,592.16,2,Low Activity,604.9585,107.75703476958401,339.2,-432.84000000000003
0,22.28,54.27,121.86,548.52,461.65,711.6,665.082,597.91,2,Low Activity,609.0604999999999,108.79176850448447,335.19,-426.65999999999997
1,18.48,44.33,62.91,572.3,578.13,782.8,757.88,691.15,1,Moderate Activity,702.49,91.49089827226894,317.60499999999996,-509.39
0,22.31,54.15,127.32,555.43,453.64,702.1,850.45,590.74,2,Low Activity,649.2325000000001,168.2867131564462,341.375,-428.10999999999996
0,22.17,54.28,124.53,551.83,463.96,711.89,662.35,594.23,1,Low Activity,608.1075,107.52386227407074,338.18,-427.30000000000007
0,17.39,53.41,120.18,592.6,506.2,857.34,726.02,657.3,0,High Activity,686.7149999999999,146.18331083494678,356.39,-472.42
0,22.15,54.32,123.17,546.45,457.14,711.93,664.02,592.29,1,Low Activity,606.345,110.95685783222233,334.81,-423.28000000000003
1,20.09,55.46,137.02,578.93,401.61,704.88,644.52,574.24,2,Low Activity,581.3125,131.15782334653164,357.97499999999997,-441.90999999999997
1,18.37,46.78,76.24,556.18,526.95,761.68,717.906,657.49,1,Moderate Activity,666.0065,102.07222551866558,316.21,-479.93999999999994
0,22.09,54.28,127.43,549.22,459.47,703.61,836.34,600.45,1,Low Activity,649.9675,159.53422503755527,338.32500000000005,-421.79
0,17.57,48.85,116.97,582.42,486.18,739.73,682.67,635.16,2,Moderate Activity,635.935,108.60436286509548,349.695,-465.44999999999993
0,21.98,54.49,121.54,544.29,462.73,699.72,666.26,584.66,1,Low Activity,603.3425,105.46428348813956,332.91499999999996,-422.74999999999994
0,21.8,55.08,123.83,549.6,466.56,703.23,651.0200000000001,584.91,1,Low Activity,601.43,102.1195955730339,336.71500000000003,-425.77000000000004
2,18.89,53.75,93.04,580.15,504.08,702.78,631.11,567.54,2,Low Activity,601.3774999999999,85.20224659596718,336.59499999999997,-487.10999999999996
0,20.12,56.24,110.05,599.47,447.45,711.34,827.46,558.9,2,Low Activity,636.2875,167.16082981667688,354.76,-489.42
2,19.65,53.82,94.04,610.16,509.7,743.89,705.82,638.18,1,High Activity,649.3974999999999,102.88108811470973,352.09999999999997,-516.12
2,22.5,50.7,121.56,578.93,472.44,737.84,680.27,623.62,1,High Activity,628.5425,114.03785815099593,350.245,-457.36999999999995
2,17.92,52.43,98.74,601.23,519.37,763.45,711.97,659.47,1,Moderate Activity,663.565,105.08571786879511,349.985,-502.49
0,21.17,56.11,120.08,548.47,426.05,703.32,664.04,594.69,1,Low Activity,597.0250000000001,122.51195873600804,334.27500000000003,-428.39000000000004
1,18.44,56.65,110.02,602.87,503.22,740.87,707.28,625.7,1,High Activity,644.2675,105.73830506648633,356.445,-492.85
0,21.04,56.26,119.9,545.72,440.34,704.48,661.55,606.31,1,Low Activity,603.17,115.75175880593207,332.81,-425.82000000000005
0,21.13,55.98,128.26,547.03,433.61,711.44,669.18,594.53,1,Low Activity,602.19,122.33984714719894,337.645,-418.77
2,21.67,46.63,63.69,564.12,506.68,765.88,709.34,666.6,0,Moderate Activity,662.125,111.321650933979,313.905,-500.43
1,20.24,55.89,131.1,560.05,478.38,854.9,684.412,607.04,1,Low Activity,656.183,157.38939374261108,345.575,-428.94999999999993
0,21.06,56.02,119.25,549.11,441.11,712.2,697.548,597.96,1,Low Activity,612.2045,124.84503290479762,334.18,-429.86
0,20.92,56.3,124.35,578.93,444.28,710.37,664.21,595.58,1,Low Activity,603.61,116.21902798882235,351.64,-454.5799999999999
0,20.92,56.31,122.55,578.93,460.03,712.08,669.38,589.06,1,Low Activity,607.6375,110.83541803803816,350.73999999999995,-456.37999999999994
0,21.11,55.72,118.8,547.24,448.83,708.07,700.7160000000001,596.71,1,Low Activity,613.5815,121.0347085026991,333.02,-428.44
0,20.88,56.36,123.91,546.82,438.57,702.93,661.736,595.7,1,Low Activity,599.7339999999999,116.16621779731545,335.365,-422.9100000000001
0,20.78,54.2,109.69,550.99,462.75,717.1,672.0619999999999,591.52,2,Low Activity,610.858,111.56945533015148,330.34000000000003,-441.3
0,20.84,56.45,131.26,550.09,446.49,710.39,664.72,585.62,1,Low Activity,601.8050000000001,115.66287635480394,340.675,-418.83000000000004
0,20.8,56.56,129.6,552.37,456.19,704.87,669.89,594.88,1,Low Activity,606.4575,110.18630022980776,340.985,-422.77
0,20.67,56.85,128.48,543.36,437.44,719.96,681.83,588.74,1,Low Activity,606.9925000000001,125.75573078392891,335.92,-414.88
0,20.73,56.72,128.45,550.66,448.02,711.74,669.79,599.78,1,Low Activity,607.3325,115.81505123111877,339.55499999999995,-422.21
0,18.73,51.99,13.23,585.94,485.45,734.88,665.59,614.4,1,Moderate Activity,625.08,105.36871673635714,299.58500000000004,-572.71
0,20.59,56.92,114.63,546.03,445.99,708.38,668.1,598.44,1,Low Activity,605.2275,115.46433948049358,330.33,-431.4
3,25.63,46.24,113.4,576.22,465.82,731.77,682.64,593.58,1,Low Activity,618.4525,116.72790622497546,344.81,-462.82000000000005
0,20.56,56.99,124.46,551.67,450.62,711.71,645.67,597.41,1,Low Activity,601.3525,110.87327371824105,338.065,-427.21
0,19.24,56.35,110.76,604.79,468.98,732.56,663.04,601.5,1,Moderate Activity,616.52,111.98667182601089,357.775,-494.03
1,15.96,45.18,69.07,578.93,608.51,797.95,767.66,706.91,0,Moderate Activity,720.2574999999999,83.56390982355961,324.0,-509.85999999999996
2,22.32,47.55,112.83,599.96,490.29,741.22,704.15,616.64,1,Low Activity,638.0749999999999,111.51182612918983,356.39500000000004,-487.13000000000005
2,19.73,56.92,91.12,564.04,517.5,731.88,692.22,637.17,0,High Activity,644.6925,93.26493352273404,327.58,-472.91999999999996
0,20.36,57.35,129.6,546.86,465.04,707.87,673.5179999999999,600.85,1,Low Activity,611.8195,107.54371979649329,338.23,-417.26
1,19.03,57.7,141.17,564.5,440.15,692.44,653.472,577.18,2,Low Activity,590.8105,111.26454308388935,352.835,-423.33000000000004
1,20.44,57.04,124.19,578.93,453.75,714.6,667.58,604.32,1,Low Activity,610.0625,113.58246002354414,351.55999999999995,-454.73999999999995
1,20.41,57.13,124.5,550.69,462.7,715.56,663.53,595.07,1,Low Activity,609.215,109.43202532470401,337.595,-426.19000000000005
3,21.94,47.96,145.8,577.52,427.54,714.52,667.6,603.56,2,Low Activity,603.305,125.69277823327798,361.65999999999997,-431.71999999999997
1,20.35,57.23,126.06,548.88,458.1,710.57,670.95,591.2,1,Low Activity,607.705,111.40797293431623,337.47,-422.82
1,20.3,57.37,121.68,546.92,456.36,709.63,673.64,607.59,1,Low Activity,611.8050000000001,111.91397306264605,334.29999999999995,-425.23999999999995
1,20.3,57.35,132.72,541.66,447.58,715.38,535.95,612.36,1,Low Activity,577.8175,113.77070459920692,337.19,-408.93999999999994
2,18.8,56.74,69.48,567.4,564.45,753.35,734.316,671.15,0,Low Activity,680.8165,85.16241085322405,318.44,-497.91999999999996
1,20.26,57.33,126.06,578.93,456.61,712.06,681.81,604.92,1,Low Activity,613.85,114.11679426505691,352.495,-452.86999999999995
1,20.26,57.33,124.17,548.75,456.12,708.85,670.86,613.61,1,Low Activity,612.36,111.27304285704902,336.46,-424.58
1,20.2,57.41,130.28,548.86,459.18,715.26,670.94,600.28,1,Low Activity,611.415,111.99180490851404,339.57,-418.58000000000004
1,20.25,57.26,125.29,550.88,448.51,705.59,675.59,601.21,1,Low Activity,607.725,114.85509406784419,338.085,-425.59
0,20.3,56.62,107.27,578.93,432.63,730.8,678.93,603.91,3,Low Activity,611.5674999999999,130.16830345748537,343.09999999999997,-471.65999999999997
2,19.29,45.92,61.7,627.04,566.72,783.08,750.68,694.39,0,Moderate Activity,698.7175,95.32261025066401,344.37,-565.3399999999999
1,20.12,57.54,130.58,578.93,457.42,714.59,671.71,603.17,1,Low Activity,611.7225,112.63899483896923,354.755,-448.3499999999999
0,22.65,51.55,114.52,554.08,424.31,687.43,629.34,569.23,3,Low Activity,577.5775,113.0007897833757,334.3,-439.56000000000006
2,20.83,51.74,100.7,580.54,464.58,725.33,685.44,610.74,2,High Activity,621.5225,114.90380683423855,340.62,-479.84
2,17.9,54.01,98.3,603.04,502.6,762.89,712.75,655.29,1,Moderate Activity,658.3824999999999,112.77616987496368,350.66999999999996,-504.73999999999995
1,20.04,57.61,125.3,548.57,463.07,708.28,677.74,599.62,1,Low Activity,612.1775,109.43014404175844,336.935,-423.27000000000004
3,23.61,50.45,111.6,540.05,428.3,726.62,653.77,584.67,2,Low Activity,598.34,127.31681454806613,325.825,-428.44999999999993
1,20.0,57.72,128.75,546.62,468.48,706.41,675.3,614.24,1,Low Activity,616.1075,105.60249346014513,337.685,-417.87
3,23.06,50.83,145.73,546.39,465.96,702.71,655.29,568.9,2,Low Activity,598.215,104.12734975339893,346.06,-400.65999999999997
1,19.84,57.98,124.99,541.32,453.47,722.33,670.55,608.75,1,Low Activity,613.7750000000001,116.51971549913775,333.15500000000003,-416.33000000000004
1,19.78,58.15,127.95,552.25,465.33,636.78,674.04,600.37,1,Low Activity,594.13,90.98169815957492,340.1,-424.3
3,23.17,52.93,108.18,556.68,440.47,704.81,657.77,600.26,2,Low Activity,600.8275,115.1371044668051,332.42999999999995,-448.49999999999994
1,19.69,58.2,129.96,578.93,481.89,700.61,655.77,574.88,2,Low Activity,603.2875,96.21230149171848,354.445,-448.9699999999999
2,20.9,53.16,109.36,565.08,436.77,718.03,672.59,618.99,1,Low Activity,611.595,123.37917963200546,337.22,-455.72
1,19.72,56.81,126.12,548.89,461.83,707.59,661.86,589.05,2,Low Activity,605.0825,107.25327015216524,337.505,-422.77
1,18.88,52.95,89.0,561.39,531.55,746.05,705.75,633.97,1,High Activity,654.3299999999999,94.06740987185732,325.195,-472.39
3,20.73,49.85,125.19,582.98,435.88,699.2,592.27,546.81,2,Moderate Activity,568.54,109.09631371713103,354.08500000000004,-457.79
3,24.62,51.0,114.5,544.62,470.32,687.59,597.6,541.94,2,Low Activity,574.3625000000001,91.71787989081884,329.56,-430.12
1,18.56,52.46,71.3,570.42,588.14,761.04,725.4,664.08,1,High Activity,684.665,75.79203718069596,320.85999999999996,-499.11999999999995
1,15.95,41.6,64.41,578.93,518.25,792.28,767.0939999999999,698.45,1,Moderate Activity,694.0184999999999,123.70604251881419,321.66999999999996,-514.52
0,21.35,52.68,107.45,546.33,471.59,730.38,657.39,590.51,1,Low Activity,612.4675,109.92420187717231,326.89000000000004,-438.88000000000005
1,18.39,52.6,77.57,575.78,583.32,768.97,737.766,679.72,0,Moderate Activity,692.444,81.60935385930543,326.67499999999995,-498.21
1,19.14,50.62,113.3,590.96,458.39,735.05,690.868,619.56,1,Moderate Activity,625.967,121.4280874537134,352.13,-477.66
1,18.82,53.03,104.43,562.55,475.81,715.11,659.52,590.73,1,Low Activity,610.2925,103.08295894569576,333.49,-458.11999999999995
1,18.32,52.65,71.83,572.37,582.9,769.16,732.74,683.79,0,Moderate Activity,692.1475,80.79509117720788,322.1,-500.54
1,18.29,52.49,72.45,569.16,593.7,883.34,740.16,692.94,0,Moderate Activity,727.535,120.47573739139345,320.805,-496.71
1,19.08,47.11,77.78,621.96,538.9,788.45,744.2,683.09,0,Moderate Activity,688.6600000000001,108.78391149430144,349.87,-544.1800000000001
1,18.22,52.4,65.17,578.29,597.82,778.68,730.47,684.62,0,Low Activity,697.8975,76.98176856676302,321.72999999999996,-513.12
1,18.2,52.36,71.43,575.51,601.59,781.1,748.56,697.28,0,High Activity,707.1324999999999,78.36606381804135,323.47,-504.08
1,18.21,52.59,67.53,569.55,587.72,763.06,736.42,680.15,0,Low Activity,691.8375,77.5398720551777,318.53999999999996,-502.02
1,18.18,52.85,62.45,573.5,598.08,769.59,736.94,674.43,0,Moderate Activity,694.76,75.58441770629712,317.975,-511.05
1,18.12,52.88,64.98,572.68,604.87,630.75,747.6199999999999,685.23,0,Moderate Activity,667.1175,63.26152457589574,318.83,-507.69999999999993
1,18.18,52.51,67.9,574.94,591.54,758.64,731.38,693.99,0,Moderate Activity,693.8875,73.19743865054296,321.42,-507.0400000000001
1,18.2,52.76,74.01,572.15,588.62,763.44,733.56,692.27,0,Low Activity,694.4725,76.36306147826535,323.08,-498.14
1,18.22,52.9,64.84,571.93,589.82,763.42,743.81,679.66,0,Moderate Activity,694.1775,78.2286274859359,318.385,-507.0899999999999
1,18.28,52.96,66.47,572.72,608.66,761.34,743.728,683.41,0,Low Activity,699.2845,69.01910248378104,319.595,-506.25
2,19.67,47.73,90.64,606.67,501.74,755.92,716.4,653.74,0,Moderate Activity,656.95,111.69871918095866,348.655,-516.03
1,18.46,54.08,69.78,575.04,560.89,759.75,727.9259999999999,663.87,0,Moderate Activity,678.1089999999999,87.73070434004276,322.40999999999997,-505.26
2,19.76,54.15,99.72,560.65,515.46,732.97,705.57,622.66,1,Low Activity,644.165,97.7826571194163,330.185,-460.92999999999995
1,18.7,53.45,67.57,571.97,562.12,763.12,722.0,659.2,0,Low Activity,676.61,87.47437796292122,319.77,-504.40000000000003
1,19.08,51.1,110.35,600.86,475.83,749.36,702.12,625.12,1,Low Activity,638.1075,119.69040768443674,355.605,-490.51
1,18.04,44.95,78.14,597.28,460.37,767.22,866.23,666.29,1,Moderate Activity,690.0275,173.5050808814159,337.71,-519.14
2,18.87,53.15,66.38,567.32,552.18,758.4,725.1,666.19,0,Low Activity,675.4675,90.60365017481361,316.85,-500.94000000000005
3,23.31,49.2,121.6,550.48,464.37,709.04,661.64,588.21,2,Low Activity,605.8149999999999,106.59652167558437,336.04,-428.88
2,18.97,53.77,80.03,570.13,544.12,887.35,706.33,642.54,0,Low Activity,695.085,144.50338923360934,325.08,-490.1
3,22.3,47.63,107.71,595.71,409.5,720.72,683.3,611.33,2,Moderate Activity,606.2125,138.7761346858073,351.71000000000004,-488.00000000000006
1,19.17,45.3,80.31,618.87,445.74,755.65,739.6780000000001,653.71,0,Moderate Activity,648.6945000000001,142.5168534630203,349.59000000000003,-538.56
3,22.69,44.59,120.58,575.95,446.36,722.69,676.662,619.92,2,High Activity,616.408,120.90638870354758,348.26500000000004,-455.37000000000006
2,19.48,54.36,104.86,564.34,505.26,745.21,662.912,639.07,1,High Activity,638.113,99.55834682570152,334.6,-459.48
1,19.06,57.4,148.31,561.31,433.47,722.7,676.63,603.19,1,Low Activity,608.9975000000001,126.94624042614784,354.80999999999995,-412.99999999999994
1,19.63,56.99,116.63,601.5,461.59,726.7,679.68,610.12,2,High Activity,619.5224999999999,115.66766023828788,359.065,-484.87
2,18.91,55.95,97.66,563.75,524.63,739.79,700.682,636.75,0,Moderate Activity,650.463,94.02703715421431,330.705,-466.09000000000003
2,18.96,55.97,88.33,556.91,511.99,739.24,697.292,630.16,0,Moderate Activity,644.6705,99.20867281140295,322.62,-468.58
1,19.58,57.77,109.15,543.04,472.03,702.49,647.96,571.25,2,Moderate Activity,598.4325,99.9956946989886,326.09499999999997,-433.89
3,23.87,47.47,108.74,598.82,379.31,713.05,528.21,593.53,1,Low Activity,553.525,139.09270421796631,353.78000000000003,-490.08000000000004
2,18.84,56.56,95.26,557.22,517.17,735.57,701.69,621.89,0,High Activity,644.08,97.10454228991217,326.24,-461.96000000000004
2,18.9,56.41,91.47,561.23,519.06,740.32,697.188,626.41,0,Moderate Activity,645.7445,96.63288660871794,326.35,-469.76
2,19.16,55.83,99.96,578.93,521.59,734.16,699.1700000000001,636.75,1,Moderate Activity,647.9175,93.35940922942189,339.445,-478.96999999999997
0,20.29,51.98,112.27,564.7,451.75,831.29,670.06,593.96,1,Moderate Activity,636.765,158.12584745490955,338.485,-452.43000000000006
0,18.21,50.8,124.29,581.14,478.98,744.41,711.16,640.25,1,Low Activity,643.6999999999999,118.09309406847912,352.715,-456.84999999999997
2,18.75,57.43,108.36,550.42,482.44,731.63,687.106,621.81,1,High Activity,630.7465,108.67160436685687,329.39,-442.05999999999995
2,18.86,57.04,109.97,563.86,492.41,893.39,687.34,614.45,1,Moderate Activity,671.8975,168.14019574450361,336.915,-453.89
2,18.84,56.91,97.12,559.31,482.51,726.52,702.96,629.58,1,High Activity,635.3925,109.96428552792341,328.215,-462.18999999999994
3,23.14,52.31,119.63,562.89,421.7,646.56,560.13,501.49,3,Low Activity,532.47,94.88827992258403,341.26,-443.26
2,18.63,57.7,117.55,578.93,500.39,730.46,685.11,626.92,1,Low Activity,635.72,99.67729363634766,348.23999999999995,-461.37999999999994
2,20.11,56.06,127.28,551.19,438.12,669.91,622.7,528.61,3,Low Activity,564.835,102.88837916240426,339.235,-423.9100000000001
2,18.3,49.63,83.67,608.24,517.89,777.58,726.85,679.46,0,Moderate Activity,675.445,112.41846007959133,345.955,-524.57
2,20.59,55.91,119.2,549.51,444.73,671.59,620.77,548.94,4,Low Activity,571.5075,98.36179352268847,334.355,-430.31
2,20.69,55.71,117.69,578.93,448.43,663.5,654.762,550.7,4,Low Activity,579.348,101.20780788061757,348.30999999999995,-461.23999999999995
0,19.83,52.93,133.7,586.54,431.98,725.94,708.9159999999999,608.55,1,High Activity,618.8465,134.91557768594896,360.12,-452.84
2,21.51,53.38,117.62,544.44,434.62,667.93,621.29,546.28,4,Low Activity,567.53,101.79542917046912,331.03000000000003,-426.82000000000005
2,21.67,53.17,112.12,578.93,434.84,678.02,618.42,538.8,4,Low Activity,567.52,105.2455554089261,345.525,-466.80999999999995
0,20.25,51.9,97.4,559.58,487.35,743.25,697.03,640.02,1,Moderate Activity,641.9124999999999,111.35584953202951,328.49,-462.18000000000006
0,21.36,57.57,130.28,549.08,458.9,703.59,667.47,599.69,1,Low Activity,607.4125,107.97007992186232,339.68,-418.80000000000007
1,18.41,56.98,106.79,578.93,497.17,741.77,706.36,632.78,1,Low Activity,644.52,108.21521488835721,342.85999999999996,-472.13999999999993
3,23.25,52.05,111.99,578.93,434.4,657.83,562.65,501.6,3,Low Activity,539.12,94.90302734897345,345.46,-466.93999999999994
2,22.14,52.88,127.49,541.49,461.33,671.55,641.71,560.86,4,Low Activity,583.8625,94.12537644900374,334.49,-414.0
2,22.41,52.32,118.16,545.67,443.17,682.15,641.45,556.51,4,Low Activity,580.8199999999999,105.64447358948787,331.91499999999996,-427.51
2,22.49,52.23,112.89,549.54,449.94,686.08,636.18,562.21,4,Low Activity,583.6025,102.61470731982494,331.215,-436.65
1,18.93,50.77,118.7,602.85,450.05,740.26,685.8140000000001,630.62,1,Moderate Activity,626.686,125.97741426144609,360.77500000000003,-484.15000000000003
2,22.53,52.38,115.94,539.88,460.89,683.45,634.15,564.89,4,Low Activity,585.845,96.45892580091626,327.90999999999997,-423.94
2,22.7,52.14,115.9,538.02,464.72,679.0,629.234,562.36,4,Low Activity,583.8285000000001,92.67686713702257,326.96,-422.12
2,23.2,51.13,112.74,537.37,481.06,681.68,629.25,559.41,4,Low Activity,587.85,87.04590091823201,325.055,-424.63
0,20.49,57.12,124.86,549.15,457.18,715.74,735.202,603.31,1,Low Activity,627.858,127.77527701398265,337.005,-424.28999999999996
2,16.83,50.78,87.87,596.3,489.23,732.88,686.6540000000001,609.46,1,Moderate Activity,629.556,106.5070671708377,342.085,-508.42999999999995
2,22.96,52.02,105.67,550.67,456.6,683.9,634.56,574.64,3,Low Activity,587.425,97.99280704895297,328.16999999999996,-444.99999999999994
2,23.07,51.87,112.28,543.16,461.67,688.81,637.96,579.31,3,Low Activity,591.9375,97.69242050947452,327.71999999999997,-430.88
2,23.31,51.59,117.8,546.76,445.76,688.31,641.22,577.81,3,Low Activity,588.275,105.24608575460972,332.28,-428.96
2,23.72,50.66,112.03,548.99,457.82,687.59,648.45,577.93,3,Low Activity,592.9475,100.86739954845011,330.51,-436.96000000000004
2,23.65,50.97,114.03,546.69,458.65,690.32,651.97,572.71,3,Low Activity,593.4125,102.32231635865172,330.36,-432.6600000000001
2,23.53,51.38,106.04,541.67,452.28,702.29,651.09,578.92,3,Low Activity,596.145,108.4428465444663,323.85499999999996,-435.62999999999994
1,17.58,42.4,57.93,623.91,625.6,804.84,779.4,732.67,0,Moderate Activity,735.6275,79.20690095145329,340.91999999999996,-565.98
0,19.61,55.06,123.42,551.13,482.3,699.16,647.03,573.65,2,Low Activity,600.535,94.14703765918499,337.275,-427.71
3,23.06,43.36,111.21,578.93,502.36,750.2,710.48,653.99,1,Moderate Activity,654.2574999999999,108.68740324895062,345.07,-467.71999999999997
3,22.5,47.76,108.44,593.09,478.03,733.5,679.68,611.83,1,Moderate Activity,625.76,110.35317817504549,350.765,-484.65000000000003
3,23.96,50.9,105.12,554.92,464.64,854.55,657.022,572.8,3,Low Activity,637.2529999999999,164.88201493593328,330.02,-449.79999999999995
3,24.07,50.75,110.39,578.93,465.06,690.2,659.33,570.31,3,Moderate Activity,596.225,101.14245086345629,344.65999999999997,-468.53999999999996
0,21.81,51.61,126.28,572.25,407.29,717.37,673.08,590.81,2,Low Activity,597.1375,136.99784411320738,349.265,-445.97
3,24.38,50.04,108.47,547.21,456.5,696.41,654.99,582.59,3,Moderate Activity,597.6225,105.18481556289386,327.84000000000003,-438.74
2,22.79,52.67,159.2,548.6,445.25,708.7,660.804,591.32,1,Low Activity,601.5185,114.78457786508895,353.9,-389.40000000000003
3,24.05,50.93,110.11,543.65,472.88,702.4,663.72,591.35,2,Low Activity,607.5875,100.91256062387212,326.88,-433.53999999999996
3,24.56,50.27,113.98,548.47,457.15,695.96,661.13,588.14,2,Low Activity,600.595,105.65756716866049,331.225,-434.49
1,19.42,55.4,112.35,549.06,543.06,715.4,677.9,595.74,2,Low Activity,633.0250000000001,78.06680621963046,330.705,-436.7099999999999
3,24.49,50.53,110.27,546.39,469.77,698.92,658.69,596.63,2,Low Activity,606.0025,100.09457573548461,328.33,-436.12
3,24.43,50.6,109.68,543.94,475.72,696.82,661.71,589.09,2,Low Activity,605.835,97.6568722620175,326.81000000000006,-434.26000000000005
0,20.43,53.19,95.82,578.93,461.66,724.01,684.83,598.33,1,High Activity,617.2075,116.23390393942724,337.375,-483.10999999999996
3,24.57,50.41,118.81,543.95,473.38,704.85,662.82,593.52,2,Low Activity,608.6425,101.18583312401003,331.38,-425.14000000000004
3,24.48,50.7,113.13,547.71,475.99,700.44,549.52,604.45,2,Low Activity,582.6,94.55803614711974,330.42,-434.58000000000004
1,15.21,43.26,61.5,578.93,564.98,786.11,749.72,693.23,1,Moderate Activity,698.5100000000001,96.8751144515453,320.215,-517.43
3,24.96,49.83,111.56,549.99,477.73,645.31,565.5179999999999,511.61,2,Low Activity,550.042,73.07882130047433,330.775,-438.43
3,25.21,49.25,111.74,546.16,462.94,635.67,534.52,486.23,2,Low Activity,529.8399999999999,76.59271810470408,328.95,-434.41999999999996
3,25.32,48.9,115.25,544.42,467.8,641.22,547.1,496.17,2,Low Activity,538.0725,76.1904330717884,329.835,-429.16999999999996
3,24.48,50.54,107.03,548.48,455.13,657.58,552.18,510.86,2,Low Activity,543.9375,85.56371831370275,327.755,-441.45000000000005
1,18.94,55.85,117.02,600.63,514.18,740.69,688.86,613.98,1,Moderate Activity,639.4275,98.37373883139074,358.825,-483.61
2,21.13,54.44,133.94,548.53,433.28,690.3,629.51,553.18,2,Low Activity,576.5675,110.77946963073377,341.235,-414.59
3,24.58,50.95,111.61,539.56,454.83,659.74,573.67,512.45,2,Low Activity,550.1724999999999,87.6933081350377,325.585,-427.94999999999993
3,22.95,50.23,125.63,550.13,469.39,707.97,660.72,580.06,2,Low Activity,604.5350000000001,104.4329930306191,337.88,-424.5
3,25.4,49.32,123.36,578.93,469.35,661.46,572.44,521.07,2,Low Activity,556.08,81.89502833912854,351.145,-455.56999999999994
3,25.51,49.04,118.58,535.78,475.9,658.26,584.87,514.08,2,Low Activity,558.2774999999999,80.50493333744627,327.18,-417.2
2,23.47,48.01,112.21,572.92,466.49,727.47,869.49,617.26,1,High Activity,670.1775,170.58405814045656,342.565,-460.71
3,25.18,49.38,115.44,544.03,471.86,674.01,591.4419999999999,529.08,2,Low Activity,566.598,86.67458498698832,329.735,-428.59
3,25.07,49.67,114.67,542.26,459.5,665.35,552.03,530.55,2,Low Activity,551.8575,85.37074962577445,328.465,-427.59
3,24.48,51.31,111.89,547.3,479.3,666.1,587.508,518.41,2,Low Activity,562.8295,82.10581360455951,329.59499999999997,-435.40999999999997
2,22.87,52.27,119.54,543.03,466.8,680.2,649.18,573.86,3,Low Activity,592.51,94.95938008783897,331.28499999999997,-423.48999999999995
3,23.17,51.8,144.43,566.56,354.25,675.89,602.286,523.45,2,Low Activity,538.969,137.98351477863818,355.495,-422.12999999999994
3,25.72,48.36,111.5,545.33,475.22,849.49,598.75,542.97,2,Low Activity,616.6075000000001,163.26466822820748,328.415,-433.83000000000004
3,25.8,48.23,117.82,544.04,478.48,682.67,595.26,538.79,2,Low Activity,573.8,86.84240707549891,330.92999999999995,-426.21999999999997
3,25.17,49.5,119.49,541.14,477.99,672.53,593.4380000000001,535.12,2,High Activity,569.7695,83.15444009592431,330.315,-421.65
3,24.62,51.0,114.5,544.62,470.32,687.59,597.6,541.94,2,Low Activity,574.3625000000001,91.71787989081884,329.56,-430.12
3,23.48,45.7,124.01,586.32,446.91,726.59,684.2139999999999,602.0,2,Low Activity,614.9285,123.37764998437385,355.165,-462.31000000000006
3,23.13,43.85,110.87,581.85,435.17,623.91,684.51,608.37,2,Moderate Activity,587.99,107.04462247119187,346.36,-470.98
3,24.47,50.66,110.78,550.16,479.79,677.07,610.61,564.55,2,Low Activity,583.0050000000001,82.87376645638032,330.46999999999997,-439.38
3,24.13,51.03,109.98,547.36,487.61,695.13,612.56,550.75,1,Low Activity,586.5125,88.57556938381296,328.67,-437.38
3,24.12,50.83,111.81,546.61,477.73,846.55,611.71,547.52,1,Low Activity,620.8775,160.08815266908414,329.21000000000004,-434.8
3,23.58,52.07,115.65,578.93,478.45,691.24,613.3,551.94,1,Low Activity,583.7325000000001,90.41988622532102,347.28999999999996,-463.28
3,23.6,51.85,111.05,547.01,474.37,686.53,614.85,556.21,1,Low Activity,582.99,89.90933210740695,329.03,-435.96
0,22.99,53.25,111.21,545.61,468.18,691.71,612.978,560.17,1,Low Activity,583.2595,93.84582484586089,328.41,-434.40000000000003
0,23.16,52.63,115.76,547.27,480.94,687.76,608.39,554.44,1,Low Activity,582.8825,87.27575393544302,331.515,-431.51
0,23.29,52.08,103.71,544.91,467.02,693.92,625.23,563.63,1,Low Activity,587.45,96.32231759393389,324.31,-441.2
0,23.21,52.36,107.8,545.84,486.71,684.56,616.7239999999999,558.05,1,Moderate Activity,586.511,84.25496996616874,326.82,-438.04
0,23.28,51.82,108.81,542.12,463.4,691.16,626.018,559.25,1,Low Activity,584.957,97.30028610440978,325.46500000000003,-433.31
0,19.92,56.41,129.07,565.96,381.66,691.63,630.45,537.27,2,Low Activity,560.2525,134.92122748107505,347.515,-436.89000000000004
0,23.07,52.28,110.69,550.38,470.79,697.96,690.324,572.41,1,Low Activity,607.871,107.95555908489997,330.53499999999997,-439.69
0,22.67,53.2,111.39,544.68,470.64,700.91,633.44,569.54,1,Moderate Activity,593.6324999999999,97.98078497848444,328.03499999999997,-433.28999999999996
3,22.29,45.22,121.22,582.54,473.64,711.65,660.47,594.75,2,Low Activity,610.1275,102.80481583239832,351.88,-461.31999999999994
0,22.64,52.9,114.78,549.23,458.83,695.1,636.55,566.55,1,Low Activity,589.2574999999999,101.59753716667218,332.005,-434.45000000000005
0,23.02,52.13,116.66,546.39,486.27,696.24,624.65,581.66,1,Low Activity,597.2049999999999,87.7674588519762,331.525,-429.73
0,22.7,52.74,113.14,542.09,480.64,703.73,636.85,578.85,1,Low Activity,600.0174999999999,94.5374110691988,327.615,-428.95000000000005
0,22.71,52.62,114.54,540.1,472.96,700.1,613.048,574.39,1,Low Activity,590.1245,94.15446883180853,327.32,-425.56
0,22.76,52.22,117.45,546.78,470.93,707.76,638.98,580.47,1,Low Activity,599.5350000000001,100.28505854147299,332.115,-429.33
0,22.88,51.95,111.68,578.93,483.26,703.48,640.228,578.3,1,Low Activity,601.317,93.84132356980764,345.30499999999995,-467.24999999999994
0,22.47,52.39,113.48,550.46,485.93,704.6,645.294,575.0,1,Low Activity,602.706,94.16365468693323,331.97,-436.98
0,22.44,52.64,111.73,545.96,479.75,557.99,662.6200000000001,587.72,1,Low Activity,572.02,75.64267710756941,328.845,-434.23
0,22.46,52.5,122.24,542.68,471.65,705.05,661.4440000000001,591.73,1,Low Activity,607.4685,101.86571072904432,332.46,-420.43999999999994
0,22.57,52.1,115.98,548.63,481.47,702.6,650.44,592.65,1,Low Activity,606.7900000000001,94.85062045131808,332.305,-432.65
2,21.51,52.37,122.26,567.32,379.18,701.46,653.574,574.1,1,Low Activity,577.0785,142.0035290958174,344.79,-445.06000000000006
1,21.82,52.66,103.94,553.09,491.91,704.9,667.5,590.31,2,Low Activity,613.655,94.14840784633587,328.515,-449.15000000000003
0,22.04,52.99,114.88,549.67,483.47,716.11,652.59,588.58,1,Low Activity,610.1875,99.23332248628313,332.275,-434.78999999999996
2,23.16,51.49,112.02,543.96,481.3,713.89,671.95,601.21,1,High Activity,617.0875000000001,101.76927839480832,327.99,-431.94000000000005
0,22.08,52.62,119.65,551.06,484.49,711.28,655.436,575.87,1,Low Activity,606.769,98.65415695245689,335.35499999999996,-431.40999999999997
1,17.65,44.02,95.83,600.82,456.88,766.39,726.7,662.49,0,Moderate Activity,653.115,137.64936578132136,348.32500000000005,-504.99000000000007
0,17.24,53.71,118.25,589.71,493.3,752.33,710.48,655.16,0,Low Activity,652.8175,113.54737876763161,353.98,-471.46000000000004
0,21.66,53.82,111.06,545.85,493.39,711.98,655.42,594.65,1,Low Activity,613.86,93.51793589110773,328.45500000000004,-434.79
0,21.78,53.33,110.83,551.59,487.35,715.01,698.616,594.9,1,Low Activity,623.969,105.46784061504245,331.21000000000004,-440.76000000000005
0,21.7,53.4,108.92,552.7,478.21,715.22,652.53,596.43,1,Low Activity,610.5975,100.71638442511065,330.81,-443.78000000000003
2,18.33,45.89,75.06,606.56,567.59,774.48,742.21,690.51,0,Moderate Activity,693.6975,90.90752934530047,340.80999999999995,-531.5
0,20.66,52.83,107.59,545.99,466.68,737.71,677.572,591.3,1,Moderate Activity,618.3154999999999,117.60037063858827,326.79,-438.4
0,21.73,52.86,113.71,545.42,498.98,610.95,660.82,591.58,1,Low Activity,590.5825,67.67607769120983,329.565,-431.71
0,21.58,53.45,114.8,543.39,493.54,720.48,669.0699999999999,597.19,1,Low Activity,620.0699999999999,98.34717992906558,329.09499999999997,-428.59
0,21.42,53.79,111.35,553.23,494.06,848.82,671.22,606.33,1,Low Activity,655.1075000000001,148.43594249709201,332.29,-441.88
1,20.0,57.34,141.67,578.93,404.79,703.97,645.72,575.5,2,Low Activity,582.495,129.59111762256958,360.29999999999995,-437.26
3,21.98,45.04,125.6,575.7,485.11,714.97,680.92,604.5,2,Low Activity,621.375,101.9126209063431,350.65000000000003,-450.1
1,18.21,44.15,80.69,601.87,460.63,760.76,726.82,671.22,1,Moderate Activity,654.8575000000001,134.64272981363186,341.28,-521.1800000000001
0,21.13,54.16,116.61,549.35,497.03,720.36,664.508,597.21,1,Low Activity,619.777,96.07965054751885,332.98,-432.74
0,21.05,54.25,109.56,553.25,502.61,891.23,665.18,592.5,1,High Activity,662.88,166.12127076325896,331.405,-443.69
1,18.48,52.49,109.37,600.91,486.21,754.81,696.08,634.33,1,Moderate Activity,642.8575,115.4370741645277,355.14,-491.53999999999996
0,21.05,54.01,110.61,544.23,501.45,723.0,676.24,607.57,1,High Activity,627.065,96.2304319502585,327.42,-433.62
0,21.02,53.99,112.43,549.21,502.07,732.35,671.87,617.4,1,High Activity,630.9225,97.8946036561771,330.82000000000005,-436.78000000000003
1,17.03,45.87,73.77,612.13,557.68,778.72,748.3799999999999,705.08,0,Moderate Activity,697.4649999999999,97.96691057018522,342.95,-538.36
0,21.1,53.68,107.59,550.86,493.02,721.41,658.81,600.22,1,Moderate Activity,618.365,97.11621920839656,329.225,-443.27
0,20.82,54.21,109.48,550.78,503.02,724.68,711.118,605.94,1,Moderate Activity,636.1895,103.43113116626606,330.13,-441.29999999999995
2,18.66,53.4,106.14,579.31,467.66,713.58,657.12,580.51,2,Moderate Activity,604.7175,106.40774920872383,342.72499999999997,-473.16999999999996
0,20.65,54.58,108.77,546.65,501.43,723.63,668.83,618.68,1,Low Activity,628.1424999999999,94.72580055965042,327.71,-437.88
0,20.7,54.51,109.98,549.08,512.79,721.36,667.2,616.13,1,Moderate Activity,629.37,88.80589882809966,329.53000000000003,-439.1
1,19.84,54.66,112.07,549.93,500.64,695.17,641.6479999999999,578.23,1,Low Activity,603.922,83.81865140090636,331.0,-437.85999999999996
2,24.27,49.41,110.91,550.95,486.06,722.93,667.42,618.78,1,Low Activity,623.7974999999999,101.20436300706933,330.93,-440.0400000000001
0,20.51,54.87,112.51,555.06,492.46,723.17,676.5260000000001,608.11,1,Moderate Activity,625.0665,100.2403504699247,333.78499999999997,-442.54999999999995
2,20.1,45.3,100.1,587.92,489.98,733.1,801.83,613.12,2,Low Activity,659.5074999999999,137.31098945459536,344.01,-487.81999999999994
0,20.45,54.91,105.11,547.47,500.7,724.69,676.01,612.33,1,Moderate Activity,628.4325,96.7884408990385,326.29,-442.36
1,20.37,55.06,115.6,552.05,501.58,727.68,684.884,613.74,1,Low Activity,631.971,98.81663235845808,333.825,-436.44999999999993
1,20.41,54.86,112.05,543.11,513.96,729.13,684.762,605.33,1,Moderate Activity,633.2955000000001,94.61515516906718,327.58,-431.06
1,20.32,55.0,113.65,547.43,501.75,719.74,673.8120000000001,603.2,1,Low Activity,624.6255000000001,94.90964201632346,330.53999999999996,-433.78
1,20.12,55.46,116.34,550.37,512.27,726.48,674.45,607.06,1,Moderate Activity,630.065,92.50364407236437,333.355,-434.03
1,20.13,55.23,114.43,548.05,528.42,722.52,663.54,609.6,1,High Activity,631.02,82.4931851730796,331.24,-433.61999999999995
1,20.13,55.21,115.92,545.67,508.28,733.1,677.8,609.48,1,Moderate Activity,632.165,96.83754419989528,330.79499999999996,-429.74999999999994
2,23.3,47.76,102.49,578.93,468.72,734.07,691.16,627.57,1,Low Activity,630.38,116.31519849099686,340.71,-476.43999999999994
1,19.98,55.22,114.4,549.7,517.69,725.42,680.51,615.14,1,Low Activity,634.69,90.18981428077116,332.05,-435.30000000000007
0,20.03,54.63,131.84,549.28,460.22,683.75,618.894,547.5,3,Low Activity,577.591,96.01578170974463,340.56,-417.43999999999994
1,19.9,55.39,114.35,545.54,509.35,725.14,676.41,613.25,1,Low Activity,631.0375,93.16327437175372,329.945,-431.18999999999994
3,23.1,46.78,149.46,583.31,420.02,712.41,672.77,594.26,2,Low Activity,599.865,129.55971094441358,366.385,-433.8499999999999
1,19.84,55.59,116.29,550.68,511.1,732.52,678.8,613.1,1,Moderate Activity,633.88,95.31420460770785,333.48499999999996,-434.38999999999993
1,17.36,52.54,127.13,581.58,463.19,716.37,671.184,588.17,2,Low Activity,609.7284999999999,111.18676316150827,354.355,-454.45000000000005
3,24.11,49.72,112.4,578.93,465.76,736.73,682.42,621.27,1,Low Activity,626.545,117.10734633944476,345.66499999999996,-466.53
1,19.75,55.73,111.99,548.29,527.47,730.91,689.45,617.07,1,Low Activity,641.225,89.24257933669702,330.14,-436.29999999999995
3,21.89,49.28,105.97,553.23,451.2,730.56,692.67,631.79,1,Moderate Activity,626.555,123.7807396164686,329.6,-447.26
1,19.79,55.02,119.15,545.44,512.98,703.94,646.58,589.19,1,Low Activity,613.1725,81.58532849109575,332.295,-426.2900000000001
0,20.4,53.07,123.39,576.15,478.49,738.69,663.818,627.7,1,Moderate Activity,627.1745000000001,109.37063823379047,349.77,-452.76
1,19.78,55.04,110.77,552.27,489.92,692.33,623.74,567.41,2,Low Activity,593.35,85.81227767633256,331.52,-441.5
1,19.7,55.27,111.31,550.16,498.0,699.01,634.43,574.1,2,Low Activity,601.385,85.74291438169492,330.735,-438.84999999999997
0,17.8,48.83,114.44,585.66,476.89,730.3,685.0519999999999,616.26,3,High Activity,627.1255,110.58815699552399,350.04999999999995,-471.21999999999997
1,20.17,54.35,105.12,548.09,503.41,701.39,539.61,563.87,2,Moderate Activity,577.0699999999999,86.52311752743694,326.605,-442.97
1,21.72,52.36,106.96,548.6,490.54,711.85,667.2,605.96,2,Low Activity,618.8875,95.94499305157444,327.78000000000003,-441.64000000000004
1,20.31,53.8,98.5,554.3,490.29,697.81,631.03,565.02,2,Low Activity,596.0374999999999,88.93206372469565,326.4,-455.79999999999995
1,20.43,53.36,102.28,555.79,484.39,696.08,639.21,573.74,2,Low Activity,598.355,90.94545269922335,329.03499999999997,-453.51
2,18.08,42.4,76.3,610.42,536.27,756.75,707.6080000000001,613.94,0,Moderate Activity,653.642,98.14279394161686,343.35999999999996,-534.12
3,24.18,49.66,138.87,560.88,411.91,680.55,646.78,558.92,2,Low Activity,574.54,119.92947788874369,349.875,-422.01
3,23.52,50.24,124.66,578.93,413.5,865.08,661.6,590.92,2,Low Activity,632.775,186.7528315715722,351.79499999999996,-454.27
1,19.44,51.83,105.08,574.12,440.59,717.23,650.84,583.98,2,Low Activity,598.16,118.29655475400233,339.6,-469.04
1,19.05,56.15,109.62,603.33,485.77,726.95,679.972,595.79,1,Low Activity,622.1205,105.86276368172777,356.475,-493.71000000000004
1,19.79,53.35,90.27,551.43,512.47,717.54,658.1659999999999,586.22,2,Low Activity,618.5989999999999,88.81935459496798,320.84999999999997,-461.15999999999997
1,19.6,54.78,96.95,547.33,502.01,712.64,665.87,600.94,2,Low Activity,620.365,91.23343192054105,322.14000000000004,-450.38000000000005
1,19.49,54.72,99.37,550.9,508.39,718.26,659.428,587.95,2,Low Activity,618.5070000000001,90.70956066479431,325.135,-451.53
3,21.71,48.69,102.48,596.57,476.47,625.93,569.25,611.2,1,Low Activity,570.7125000000001,67.26068112203443,349.52500000000003,-494.09000000000003
1,18.95,53.53,87.64,556.27,532.76,727.15,681.6659999999999,620.66,2,Moderate Activity,640.559,84.07215419308979,321.955,-468.63
1,19.3,54.69,94.3,548.87,522.71,725.67,673.868,601.32,2,Moderate Activity,630.892,88.33205188001313,321.585,-454.57
1,19.34,55.04,105.28,547.83,522.34,723.89,677.292,610.07,2,Moderate Activity,633.398,87.54724486051325,326.555,-442.55000000000007
1,19.34,55.16,108.88,547.39,525.18,725.32,672.94,603.13,2,Moderate Activity,631.6425,86.84888039002004,328.135,-438.51
1,19.66,55.8,118.51,548.82,514.66,719.07,675.1360000000001,604.06,2,Low Activity,628.2315,89.32041988817568,333.665,-430.31000000000006
3,22.56,47.67,151.24,574.7,434.82,705.9,672.21,591.68,2,Moderate Activity,601.1525,120.79933205527256,362.97,-423.46000000000004
1,16.85,49.26,73.56,615.18,570.46,770.79,736.21,673.61,1,Moderate Activity,687.7675,87.9410705624321,344.37,-541.6199999999999
1,19.87,57.99,142.16,532.21,525.5,714.4,663.72,595.77,2,Low Activity,624.8475000000001,82.15056963689702,337.185,-390.05000000000007
1,19.32,59.57,139.35,542.05,510.48,715.63,659.41,596.87,2,Moderate Activity,620.5975,87.98947716441248,340.7,-402.69999999999993
1,19.65,59.29,154.56,578.93,524.28,711.38,664.99,584.68,2,Low Activity,621.3325,83.22083688395996,366.745,-424.36999999999995
3,21.73,48.45,127.22,576.41,415.87,716.01,701.9280000000001,601.79,3,Low Activity,608.8995,138.36894386988243,351.815,-449.18999999999994
0,21.4,46.03,114.07,576.54,436.64,728.74,716.47,612.08,2,Low Activity,623.4825000000001,135.11224133413427,345.30499999999995,-462.46999999999997
3,24.03,50.37,149.82,552.41,443.66,887.21,651.76,574.09,1,Low Activity,639.1800000000001,186.31685896164453,351.115,-402.59
2,19.64,53.75,112.68,545.11,516.55,738.54,681.24,619.47,2,Moderate Activity,638.95,94.98744232792039,328.895,-432.43
2,19.36,55.53,109.12,550.42,504.62,732.1,684.12,626.7,2,Low Activity,636.885,98.14072532168625,329.77,-441.29999999999995
2,19.32,56.06,114.82,542.93,470.06,730.32,679.43,607.07,2,Low Activity,621.72,113.04834098738469,328.875,-428.10999999999996
1,19.53,55.1,123.67,566.8,488.3,717.02,707.0440000000001,606.38,1,Moderate Activity,629.686,106.6843605408028,345.23499999999996,-443.12999999999994
2,19.78,50.27,66.34,618.5,555.54,775.23,737.92,689.52,0,Low Activity,689.5525,95.98506876071926,342.42,-552.16
0,22.05,51.89,124.59,577.14,423.08,702.6,657.58,602.45,1,Low Activity,596.4275,122.60757762743162,350.865,-452.54999999999995
2,20.59,57.31,148.17,538.43,483.66,714.04,671.46,591.04,2,Low Activity,615.05,101.35896671401761,343.29999999999995,-390.26
0,20.85,57.77,117.65,551.78,466.3,712.62,669.98,607.48,1,Low Activity,614.095,107.57544499869228,334.715,-434.13
2,17.95,46.36,70.52,609.98,465.39,881.01,732.06,679.1,0,Low Activity,689.39,172.06668997804312,340.25,-539.46
1,18.04,50.71,108.89,588.81,448.52,740.05,686.65,609.13,1,High Activity,621.0875,126.98168066693714,348.84999999999997,-479.91999999999996
2,21.49,56.7,139.27,536.27,496.88,723.58,844.99,609.76,2,Low Activity,668.8025,149.5392618177581,337.77,-397.0
3,25.35,45.6,105.32,597.74,393.78,718.18,662.47,587.47,2,Low Activity,590.475,141.64486118458376,351.53,-492.42
3,22.96,46.64,112.16,596.59,472.86,725.31,687.25,618.28,1,Moderate Activity,625.925,111.24368761117786,354.375,-484.43000000000006
2,22.0,55.49,117.76,546.29,498.47,711.68,667.228,605.14,2,Low Activity,620.6295,92.420203063688,332.025,-428.53
2,22.0,54.94,110.96,549.11,493.4,714.41,676.56,591.62,2,Low Activity,618.9975,98.2195602973257,330.035,-438.15000000000003
2,22.7,53.37,118.55,541.45,485.82,720.06,667.21,591.46,2,Low Activity,616.1375,101.65286694596139,330.0,-422.90000000000003
1,19.14,53.02,104.32,554.22,504.16,753.72,706.82,648.05,1,Moderate Activity,653.1875,108.34946281208167,329.27,-449.90000000000003
2,22.47,53.51,115.36,542.32,482.67,709.02,664.55,605.06,2,Low Activity,615.325,98.15731064639725,328.84000000000003,-426.96000000000004
2,20.36,51.77,88.73,613.35,515.42,865.32,715.22,648.66,1,Low Activity,686.155,145.4890450629646,351.04,-524.62
0,20.94,55.87,129.22,555.3,451.75,711.19,663.586,585.38,1,Low Activity,602.9765,113.37660573945581,342.26,-426.0799999999999
0,19.57,55.2,116.91,594.72,468.37,733.11,727.818,612.98,1,Low Activity,635.5695000000001,124.48546528678224,355.815,-477.81000000000006
1,17.25,50.73,81.76,607.41,543.93,773.12,713.904,684.8,1,Moderate Activity,678.9385,97.21864256578229,344.585,-525.65
1,20.77,55.61,122.78,546.52,493.07,711.81,700.3500000000001,583.29,2,Low Activity,622.13,103.80414249922786,334.65,-423.74
1,18.34,57.21,114.86,603.21,483.14,742.02,697.4559999999999,633.74,1,Low Activity,639.0889999999999,113.06369864225503,359.035,-488.35
0,20.93,53.3,100.64,578.93,490.31,727.12,659.32,591.4,1,Low Activity,617.0375,101.03317487340483,339.78499999999997,-478.28999999999996
2,23.45,50.79,116.43,542.87,498.04,726.84,678.49,614.43,1,Moderate Activity,629.45,98.96787728012224,329.65,-426.44
2,23.69,50.14,115.59,553.19,499.21,710.58,676.63,605.71,1,Low Activity,623.0325,93.39760395748921,334.39000000000004,-437.6
2,24.0,49.6,108.02,550.59,501.81,715.76,674.65,613.52,1,Moderate Activity,626.435,93.0982092559608,329.305,-442.57000000000005
3,21.69,48.0,100.92,578.93,445.39,730.78,678.69,604.58,2,High Activity,614.86,124.2812329624496,339.92499999999995,-478.00999999999993
1,18.22,57.34,13.64,597.68,490.19,739.84,710.2,624.58,1,Moderate Activity,641.2025,111.90932948150483,305.65999999999997,-584.04
2,21.39,44.89,116.37,584.26,434.01,624.54,687.584,620.48,1,Low Activity,591.6535,109.49371809530138,350.315,-467.89
2,23.17,51.35,112.39,548.42,475.14,720.37,667.18,606.93,1,Low Activity,617.405,105.5594582845769,330.405,-436.03
2,23.14,51.49,111.53,550.91,497.61,716.18,670.6,601.47,1,Low Activity,621.4649999999999,95.08774982439465,331.21999999999997,-439.38
2,22.54,53.01,113.56,548.29,486.66,714.46,664.95,607.68,1,Low Activity,618.4375,98.08969785354627,330.92499999999995,-434.72999999999996
0,19.21,49.63,124.92,587.63,475.05,742.57,695.4660000000001,620.84,1,Moderate Activity,633.4815000000001,116.90840686480453,356.275,-462.71
2,18.26,46.87,75.47,608.96,541.33,778.33,730.37,666.25,2,Moderate Activity,679.07,102.66595930492248,342.21500000000003,-533.49
2,23.29,52.0,110.02,547.52,479.71,710.24,878.76,603.07,1,Low Activity,667.945,169.18728488472962,328.77,-437.5
0,17.87,49.71,119.06,580.32,480.93,734.13,694.51,631.0,1,High Activity,635.1424999999999,111.23800410980651,349.69000000000005,-461.26000000000005
2,23.01,52.31,106.8,542.25,475.64,711.07,889.04,607.17,1,Low Activity,670.73,174.5341928295618,324.525,-435.45
2,23.01,52.27,109.48,544.73,480.9,707.15,669.71,598.31,1,Low Activity,614.0174999999999,99.56959287352743,327.105,-435.25
2,22.7,53.02,110.95,547.69,474.77,718.8,666.8,606.09,1,Low Activity,616.615,105.18410542155755,329.32000000000005,-436.74000000000007
2,23.13,52.6,113.16,546.94,477.88,567.35,661.94,595.44,1,Low Activity,575.6525,76.30087608715034,330.05,-433.7800000000001
2,23.34,52.71,135.09,537.25,506.79,701.58,660.33,590.59,2,Low Activity,614.8225000000001,85.35422558374015,336.17,-402.15999999999997
2,22.98,54.26,140.45,541.14,485.63,710.53,652.57,579.95,2,Low Activity,607.1700000000001,97.05213306946598,340.79499999999996,-400.69
2,22.91,53.51,138.5,538.27,484.05,707.57,630.238,596.04,2,Low Activity,604.4745,92.85408094244792,338.385,-399.77
2,23.39,52.02,116.82,548.59,501.51,716.2,658.87,597.62,2,Low Activity,618.55,91.82891955515251,332.70500000000004,-431.77000000000004
3,23.5,46.97,121.85,584.43,403.46,720.73,666.26,597.84,1,Low Activity,597.0725,138.521330096367,353.14,-462.5799999999999
1,16.76,41.31,66.53,610.54,571.55,791.29,770.55,711.47,0,Low Activity,711.2149999999999,99.0606297510099,338.53499999999997,-544.01
2,24.04,50.32,111.95,542.69,497.06,717.34,668.83,595.34,2,Low Activity,619.6425,95.88411838429415,327.32000000000005,-430.74000000000007
2,23.74,50.86,114.08,578.93,484.81,710.41,670.52,606.22,2,Low Activity,617.99,98.61761607339733,346.505,-464.84999999999997
2,23.16,52.04,118.42,540.14,475.1,714.92,667.67,593.88,2,Low Activity,612.8925,104.49630531746084,329.28,-421.71999999999997
2,22.94,52.67,186.22,546.31,479.36,713.04,674.49,586.62,2,Low Activity,613.3775,103.83320868103806,366.265,-360.0899999999999
2,23.76,51.22,109.55,539.17,479.04,701.55,901.59,594.07,2,Low Activity,669.0625,179.68203534299136,324.35999999999996,-429.61999999999995
2,23.47,51.7,118.25,539.15,459.46,716.72,671.99,592.27,2,Low Activity,610.11,112.8546478144934,328.7,-420.9
2,23.35,52.24,112.87,543.18,494.19,707.75,678.91,605.7,2,Low Activity,621.6375,95.20569148778168,328.025,-430.30999999999995
3,23.19,52.46,111.02,542.44,485.11,719.64,665.33,604.37,2,Low Activity,618.6125,100.68903759430152,326.73,-431.4200000000001
3,23.03,52.92,105.26,542.37,480.67,709.51,673.55,582.69,1,Low Activity,611.605,102.31100217799971,323.815,-437.11
3,23.44,51.47,104.86,544.9,481.64,705.07,663.37,600.91,1,Low Activity,612.7475,97.32314639899391,324.88,-440.03999999999996
3,23.58,51.34,107.78,542.32,479.73,714.88,666.8199999999999,605.93,1,High Activity,616.84,101.69893837531768,325.05,-434.5400000000001
3,23.28,52.32,112.97,542.1,486.4,712.18,675.866,604.86,1,Low Activity,619.8265,99.49241436243602,327.535,-429.13
3,23.52,51.75,116.34,578.93,477.09,704.21,711.8500000000001,594.48,1,Low Activity,621.9075,110.43509538034854,347.635,-462.5899999999999
2,18.87,54.56,104.74,581.51,474.67,742.82,695.98,619.41,1,High Activity,633.22,117.3027368251341,343.125,-476.77
3,23.55,51.72,107.0,541.96,476.5,706.01,656.61,591.67,2,Low Activity,607.6975,99.2092822858157,324.48,-434.96000000000004
3,25.35,49.12,113.62,548.22,469.49,664.1,579.56,528.65,2,Low Activity,560.45,82.44892600877225,330.92,-434.6
3,23.05,52.18,110.66,547.88,471.72,707.82,661.03,590.35,2,Low Activity,607.73,102.72890310586078,329.27,-437.22
3,23.69,51.06,107.08,543.13,478.73,713.55,665.48,597.17,2,Low Activity,613.7325,101.88445821125023,325.105,-436.05
0,22.46,55.19,120.01,549.93,459.58,704.83,630.126,583.42,2,Low Activity,594.489,102.90463723273118,334.96999999999997,-429.91999999999996
3,23.87,47.73,120.08,591.3,463.01,698.62,737.522,561.07,2,Low Activity,615.0555,126.5086789684144,355.69,-471.21999999999997
3,23.74,51.12,106.26,545.1,468.55,701.86,667.91,599.75,2,Moderate Activity,609.5175,103.1246195548538,325.68,-438.84000000000003
3,23.77,51.52,117.56,540.98,474.16,704.61,627.182,595.21,2,Low Activity,600.2905000000001,95.8130564571795,329.27,-423.42
3,23.21,53.0,120.42,541.17,467.07,708.01,666.27,571.87,2,Low Activity,603.305,107.2005328034023,330.79499999999996,-420.74999999999994
2,20.35,44.93,98.23,578.93,493.09,762.02,723.16,657.59,1,Low Activity,658.965,118.68408668955301,338.58,-480.69999999999993
1,18.85,53.29,104.68,495.65,548.06,804.64,761.16,677.01,3,Moderate Activity,697.7175,112.9653924512577,300.16499999999996,-390.96999999999997
1,18.85,53.0,106.78,492.58,580.85,804.34,764.07,682.13,2,Moderate Activity,707.8475000000001,98.7615425743577,299.68,-385.79999999999995
1,19.64,50.95,100.62,500.54,586.46,797.06,756.96,686.28,2,Moderate Activity,706.69,92.31401265968958,300.58000000000004,-399.92
2,20.21,49.74,99.99,508.52,584.6,873.63,755.11,698.02,2,Moderate Activity,727.84,120.2848106232315,304.255,-408.53
1,20.07,55.82,136.75,560.33,396.38,699.98,647.96,570.0,2,Low Activity,578.58,132.69262828054917,348.54,-423.58000000000004
2,17.17,46.69,64.41,578.93,587.43,785.03,835.2,705.68,0,Low Activity,728.3349999999999,108.01530647706065,321.66999999999996,-514.52
2,21.58,52.19,102.64,519.42,459.68,867.39,704.92,615.85,2,Low Activity,661.9599999999999,170.38229270281187,311.03,-416.78
2,21.74,51.93,101.81,534.54,492.67,754.79,706.49,629.35,2,Low Activity,645.825,114.42827899314632,318.17499999999995,-432.72999999999996
2,22.01,50.1,106.17,538.45,523.28,774.49,463.74,637.05,2,High Activity,599.64,136.95703730245725,322.31,-432.28000000000003
1,16.71,49.84,80.88,614.12,576.54,780.54,496.04,691.12,0,Moderate Activity,636.06,125.23884487916145,347.5,-533.24
2,22.1,49.95,103.51,578.93,523.29,764.51,711.39,655.01,2,Moderate Activity,663.55,103.64584957118802,341.21999999999997,-475.41999999999996
2,22.19,49.88,101.39,539.27,519.41,768.77,734.61,664.03,2,Moderate Activity,671.7049999999999,110.50086862403694,320.33,-437.88
2,22.31,49.65,97.25,578.93,520.57,766.44,754.2760000000001,652.21,2,Moderate Activity,673.374,114.02249963932559,338.09,-481.67999999999995
2,23.76,47.65,108.87,574.94,472.9,722.43,679.27,618.46,1,Low Activity,623.265,108.93878785813617,341.90500000000003,-466.07000000000005
2,22.49,49.65,96.35,538.26,528.21,757.34,715.61,641.1,1,Moderate Activity,660.565,100.48562898909142,317.305,-441.90999999999997
3,22.47,48.15,116.33,586.14,492.29,721.79,677.25,596.35,1,High Activity,621.92,100.818628569658,351.235,-469.81
2,22.72,50.18,113.61,540.0,515.24,759.58,717.86,644.03,1,Moderate Activity,659.1775,107.19413615025779,326.805,-426.39
1,18.2,48.55,72.77,582.66,596.81,768.54,743.34,688.52,0,Moderate Activity,699.3025,76.0572321237983,327.715,-509.89
2,22.86,51.8,139.57,534.8,514.02,756.73,712.58,636.21,2,Moderate Activity,654.885,106.2902016493838,337.18499999999995,-395.22999999999996
2,23.04,50.79,122.69,536.13,510.48,765.31,524.8,653.73,2,Moderate Activity,613.5799999999999,119.92430084571404,329.40999999999997,-413.44
2,23.14,50.32,180.75,537.95,504.16,757.14,702.9,649.5,2,High Activity,653.425,108.78116059318357,359.35,-357.20000000000005
2,22.74,51.04,105.38,537.56,494.53,691.67,591.02,522.42,4,Low Activity,574.91,87.76592770925781,321.46999999999997,-432.17999999999995
2,23.2,51.52,157.75,517.61,473.07,635.87,508.2,453.92,4,Low Activity,517.765,81.8822473637194,337.68,-359.86
1,20.19,57.56,133.62,557.95,475.69,713.51,664.9440000000001,592.87,1,Low Activity,611.7535,103.36581831372821,345.785,-424.33000000000004
2,23.54,50.7,134.91,525.66,341.73,673.3,569.35,495.27,4,Low Activity,519.9125,139.4370200425028,330.28499999999997,-390.75
0,20.61,51.1,105.68,563.94,454.73,721.52,666.14,597.58,2,Low Activity,609.9925,115.25542514346124,334.81000000000006,-458.26000000000005
2,23.15,51.02,119.74,578.93,403.18,701.02,589.99,524.01,4,Low Activity,554.55,124.5726334312637,349.335,-459.18999999999994
2,22.99,51.07,116.78,532.68,402.18,705.41,615.56,534.38,4,Low Activity,564.3824999999999,128.73447255882937,324.72999999999996,-415.9
2,23.23,50.37,113.39,535.4,422.58,711.1,630.992,539.93,3,Moderate Activity,576.1505,123.98223093518953,324.395,-422.01
3,21.93,48.62,107.61,601.47,467.93,729.92,698.61,608.21,2,Moderate Activity,626.1675,117.43661449905646,354.54,-493.86
2,23.56,49.66,117.73,539.39,434.97,710.7,627.22,547.55,3,Low Activity,580.11,117.4718028578206,328.56,-421.65999999999997
0,19.51,56.45,139.54,560.25,434.19,726.63,691.72,612.35,2,Low Activity,616.2225,130.43582825154547,349.895,-420.71000000000004
2,23.67,49.63,19.58,536.41,443.01,707.49,674.592,557.96,3,Low Activity,595.763,120.35984877026058,277.995,-516.8299999999999
0,18.32,54.03,141.93,586.51,483.17,732.24,729.088,631.37,1,Moderate Activity,643.967,116.97872568406045,364.22,-444.58
2,23.22,50.57,112.13,541.6,456.57,718.47,566.0060000000001,561.67,3,Low Activity,575.679,107.80544601580512,326.865,-429.47
2,23.31,50.36,112.97,578.93,457.9,710.81,470.63,565.06,3,Low Activity,551.1,116.71022034652033,345.95,-465.9599999999999
2,23.64,49.12,112.32,540.0,470.5,724.22,631.04,577.64,3,Low Activity,600.85,105.92673505777474,326.15999999999997,-427.68
2,23.7,49.22,103.59,537.65,489.15,717.56,643.454,571.98,3,Low Activity,605.5360000000001,97.73920644927158,320.62,-434.05999999999995
2,24.2,48.37,105.01,545.08,469.36,724.03,649.61,578.25,2,Low Activity,605.3125,108.43058374677628,325.045,-440.07000000000005
2,20.31,47.28,101.25,597.99,512.72,747.83,712.74,661.05,0,Low Activity,658.585,103.56979691653997,349.62,-496.74
2,24.07,53.38,119.78,553.65,479.11,699.85,656.758,583.41,1,Low Activity,604.782,96.59130942274258,336.715,-433.87
2,23.94,48.83,105.91,541.52,392.02,720.11,636.5,578.37,2,Low Activity,581.75,139.22397949587085,323.715,-435.61
3,24.12,52.25,117.52,548.8,490.94,854.7,852.39,594.87,2,Low Activity,698.225,184.30102197220722,333.15999999999997,-431.28
2,24.29,48.19,106.05,547.06,410.5,720.46,644.96,571.13,2,Low Activity,586.7625,132.38178937577985,326.55499999999995,-441.00999999999993
1,16.37,41.58,78.92,602.73,561.01,784.2,741.12,691.88,1,Low Activity,694.5525,96.68841343028993,340.825,-523.8100000000001
2,23.61,49.7,103.75,541.46,414.23,723.05,650.33,577.55,2,Low Activity,591.29,132.1431678143066,322.605,-437.71000000000004
2,23.53,50.14,102.98,546.09,414.86,569.26,643.64,575.35,2,Low Activity,550.7775,96.68233426191846,324.535,-443.11
2,23.9,49.29,96.83,540.7,399.56,726.39,644.5,580.82,2,Low Activity,587.8175,138.93055204549742,318.76500000000004,-443.87000000000006
2,17.93,46.55,95.97,594.96,480.91,737.44,705.06,620.03,2,Low Activity,635.86,114.55308492863327,345.46500000000003,-498.99
2,23.76,49.58,102.76,543.43,413.48,719.28,648.07,564.58,2,Low Activity,586.3525,131.45051423127512,323.09499999999997,-440.66999999999996
3,20.74,49.98,111.13,588.34,422.57,733.61,727.9119999999999,599.44,2,Low Activity,620.883,146.00277575900168,349.735,-477.21000000000004
2,24.44,48.14,103.0,578.93,401.96,611.68,651.65,580.03,2,Low Activity,561.3299999999999,110.21390081715343,340.965,-475.92999999999995
2,16.37,49.8,89.44,602.1,505.49,753.33,708.994,648.62,1,Low Activity,654.1085,107.97361768351874,345.77,-512.6600000000001
2,24.2,48.49,104.04,545.13,423.44,724.92,660.484,584.61,2,Low Activity,598.3635,129.95241927592832,324.585,-441.09
2,23.54,50.3,106.92,543.08,425.72,724.12,654.42,582.27,2,Low Activity,596.6325,127.8147381629625,325.0,-436.16
1,19.2,56.28,192.17,574.72,484.37,715.89,670.94,599.75,1,Moderate Activity,617.7375,100.9535528101909,383.445,-382.55000000000007
2,22.81,45.94,82.33,578.93,477.03,598.28,705.748,650.91,1,Low Activity,607.992,97.71311520295866,330.63,-496.59999999999997
3,23.83,49.53,104.19,541.42,424.94,728.56,648.96,588.73,2,Moderate Activity,597.7975,128.68354942130972,322.80499999999995,-437.22999999999996
3,24.22,49.24,102.07,546.15,430.94,724.64,645.79,577.72,2,Low Activity,594.7725,124.63309977021888,324.11,-444.08
3,23.79,50.12,103.98,547.33,428.52,725.96,650.55,583.05,2,Low Activity,597.02,126.59435927402139,325.65500000000003,-443.35
2,16.23,48.8,70.88,603.86,555.46,773.27,739.122,679.69,0,Low Activity,686.8855,95.76946458901533,337.37,-532.98
2,16.96,44.93,58.99,577.57,597.4,797.51,760.0,717.58,0,Moderate Activity,718.1225,86.85297245920833,318.28000000000003,-518.58
3,24.31,48.94,98.65,545.91,436.05,725.41,658.19,578.61,2,Low Activity,599.565,124.43220630795977,322.28,-447.26
3,23.35,54.52,120.44,545.22,431.1,692.53,697.538,579.91,2,Moderate Activity,600.2695,125.17453138584807,332.83000000000004,-424.78000000000003
3,23.81,50.01,106.18,547.08,428.18,728.04,672.1400000000001,593.64,2,Low Activity,605.5,130.43514761494822,326.63,-440.90000000000003
3,23.9,49.95,98.1,541.67,434.34,557.72,655.63,594.18,2,Low Activity,560.4675,93.2883148720496,319.885,-443.56999999999994
3,24.08,49.48,105.09,538.21,433.28,731.01,823.63,586.27,2,Low Activity,643.5475,170.85327942906648,321.65000000000003,-433.12
3,23.61,52.43,149.09,558.24,423.86,664.14,578.54,504.08,3,Low Activity,542.655,102.70771003191531,353.665,-409.15
3,23.78,50.15,108.42,545.15,347.84,725.07,655.66,571.44,2,Low Activity,575.0025,163.95261477532668,326.78499999999997,-436.72999999999996
3,23.73,50.28,109.23,540.7,353.42,723.37,652.79,577.54,2,Low Activity,576.78,160.37083629305337,324.96500000000003,-431.47
0,19.47,52.38,137.06,581.76,462.2,728.98,691.21,594.07,1,Moderate Activity,619.115,119.04841662113782,359.40999999999997,-444.7
3,24.0,49.99,105.3,541.22,393.22,725.75,661.26,582.47,2,Low Activity,590.675,144.0871228343,323.26,-435.92
0,20.61,51.63,139.85,583.86,399.89,713.58,669.262,585.17,1,Low Activity,591.9755,138.689114741088,361.855,-444.01
2,18.96,55.62,80.15,585.58,501.99,736.59,714.39,634.56,0,Moderate Activity,646.8824999999999,106.06661220666945,332.865,-505.43000000000006
3,23.99,50.24,115.42,543.3,394.94,714.35,659.38,581.74,2,Low Activity,587.6025,139.48733045812202,329.35999999999996,-427.87999999999994
3,23.78,50.72,111.51,544.74,389.35,719.93,705.73,577.81,2,Low Activity,598.2049999999999,153.20462166658027,328.125,-433.23
0,18.2,54.32,138.72,588.02,475.69,732.46,688.37,616.03,1,Low Activity,628.1375,112.39509164104989,363.37,-449.29999999999995
3,23.72,51.08,107.1,540.0,379.96,725.98,653.23,576.57,2,Low Activity,583.9350000000001,149.0398413176826,323.55,-432.9
3,23.59,51.41,112.0,537.74,391.06,715.25,653.4,579.22,2,Low Activity,584.7325000000001,140.5814927067808,324.87,-425.74
2,18.96,55.62,80.15,585.58,501.99,736.59,704.048,634.56,0,Moderate Activity,644.297,103.9779964992594,332.865,-505.43000000000006
3,22.25,51.24,126.37,555.41,453.03,699.6,632.46,562.91,2,Low Activity,587.0,105.3148621990268,340.89,-429.03999999999996
3,23.78,50.7,105.08,541.43,411.36,734.14,848.96,590.29,2,Low Activity,646.1875,188.9627955224696,323.255,-436.34999999999997
3,24.34,49.39,114.37,545.01,385.47,725.94,661.81,586.04,2,Low Activity,589.815,147.74349991341975,329.69,-430.64
3,24.06,50.0,108.99,540.76,383.24,633.4,654.93,578.88,2,Low Activity,562.6125,123.79084009597261,324.875,-431.77
3,24.2,49.78,105.38,544.4,376.28,721.61,662.25,576.44,2,Low Activity,584.145,150.84676827827636,324.89,-439.02
3,24.44,49.49,111.74,540.62,391.71,723.14,897.96,576.09,2,Low Activity,647.225,215.23570870094954,326.18,-428.88
3,24.08,49.76,108.68,544.85,399.56,627.81,658.7239999999999,579.73,2,Low Activity,566.4559999999999,115.91400696493355,326.765,-436.17
3,24.11,50.03,109.78,543.11,390.2,693.22,645.4300000000001,553.99,2,Low Activity,570.71,133.4855759998061,326.445,-433.33000000000004
3,23.92,50.09,106.22,543.95,417.79,698.64,612.312,533.66,2,Low Activity,565.6005,119.37282248345586,325.08500000000004,-437.73
3,23.25,51.27,104.82,548.17,423.97,695.31,612.54,537.55,2,Low Activity,567.3425,115.27035160149954,326.495,-443.34999999999997
3,23.01,52.03,110.66,543.86,438.06,700.85,596.4039999999999,546.34,2,Low Activity,570.4135,109.21869343508313,327.26,-433.20000000000005
3,23.06,51.75,108.92,544.07,435.63,699.63,592.27,548.64,2,Moderate Activity,569.0425,109.25164998754022,326.495,-435.15000000000003
3,23.01,51.4,103.83,548.47,419.73,701.56,659.82,554.77,2,Low Activity,583.97,125.70872178704757,326.15000000000003,-444.64000000000004
3,22.73,51.93,102.02,550.61,429.95,714.51,632.23,552.87,2,Low Activity,582.39,121.17357247628983,326.315,-448.59000000000003
3,22.75,52.0,100.62,545.1,441.94,703.68,628.6600000000001,543.47,1,Low Activity,579.4375,112.63255431564475,322.86,-444.48
3,22.86,51.77,103.25,551.58,447.62,897.44,622.53,556.03,1,Low Activity,630.905,191.75566371470407,327.415,-448.33000000000004
2,19.6,52.77,91.4,583.53,466.24,723.64,673.22,621.54,1,Low Activity,621.1600000000001,111.37436090351613,337.465,-492.13
3,22.63,51.98,105.47,551.9,441.31,712.53,626.05,554.65,1,Low Activity,583.635,114.75987844190144,328.685,-446.42999999999995
2,17.96,47.1,80.88,622.47,564.2,790.23,747.41,696.2,0,Moderate Activity,699.51,98.05488361116949,351.675,-541.59
1,19.19,55.33,112.48,552.28,478.63,709.63,665.74,593.36,2,Low Activity,611.84,100.91994946491006,332.38,-439.79999999999995
0,20.55,54.69,114.61,555.85,505.31,727.09,684.5039999999999,612.84,1,Moderate Activity,632.436,96.98020318944823,335.23,-441.24
2,19.16,50.88,98.81,567.76,507.71,739.48,718.81,649.27,1,Moderate Activity,653.8175,104.76985933463881,333.28499999999997,-468.95
3,22.84,54.71,129.88,578.93,410.8,687.79,631.83,559.64,2,Low Activity,572.515,119.89453935299416,354.405,-449.04999999999995
3,22.89,47.15,96.76,561.55,447.97,705.88,652.8860000000001,590.0,2,Low Activity,599.184,111.38216624457137,329.155,-464.78999999999996
0,22.06,52.52,108.77,578.93,479.96,717.98,868.15,583.11,1,Low Activity,662.3000000000001,168.31856364247724,343.84999999999997,-470.15999999999997
1,17.55,52.5,122.12,579.56,468.76,717.52,665.95,606.25,2,Low Activity,614.62,107.34426766250725,350.84,-457.43999999999994
1,20.39,57.32,130.02,566.54,463.14,711.86,669.18,597.72,1,Low Activity,610.4749999999999,108.92732669078039,348.28,-436.52
0,19.95,48.71,118.42,595.45,463.66,757.11,713.84,645.12,1,Moderate Activity,644.9325,129.34680704086463,356.935,-477.03000000000003
0,22.1,51.77,105.52,541.35,467.02,713.54,479.34,572.51,1,Low Activity,558.1025,113.82434665600617,323.435,-435.83000000000004
0,21.56,53.1,105.1,548.35,472.74,717.82,650.42,570.04,1,Low Activity,602.755,105.65048966600519,326.725,-443.25
0,21.81,52.43,107.49,541.52,471.3,726.01,655.1,583.82,1,Low Activity,609.0575,108.64599896759505,324.505,-434.03
0,21.79,52.53,101.44,548.07,467.67,623.45,656.14,571.87,1,Low Activity,579.7825,82.39971414796696,324.755,-446.63000000000005
0,21.81,52.34,105.7,553.06,464.41,712.32,647.56,591.36,1,Moderate Activity,603.9125,105.31825273110704,329.38,-447.35999999999996
0,21.62,52.85,104.25,549.05,459.29,724.08,650.88,575.81,1,Low Activity,602.515,113.05423491994156,326.65,-444.79999999999995
0,21.89,51.53,108.21,544.65,477.76,718.65,702.05,585.87,1,Low Activity,621.0825,112.33345045740678,326.43,-436.44
3,22.22,53.54,138.0,570.01,427.33,688.29,648.11,559.56,2,Low Activity,580.8225,115.59831699322731,354.005,-432.01
0,21.61,52.16,101.24,549.69,505.7,731.49,664.37,589.0,1,Low Activity,622.64,97.290507587671,325.46500000000003,-448.45000000000005
0,21.39,53.05,101.33,550.18,476.92,721.45,652.97,578.62,1,Low Activity,607.49,104.78122255442528,325.755,-448.84999999999997
0,21.44,52.34,106.24,547.75,479.16,733.22,850.71,601.59,1,Low Activity,666.1700000000001,160.9285872677692,326.995,-441.51
0,21.35,53.01,105.27,548.25,467.15,725.54,655.04,583.34,1,Low Activity,607.7675,110.26488572977345,326.76,-442.98
3,23.44,52.04,19.95,578.93,439.24,690.41,613.87,544.52,2,Low Activity,572.01,106.69956669702708,299.44,-558.9799999999999
0,21.31,52.83,104.43,554.2,463.85,725.17,664.8,585.15,1,Low Activity,609.7425,112.9074084888439,329.31500000000005,-449.77000000000004
0,21.27,53.03,99.68,544.65,488.88,727.66,689.0880000000001,587.38,1,Low Activity,623.2520000000001,107.35927863642404,322.16499999999996,-444.96999999999997
1,17.82,51.14,117.47,588.75,425.21,738.02,687.18,589.21,1,High Activity,609.905,137.75026303665143,353.11,-471.28
2,19.09,54.71,115.66,580.36,414.85,717.5,689.36,614.79,1,Moderate Activity,609.125,136.5743554503065,348.01,-464.70000000000005
0,22.22,56.24,132.72,548.21,439.34,856.82,656.49,574.79,2,Low Activity,631.86,174.67548368331492,340.46500000000003,-415.49
0,21.12,53.08,100.25,545.73,479.55,727.78,670.2679999999999,587.29,1,Low Activity,616.222,107.83081453214874,322.99,-445.48
0,20.19,52.3,130.43,591.57,442.46,721.54,690.12,597.4,1,High Activity,612.88,125.24059512261456,361.0,-461.14000000000004
2,17.19,45.34,71.29,618.59,562.72,784.09,755.23,691.38,0,Low Activity,698.355,98.37133678058869,344.94,-547.3000000000001
3,22.14,47.21,130.01,579.67,435.01,723.27,675.27,613.06,2,Moderate Activity,611.6524999999999,126.10869184292306,354.84,-449.65999999999997
0,21.33,51.72,105.71,548.25,490.96,724.31,670.19,597.76,1,Low Activity,620.8050000000001,100.90087429419694,326.98,-442.54
0,21.26,51.87,103.09,555.3,486.21,738.16,670.86,606.92,1,Low Activity,625.5375,107.23295525008469,329.195,-452.2099999999999
0,20.95,52.85,103.83,544.09,483.98,732.14,663.55,601.9,1,High Activity,620.3924999999999,105.35719604437719,323.96000000000004,-440.26000000000005
1,19.01,55.63,112.82,567.78,441.5,714.51,679.94,609.11,2,Moderate Activity,611.265,121.38174615649588,340.29999999999995,-454.96
0,19.47,52.88,107.89,578.93,468.48,819.64,677.96,617.0,1,Low Activity,645.77,145.51795994538497,343.40999999999997,-471.03999999999996
0,20.65,53.74,102.16,550.15,486.43,732.01,669.43,588.25,1,Moderate Activity,619.03,106.19919773708273,326.155,-447.99
0,21.56,51.39,108.72,561.52,483.39,744.1,698.2,635.51,1,Moderate Activity,640.3,113.68163469385313,335.12,-452.79999999999995
1,19.02,57.75,140.97,559.69,420.87,686.81,650.32,561.74,2,Low Activity,579.935,118.33433722578863,350.33000000000004,-418.72
2,21.16,50.12,108.6,579.39,486.08,735.05,692.0959999999999,624.35,1,Moderate Activity,634.3939999999999,108.87159971268906,343.995,-470.78999999999996
1,18.79,51.67,112.7,597.16,475.67,604.93,702.86,635.37,1,Moderate Activity,604.7075,95.26249362507086,354.93,-484.46
2,19.17,52.88,80.35,618.1,535.27,758.46,707.97,620.14,1,Moderate Activity,655.46,98.41991431277178,349.225,-537.75
0,20.37,53.8,102.43,547.25,470.97,886.84,677.23,603.58,1,Low Activity,659.655,173.8470014121613,324.84000000000003,-444.82
0,20.23,54.31,103.33,555.05,481.07,593.92,678.69,603.61,1,High Activity,589.3225,81.50751187262846,329.19,-451.71999999999997
0,20.19,54.21,105.26,543.29,487.3,730.46,667.12,587.74,1,Low Activity,618.155,104.9731513292804,324.275,-438.03
0,20.39,53.2,108.42,543.94,468.75,730.08,673.82,596.87,1,High Activity,617.38,113.13458150951608,326.18,-435.52000000000004
0,20.46,52.84,104.57,549.99,488.9,735.78,674.24,606.47,1,Low Activity,626.3475,105.76088419165188,327.28,-445.42
0,20.36,53.19,100.01,542.92,488.81,735.23,666.63,596.99,1,Moderate Activity,621.915,105.16323359425574,321.465,-442.90999999999997
0,20.54,52.58,102.63,550.32,478.23,733.93,669.17,605.22,1,Moderate Activity,621.6375,109.09352176764054,326.475,-447.69000000000005
0,18.57,51.92,123.13,588.49,498.46,733.25,669.32,609.63,1,Moderate Activity,627.6650000000001,99.83740865360373,355.81,-465.36
0,19.86,54.47,108.31,550.61,465.98,732.43,890.62,613.79,1,Moderate Activity,675.7049999999999,180.02242980621423,329.46000000000004,-442.3
0,19.97,53.85,103.85,546.15,486.67,733.4,677.61,609.36,1,Moderate Activity,626.76,106.27916101789035,325.0,-442.29999999999995
3,24.13,44.5,105.56,578.93,286.83,702.59,639.85,524.3,2,Low Activity,538.3924999999999,183.2454940555611,342.245,-473.36999999999995
0,19.32,56.73,142.16,568.75,409.92,721.93,674.988,600.07,2,Low Activity,601.727,137.36642751900237,355.455,-426.59000000000003
3,23.29,52.33,116.48,559.51,488.68,694.38,633.43,568.57,2,Low Activity,596.265,88.2219468159709,337.995,-443.03
2,20.36,49.57,104.38,592.03,489.49,741.41,702.33,637.88,1,Low Activity,642.7775,110.74883517069904,348.205,-487.65
0,21.4,53.67,102.05,601.01,414.99,701.92,616.1,542.3,2,Low Activity,568.8274999999999,121.54284220663372,351.53,-498.96
3,21.2,44.57,111.06,587.95,466.53,724.63,718.182,617.47,1,Moderate Activity,631.703,120.55253763124747,349.505,-476.89000000000004
0,20.49,55.42,135.77,554.61,366.12,684.64,518.26,545.13,2,Low Activity,528.5375,130.54804080618496,345.19,-418.84000000000003
0,18.59,53.44,121.26,592.41,495.64,729.73,476.64,611.14,1,Moderate Activity,578.2874999999999,117.1565065414636,356.835,-471.15
2,16.76,43.36,56.97,575.56,609.97,803.44,767.18,712.81,0,Moderate Activity,723.35,84.26464857815525,316.265,-518.5899999999999
2,21.3,50.97,127.29,573.81,471.96,715.39,711.174,594.61,2,Moderate Activity,623.2835,115.3679888978452,350.54999999999995,-446.5199999999999
1,18.71,55.25,115.66,578.93,492.67,731.74,682.03,615.89,1,Moderate Activity,630.5825,103.46563402888903,347.29499999999996,-463.27
2,18.35,49.09,86.67,604.64,451.72,748.61,726.396,648.02,0,Low Activity,643.6865,135.05519684805418,345.655,-517.97
1,19.46,54.94,110.55,549.8,486.95,737.51,681.72,620.45,1,High Activity,631.6575,107.66750403441142,330.17499999999995,-439.24999999999994
1,19.51,54.78,106.16,547.86,482.81,745.95,677.7,614.69,1,Moderate Activity,630.2875,111.98013823144414,327.01,-441.70000000000005
1,19.11,51.81,86.62,561.48,491.38,709.35,640.966,574.29,1,Low Activity,603.9965,93.15051638253723,324.05,-474.86
1,19.48,54.66,102.43,550.29,493.15,737.48,696.61,609.87,1,Moderate Activity,634.2775,108.08760933458873,326.36,-447.85999999999996
1,19.57,54.23,105.68,547.25,478.12,742.28,687.94,611.5,1,Moderate Activity,629.96,114.56238475171507,326.46500000000003,-441.57
1,19.17,51.07,94.49,557.9,499.62,748.33,741.0359999999998,630.63,1,High Activity,654.904,116.68974052589198,326.195,-463.40999999999997
1,19.37,57.36,116.61,598.11,474.23,733.77,686.2719999999999,611.96,2,Low Activity,626.558,113.25060106978091,357.36,-481.5
3,22.32,46.86,99.79,556.08,504.68,743.31,622.0720000000001,636.63,1,Low Activity,626.673,97.6503846519135,327.935,-456.29
1,18.94,51.98,84.44,562.77,495.6,715.45,633.42,574.08,1,Low Activity,604.6375,92.97092677283581,323.605,-478.33
2,22.92,54.36,113.1,545.6,476.4,713.65,664.362,585.93,1,Low Activity,610.0854999999999,103.48404901722778,329.35,-432.5
1,19.12,52.0,88.31,548.29,496.65,717.97,652.67,580.16,2,Low Activity,611.8625,95.22433560632844,318.29999999999995,-459.97999999999996
1,20.53,50.17,100.06,550.16,458.93,725.12,639.3,574.86,2,Low Activity,599.5525,112.1479199911141,325.11,-450.09999999999997
1,20.3,50.99,101.05,553.74,468.82,726.87,646.99,589.68,2,Low Activity,608.09,108.56174802080766,327.395,-452.69
1,20.19,51.3,95.62,542.47,453.81,717.9,734.0600000000002,583.08,2,Low Activity,622.2125000000001,131.09375204410014,319.045,-446.85
1,20.01,51.63,95.91,552.29,467.02,715.99,645.76,578.49,2,Low Activity,601.815,105.95728903666799,324.09999999999997,-456.38
1,19.18,53.57,102.34,558.24,476.59,716.76,653.94,582.77,2,Low Activity,607.515,103.02656825628364,330.29,-455.9
1,19.2,53.6,99.6,554.39,486.15,730.77,655.38,584.08,2,Low Activity,614.095,104.22464535799583,326.995,-454.78999999999996
1,19.1,54.03,103.97,549.41,494.74,720.0,654.44,585.37,2,Low Activity,613.6375,96.45982319943711,326.69,-445.43999999999994
1,19.14,53.88,106.99,552.21,496.86,725.12,519.89,586.15,2,Low Activity,582.005,102.64344190773546,329.6,-445.22
1,17.69,55.35,121.05,586.08,494.74,752.91,705.17,643.82,1,Moderate Activity,649.1600000000001,112.2129442919428,353.565,-465.03000000000003
1,18.91,53.64,99.76,554.66,492.11,732.2,672.424,605.59,2,Moderate Activity,625.581,102.91748431308129,327.21,-454.9
3,20.8,45.98,100.23,593.51,501.1,728.23,678.21,615.57,1,Low Activity,630.7775,97.96998498689959,346.87,-493.28
1,19.01,53.44,95.24,553.72,477.9,734.96,647.824,612.98,2,Low Activity,618.416,106.80454227544196,324.48,-458.48
2,20.65,47.83,107.94,585.4,448.07,718.8,668.24,592.61,2,Low Activity,606.93,117.9199940637719,346.66999999999996,-477.46
1,18.99,53.51,101.61,553.59,507.51,730.08,668.32,603.62,1,Moderate Activity,627.3825,95.14327454774022,327.6,-451.98
1,19.06,53.24,95.07,555.42,494.45,629.54,672.58,612.59,1,High Activity,602.2900000000001,76.19886744565173,325.245,-460.34999999999997
1,18.93,53.49,93.72,552.2,502.64,734.33,694.068,621.3,1,Low Activity,638.0844999999999,101.6928063057232,322.96000000000004,-458.48
1,18.93,53.35,88.41,557.93,502.84,738.3,665.6,614.42,1,High Activity,630.29,99.00894841713382,323.16999999999996,-469.52
3,24.84,44.6,96.53,601.44,467.98,726.75,692.24,599.94,1,Moderate Activity,621.7275,115.63552953857506,348.985,-504.9100000000001
1,19.01,52.97,85.54,558.43,504.9,744.07,685.51,622.92,1,High Activity,639.35,102.37801098543251,321.98499999999996,-472.88999999999993
1,19.91,59.1,125.97,552.29,487.36,724.55,677.08,621.04,1,Moderate Activity,627.5074999999999,102.56352482729909,339.13,-426.31999999999994
0,19.98,52.24,101.83,559.36,492.95,740.25,695.76,626.03,1,Moderate Activity,638.7475,107.96886661595246,330.595,-457.53000000000003
1,18.39,43.18,60.0,567.37,585.29,796.27,762.8359999999999,714.08,0,Moderate Activity,714.6189999999999,92.58877839133639,313.685,-507.37
1,18.33,43.22,57.12,568.81,594.93,787.9,767.53,717.29,0,Low Activity,716.9124999999999,86.56640856398438,312.965,-511.68999999999994
1,18.04,43.76,59.59,572.33,584.26,799.02,762.608,715.85,0,Moderate Activity,715.4345,93.84170537488471,315.96000000000004,-512.74
0,20.84,52.9,123.39,572.82,485.9,723.66,685.39,621.93,1,Low Activity,629.2199999999999,104.35156762917684,348.105,-449.43000000000006
3,23.67,51.2,141.6,578.93,409.51,680.41,603.6,527.03,2,Low Activity,555.1375,115.52663974887639,360.265,-437.3299999999999
2,18.05,49.12,67.57,567.46,493.66,766.13,719.79,675.76,0,Low Activity,663.835,119.29929491269704,317.515,-499.89000000000004
3,24.13,48.52,121.4,578.02,413.53,711.61,670.93,594.23,2,Low Activity,597.5749999999999,131.99581849437504,349.71,-456.62
2,18.25,49.09,65.79,578.93,486.16,774.29,721.48,680.79,0,Moderate Activity,665.6800000000001,125.65231739473276,322.35999999999996,-513.14
2,18.99,46.17,59.41,574.85,530.03,789.38,743.06,698.92,0,Moderate Activity,690.3475,113.07996031569873,317.13,-515.44
2,19.02,44.66,71.77,611.36,499.43,775.93,725.94,686.11,0,Moderate Activity,671.8525,120.67915930957865,341.565,-539.59
2,20.34,45.42,68.2,569.06,521.01,766.52,728.4680000000001,689.8,0,Low Activity,676.4495,108.25632132890286,318.63,-500.85999999999996
2,20.18,46.59,73.77,562.3,500.64,767.3,719.1,668.65,0,Low Activity,663.9225,116.06749196767657,318.03499999999997,-488.53
2,20.74,46.21,67.44,572.08,501.75,765.81,716.66,665.22,0,Moderate Activity,662.3599999999999,114.67947244385107,319.76,-504.64000000000004
2,21.25,45.69,64.61,562.73,509.5,764.4,717.71,660.94,0,Low Activity,663.1375,110.81751076281523,313.67,-498.12
2,21.55,45.47,70.66,558.8,515.41,767.77,721.95,668.61,0,Moderate Activity,668.435,109.76942303452878,314.72999999999996,-488.14
2,21.52,45.74,64.72,566.36,525.9,766.21,726.888,664.7,0,Moderate Activity,670.9245000000001,105.32820110334492,315.54,-501.64
2,21.76,45.77,67.07,560.45,532.1,763.03,715.82,665.27,0,Low Activity,669.0550000000001,99.64815452380441,313.76,-493.38000000000005
2,21.48,46.6,73.85,558.82,506.66,763.36,712.37,670.72,0,Low Activity,663.2774999999999,111.07206740820725,316.33500000000004,-484.97
0,21.17,47.5,112.7,604.35,454.31,736.49,688.86,627.12,2,Low Activity,626.6949999999999,123.3372045788834,358.52500000000003,-491.65000000000003
2,23.01,52.32,112.8,578.93,484.81,713.88,669.71,597.57,2,High Activity,616.4925000000001,100.02461242947491,345.86499999999995,-466.12999999999994
2,21.95,47.17,78.71,565.69,520.46,901.49,665.842,661.19,0,Moderate Activity,687.2455,157.9610792600506,322.20000000000005,-486.9800000000001
1,17.18,45.38,58.99,626.98,618.3,803.21,772.04,725.77,0,Low Activity,729.83,80.87383796177025,342.985,-567.99
0,18.48,52.25,123.27,589.43,482.98,738.41,674.79,622.23,1,Low Activity,629.6025,108.67918150072101,356.34999999999997,-466.15999999999997
2,22.81,45.94,82.33,558.5,477.03,742.9,655.4399999999999,650.91,1,Low Activity,631.5699999999999,111.38640401772561,320.415,-476.17
3,24.35,50.71,137.34,558.86,401.83,676.12,593.592,532.96,3,Low Activity,551.1255,115.53666137205109,348.1,-421.52
1,18.58,52.91,104.7,560.33,486.53,678.11,607.77,541.3,1,Low Activity,578.4275,82.9079507144319,332.51500000000004,-455.63000000000005
3,22.51,52.67,118.15,599.75,421.33,859.29,652.67,591.1,3,Low Activity,631.0975,180.86771766035713,358.95,-481.6
2,23.18,46.81,104.92,551.3,483.86,735.53,685.24,636.3,1,Moderate Activity,635.2325,108.74298732178853,328.10999999999996,-446.37999999999994
3,21.16,46.37,101.68,582.95,489.73,722.37,677.51,616.32,1,High Activity,626.4825,100.99957273011934,342.31500000000005,-481.27000000000004
0,23.15,50.28,114.56,575.26,438.43,710.99,656.7180000000001,580.15,1,Low Activity,596.572,118.30411980428522,344.90999999999997,-460.7
3,23.75,44.72,97.89,601.74,444.82,729.05,691.47,606.78,1,High Activity,618.03,126.28953585577337,349.815,-503.85
2,23.37,50.51,110.73,554.46,407.93,717.46,659.52,589.55,1,Low Activity,593.615,134.38315432622747,332.595,-443.73
2,23.58,49.77,103.64,557.97,377.58,727.42,672.086,601.65,1,Moderate Activity,594.684,153.61487262197846,330.805,-454.33000000000004
2,23.15,50.12,105.27,559.79,405.7,730.44,678.21,616.22,1,Low Activity,607.6425,142.49367807614018,332.53,-454.52
2,23.24,49.66,102.65,555.12,410.61,736.72,689.142,611.21,1,Low Activity,611.9205,143.83381322785917,328.885,-452.47
2,23.39,49.55,109.51,559.33,409.58,728.72,678.54,609.21,1,Low Activity,606.5125,140.13365034256879,334.42,-449.82000000000005
2,23.4,50.09,110.17,553.25,407.28,730.3,674.35,602.21,1,Low Activity,603.535,140.95142201009062,331.71,-443.08
2,23.51,50.64,123.96,550.85,405.47,726.93,673.86,602.87,1,Low Activity,602.2825,140.70754904529227,337.40500000000003,-426.89000000000004
2,24.45,47.66,112.21,549.77,402.47,731.49,495.78,619.46,1,Low Activity,562.3,143.60021007412675,330.99,-437.56
1,18.97,53.35,99.02,578.93,500.41,729.31,655.24,598.34,2,Moderate Activity,620.825,96.53796299901917,338.97499999999997,-479.90999999999997
1,16.07,43.27,66.91,621.17,593.06,803.07,775.94,708.54,0,Low Activity,720.1525,93.58580853063857,344.03999999999996,-554.26
2,23.75,48.94,110.27,548.77,410.23,732.5,672.72,621.9,1,Low Activity,609.3375,140.2235782301488,329.52,-438.5
2,23.74,48.92,110.79,555.03,427.54,727.71,678.46,625.5,1,Low Activity,614.8025,131.63340669576752,332.90999999999997,-444.23999999999995
2,23.62,49.3,113.44,553.23,417.24,730.56,864.11,620.84,1,Low Activity,658.1875,188.93772190415902,333.33500000000004,-439.79
2,23.84,48.93,121.32,549.26,412.28,734.32,690.78,625.13,1,Low Activity,615.6274999999999,142.8009232871646,335.28999999999996,-427.94
0,18.78,51.83,129.0,590.94,478.55,720.82,677.17,605.98,1,Low Activity,620.63,105.88697842511135,359.97,-461.94000000000005
1,17.35,53.75,120.47,588.97,489.32,734.42,672.76,614.96,1,Moderate Activity,627.865,104.45219815781762,354.72,-468.5
2,19.05,52.72,95.43,572.91,495.2,694.46,611.32,548.74,2,Low Activity,587.4300000000001,85.69216611413985,334.16999999999996,-477.47999999999996
2,23.7,49.5,119.4,550.44,435.2,726.25,671.91,614.29,1,Low Activity,611.9125,126.36682591434615,334.92,-431.0400000000001
2,23.76,49.38,111.14,552.34,443.53,730.07,682.85,621.17,1,Moderate Activity,619.405,125.44207308554816,331.74,-441.20000000000005
0,22.53,50.26,106.93,578.93,459.54,738.59,691.27,629.38,1,Moderate Activity,629.695,121.932255644955,342.92999999999995,-471.99999999999994
2,23.26,50.55,110.03,552.13,432.8,725.63,679.35,612.64,1,High Activity,612.605,128.52935449408693,331.08,-442.1
2,23.42,50.18,106.9,551.77,433.32,739.02,688.85,611.57,1,Moderate Activity,618.19,133.93215421747436,329.335,-444.87
1,18.95,52.3,117.71,580.92,439.18,706.49,666.95,583.11,2,Low Activity,598.9325,118.27398822930877,349.315,-463.21
1,18.39,55.79,101.03,606.44,498.19,630.98,703.49,624.75,1,High Activity,614.3525,85.29126972713367,353.735,-505.4100000000001
3,24.88,46.94,112.14,552.54,428.97,732.54,680.21,625.61,1,Low Activity,616.8325,132.63269641507455,332.34,-440.4
3,24.92,46.98,107.69,546.74,441.1,738.88,687.712,604.16,1,Low Activity,617.963,130.32892678143253,327.21500000000003,-439.05
3,23.72,49.73,110.94,555.54,451.16,737.87,689.4060000000001,620.5,1,Low Activity,624.734,125.33698883676226,333.24,-444.59999999999997
0,17.4,53.47,120.67,588.7,483.55,756.71,716.082,653.86,0,Low Activity,652.5505,120.34441785004681,354.685,-468.03000000000003
3,23.42,50.77,112.31,551.33,440.36,606.35,643.4779999999998,607.69,1,Low Activity,574.4694999999999,91.04485883892619,331.82000000000005,-439.02000000000004
3,23.94,51.44,124.85,554.42,411.87,681.48,625.55,551.99,2,Low Activity,567.7225,116.65090637596148,339.635,-429.56999999999994
3,23.22,43.9,116.39,591.16,436.34,734.09,697.2879999999999,643.47,1,Low Activity,627.797,132.951904471755,353.775,-474.77
3,24.06,50.21,115.45,545.48,434.25,727.56,677.304,602.68,1,Low Activity,610.4485,128.18089081060404,330.46500000000003,-430.03000000000003
3,23.6,50.97,112.29,555.44,432.34,723.49,725.106,606.56,1,Low Activity,621.874,138.01003952853094,333.865,-443.15000000000003
1,17.67,53.31,119.88,589.79,485.81,753.18,847.55,629.76,1,Moderate Activity,679.075,156.69365664676195,354.835,-469.90999999999997
3,23.42,51.2,107.6,551.3,460.2,734.56,674.94,614.62,1,Low Activity,621.08,117.90210063155506,329.45,-443.69999999999993
3,24.1,49.69,111.09,547.05,448.25,734.4,699.6739999999999,619.69,1,Low Activity,625.5035,127.55692954781664,329.07,-435.9599999999999
3,24.47,48.65,112.27,552.87,424.75,737.66,667.0219999999999,626.0,1,Low Activity,613.858,134.24183392668618,332.57,-440.6
3,23.85,50.15,115.95,543.57,452.98,733.96,865.83,611.26,1,Low Activity,666.0074999999999,175.9967597002854,329.76000000000005,-427.62000000000006
2,18.86,52.02,115.72,591.14,469.39,752.7,699.41,628.78,1,Low Activity,637.5699999999999,123.07298512129569,353.43,-475.41999999999996
1,18.15,52.3,124.09,587.54,490.88,742.47,686.97,626.25,1,Low Activity,636.6424999999999,108.14654791069387,355.815,-463.44999999999993
3,23.84,50.24,111.9,544.87,460.98,734.09,685.35,618.45,1,Low Activity,624.7175,119.00685452947658,328.385,-432.97
0,19.36,51.38,127.72,583.42,476.73,714.55,653.8,589.12,1,Low Activity,608.55,101.71463316553815,355.57,-455.69999999999993
3,24.01,49.17,107.04,551.41,442.65,841.98,691.676,615.04,1,Low Activity,647.8365,166.12315767425886,329.22499999999997,-444.36999999999995
3,23.93,49.33,109.32,546.53,456.03,727.52,679.69,629.27,1,Low Activity,623.1275,118.4010350109604,327.92499999999995,-437.21
3,23.89,49.1,110.16,554.37,451.99,730.86,688.43,625.43,1,High Activity,624.1774999999999,122.69154205431875,332.265,-444.21000000000004
3,23.07,49.87,107.45,551.47,488.45,709.48,649.6020000000001,582.16,2,Low Activity,607.423,94.8463550310009,329.46000000000004,-444.02000000000004
3,24.49,48.17,106.74,553.71,467.12,738.71,851.31,621.63,1,Low Activity,669.6925,164.4120365372722,330.225,-446.97
2,23.49,53.4,121.61,551.83,476.0,702.92,650.43,578.42,1,Low Activity,601.9425,98.25530430974196,336.72,-430.22
3,23.84,49.74,105.58,578.93,449.67,743.08,678.77,621.95,1,Low Activity,623.3675000000001,125.9276915204383,342.255,-473.34999999999997
3,23.83,49.48,110.04,551.95,452.01,740.75,681.4,622.01,1,Low Activity,624.0425,124.51216202309983,330.995,-441.91
3,23.93,49.43,119.21,548.13,459.38,731.92,684.42,624.17,1,Low Activity,624.9725,118.87429365370237,333.67,-428.92
2,19.82,46.17,96.35,593.64,414.25,743.5,702.98,637.58,1,High Activity,624.5775,146.85166583438314,344.995,-497.28999999999996
3,23.53,50.58,114.69,552.31,458.56,734.29,680.55,624.51,1,Low Activity,624.4775,119.34757122930206,333.5,-437.61999999999995
2,17.9,48.25,87.18,602.49,489.99,760.64,833.87,643.49,0,Low Activity,681.9975,150.1106332842547,344.83500000000004,-515.31
3,24.21,49.13,108.78,551.04,472.27,732.18,683.61,625.38,1,Low Activity,628.36,112.84816259026994,329.90999999999997,-442.26
0,20.36,56.45,106.11,592.81,444.31,727.87,665.12,605.56,3,Low Activity,610.715,121.65853319845674,349.46,-486.69999999999993
3,24.1,49.2,102.21,547.79,458.65,735.5,554.58,624.0,1,Low Activity,593.1825,116.60922730070149,325.0,-445.58
1,17.49,50.34,117.74,576.99,494.89,736.97,707.03,638.25,1,High Activity,644.2850000000001,107.83124392617692,347.365,-459.25
3,24.84,47.81,116.15,581.71,452.81,723.38,666.85,600.26,1,Low Activity,610.825,116.74443327199802,348.93,-465.56000000000006
3,23.08,51.14,100.29,545.91,473.07,735.26,689.686,620.15,1,Moderate Activity,629.5415,114.55026947007444,323.09999999999997,-445.61999999999995
3,23.23,50.93,107.23,578.93,460.32,730.37,681.5,628.99,1,Low Activity,625.2950000000001,117.51618512641852,343.08,-471.69999999999993
3,24.39,43.13,112.43,578.93,474.57,741.39,877.51,632.64,1,Low Activity,681.5275,170.50322936824392,345.67999999999995,-466.49999999999994
3,23.97,49.33,115.34,548.29,456.72,724.42,678.29,623.35,1,Low Activity,620.6949999999999,116.86303849663784,331.815,-432.94999999999993
1,17.66,55.43,115.67,578.93,516.79,740.01,692.41,626.36,1,Low Activity,643.8925,96.7039393802893,347.29999999999995,-463.25999999999993
3,24.37,48.7,112.86,547.13,449.13,736.54,683.49,626.87,1,Low Activity,624.0075,124.88937141192866,329.995,-434.27
0,22.36,55.22,133.5,553.64,414.23,698.39,642.74,558.84,2,Low Activity,578.55,123.65479934074534,343.57,-420.14
3,23.14,50.59,108.22,550.12,460.41,731.11,680.51,621.16,1,Low Activity,623.2975,117.52122060150101,329.17,-441.9
3,22.95,50.7,103.39,548.41,468.55,740.33,692.18,633.4,1,Low Activity,633.615,118.41234578089116,325.9,-445.02
3,22.96,50.9,100.91,552.68,462.52,747.74,664.8340000000001,621.62,1,Low Activity,624.1785,119.80585754600372,326.79499999999996,-451.77
3,21.81,46.56,138.68,569.68,450.81,713.91,667.07,586.87,2,Low Activity,604.665,115.20543549098136,354.17999999999995,-430.99999999999994
3,23.43,49.71,105.48,551.12,428.32,731.64,682.63,623.38,1,Low Activity,616.4925000000001,133.02812118119988,328.3,-445.64
3,23.11,49.99,101.96,555.54,438.33,728.8,690.624,625.23,1,Low Activity,620.746,128.91121636227004,328.75,-453.58
3,23.09,49.93,109.22,552.99,444.77,735.63,695.86,620.63,1,Moderate Activity,624.2225000000001,128.78880421708507,331.105,-443.77
3,23.08,49.84,109.12,558.0,456.97,739.24,686.18,629.51,1,Moderate Activity,627.9749999999999,122.49188884711236,333.56,-448.88
3,22.63,50.31,98.79,560.27,433.6,729.9,689.26,631.1,1,Moderate Activity,620.965,131.32580693324013,329.53,-461.47999999999996
0,20.59,58.33,133.04,552.69,473.09,857.16,670.53,604.62,1,Low Activity,651.35,159.88115273539904,342.865,-419.6500000000001
0,22.48,50.58,99.02,550.38,429.07,741.4,686.34,614.6,1,Low Activity,617.8525,136.14200120340035,324.7,-451.36
0,22.3,50.76,101.16,549.58,445.26,732.19,843.41,629.95,1,Moderate Activity,662.7025000000001,169.15247586620382,325.37,-448.4200000000001
2,19.16,53.76,108.32,581.37,431.51,730.98,682.72,615.81,1,Low Activity,615.255,131.28383360744257,344.845,-473.05
0,20.61,52.94,95.59,607.0,442.52,722.74,678.88,604.22,1,Low Activity,612.0899999999999,123.18042106330591,351.295,-511.40999999999997
2,18.36,52.48,94.74,587.61,519.76,757.64,717.09,643.61,0,Low Activity,659.5250000000001,104.44747467826431,341.175,-492.87
1,19.73,46.95,84.6,614.43,549.56,763.95,725.2,661.21,0,Low Activity,674.98,93.73277370624788,349.515,-529.8299999999999
3,23.11,45.93,156.81,573.55,420.82,707.12,557.46,598.49,2,Low Activity,570.9725000000001,118.3521799193689,365.17999999999995,-416.73999999999995
0,21.97,50.92,203.33,555.56,463.85,743.2,696.66,634.42,1,High Activity,634.5325,122.20335548448196,379.445,-352.2299999999999
0,21.93,50.94,105.22,551.25,457.45,559.05,689.01,620.23,1,Moderate Activity,581.435,98.23577267642035,328.235,-446.03
0,21.79,51.1,107.67,551.75,477.81,742.33,701.76,629.93,1,Low Activity,637.9575,116.44174548531412,329.71,-444.08
0,21.72,51.24,107.67,578.93,463.92,741.8,859.51,657.23,1,Moderate Activity,680.615,166.58391929194926,343.29999999999995,-471.25999999999993
0,21.77,51.07,107.37,553.62,466.79,745.5,696.05,635.71,1,Low Activity,636.0125,121.41987766287141,330.495,-446.25
1,19.57,51.69,112.51,585.88,443.51,735.64,683.6940000000001,599.58,1,Moderate Activity,615.606,127.69495264366039,349.195,-473.37
0,21.46,51.54,101.26,548.72,471.55,743.49,687.48,638.32,1,Low Activity,635.21,117.26178547733842,324.99,-447.46000000000004
0,21.35,51.67,107.79,554.29,477.68,744.44,704.12,643.31,1,Low Activity,642.3875,117.40957637688675,331.03999999999996,-446.49999999999994
3,24.66,53.42,133.73,547.01,445.39,692.36,643.51,567.52,2,Low Activity,587.1949999999999,107.58999349381894,340.37,-413.28
1,15.94,45.42,64.21,616.32,588.05,804.82,764.97,721.51,0,Low Activity,719.8375000000001,94.21555121988447,340.26500000000004,-552.11
0,20.43,48.19,119.71,590.01,370.51,705.51,620.24,535.01,2,Low Activity,557.8175,142.96144547278004,354.86,-470.3
0,21.16,51.7,106.14,558.76,473.04,741.69,738.994,632.13,1,Low Activity,646.4635000000001,126.37396792456903,332.45,-452.62
1,19.56,46.23,82.17,618.88,547.26,774.35,816.39,688.08,0,Low Activity,706.52,118.85019562457607,350.525,-536.71
0,20.96,51.83,105.61,557.02,470.44,740.82,695.6899999999999,636.52,1,Moderate Activity,635.8675,118.26586190303044,331.315,-451.40999999999997
0,19.43,50.36,109.83,597.35,479.73,629.23,709.81,631.19,1,Moderate Activity,612.49,96.13587190360663,353.59000000000003,-487.52000000000004
0,18.74,47.15,115.21,585.07,471.22,722.31,675.31,609.21,3,Moderate Activity,619.5125,109.20545480118346,350.14000000000004,-469.86000000000007
0,20.94,51.97,104.43,548.96,487.01,740.75,695.7,637.66,1,Moderate Activity,640.28,110.55037253065531,326.69500000000005,-444.53000000000003
0,20.96,51.83,105.54,557.4,469.8,744.5,702.304,633.0,1,Moderate Activity,637.401,120.81950616794734,331.46999999999997,-451.85999999999996
0,20.94,51.75,105.04,548.43,481.32,741.44,699.04,631.71,1,Low Activity,638.3775,114.03702859890147,326.73499999999996,-443.38999999999993
0,20.6,52.26,104.69,555.11,484.95,735.42,700.2879999999999,645.34,1,Low Activity,641.4995,110.75444828237524,329.9,-450.42
2,19.45,53.13,91.63,584.25,468.14,720.09,702.5,616.68,1,Low Activity,626.8525,115.04913888566631,337.94,-492.62
0,19.99,50.87,113.19,596.15,431.74,729.17,693.38,618.7,2,Moderate Activity,618.2475,132.5819820274736,354.66999999999996,-482.96
0,20.67,51.78,97.68,551.4,481.99,746.66,697.22,639.53,1,High Activity,641.35,114.90659250016944,324.53999999999996,-453.71999999999997
0,20.57,52.07,98.75,555.8,474.01,740.33,700.05,637.42,1,Low Activity,637.9525,117.21017998308281,327.275,-457.04999999999995
0,20.59,51.89,25.49,550.74,475.99,737.79,702.63,627.68,1,Low Activity,636.0224999999999,116.15102449684488,288.115,-525.25
0,20.48,51.77,97.92,556.61,485.72,748.37,709.4780000000001,647.51,1,Moderate Activity,647.7695000000001,115.74182096804941,327.265,-458.69
0,20.51,51.74,93.86,559.89,489.56,749.98,703.71,632.33,1,High Activity,643.895,113.70268671701065,326.875,-466.03
0,20.5,51.76,96.45,553.58,493.87,751.61,698.24,627.28,1,Moderate Activity,642.75,111.55598743829636,325.01500000000004,-457.13000000000005
0,20.3,52.15,101.45,560.39,491.57,745.34,702.86,642.23,1,Moderate Activity,645.5,111.0004999988739,330.92,-458.94
0,20.29,52.06,106.12,556.38,485.16,744.68,696.91,632.4,1,Low Activity,639.7875,112.88586488868594,331.25,-450.26
1,19.03,55.49,108.19,570.74,451.55,719.17,684.08,613.63,2,Moderate Activity,617.1075000000001,118.7763282743381,339.46500000000003,-462.55
3,25.92,46.6,125.8,571.57,430.56,718.89,680.69,603.76,2,Low Activity,608.475,127.90941703669307,348.685,-445.77000000000004
1,20.26,57.3,130.53,547.95,444.02,725.97,664.98,604.13,1,Low Activity,609.775,121.1823090774117,339.24,-417.4200000000001
0,20.18,51.91,99.53,552.56,489.89,638.31,693.86,614.34,1,High Activity,609.1,86.17030308251988,326.04499999999996,-453.03
0,20.19,51.7,105.4,557.05,495.09,735.41,696.2660000000001,632.73,1,High Activity,639.874,105.38916508509467,331.22499999999997,-451.65
1,20.21,53.66,104.31,546.06,504.63,705.7,640.47,570.41,2,Low Activity,605.3025,86.92688474612828,325.18499999999995,-441.74999999999994
0,19.98,52.24,101.83,559.36,492.95,740.25,695.76,626.03,1,Moderate Activity,638.7475,107.96886661595246,330.595,-457.53000000000003
3,22.9,51.08,103.5,557.25,451.42,733.31,691.1560000000001,622.01,1,Moderate Activity,624.4739999999999,124.15785950689279,330.375,-453.75
1,16.71,44.23,74.98,609.72,498.45,785.34,746.85,664.88,0,Low Activity,673.88,127.28529294462894,342.35,-534.74
3,22.59,48.14,116.95,592.1,480.78,710.88,662.97,579.97,1,Low Activity,608.65,100.95364381734818,354.52500000000003,-475.15000000000003
0,20.01,51.85,101.08,552.45,487.55,744.0,702.32,643.78,1,Moderate Activity,644.4124999999999,112.3642776493787,326.76500000000004,-451.37000000000006
0,19.96,51.89,104.25,544.49,504.72,742.8,464.75,636.73,1,Moderate Activity,587.25,127.09776263438575,324.37,-440.24
0,19.91,51.93,102.61,554.57,495.07,897.89,696.42,645.94,1,Low Activity,683.83,166.37926693752036,328.59000000000003,-451.96000000000004
1,16.61,50.07,62.84,578.93,586.41,781.03,751.94,693.92,0,Moderate Activity,703.325,85.94388964124599,320.885,-516.0899999999999
0,19.86,51.89,100.81,552.67,499.66,747.11,706.55,633.2,1,High Activity,646.63,108.73083371334921,326.74,-451.85999999999996
1,19.64,59.16,136.47,547.95,478.85,706.54,624.62,570.64,1,Low Activity,595.1624999999999,95.57308281275293,342.21000000000004,-411.48
0,19.74,52.15,99.0,552.03,492.25,752.35,699.11,634.3,1,Low Activity,644.5025,112.39510231767221,325.515,-453.03
1,20.13,57.52,135.3,547.33,473.64,714.84,674.44,598.53,1,Low Activity,615.3625,106.07312583779175,341.31500000000005,-412.03000000000003
1,19.59,52.38,108.0,547.64,494.18,753.49,712.3500000000001,649.67,1,Moderate Activity,652.4225,113.80423230999222,327.82,-439.64
3,23.8,50.03,103.85,550.99,425.91,727.39,720.12,600.87,2,Low Activity,618.5725,140.93185170499962,327.42,-447.14
2,18.39,52.35,107.99,602.38,459.28,740.59,685.2,622.73,1,Moderate Activity,626.95,121.70750374018306,355.185,-494.39
1,19.54,52.3,106.47,551.92,500.64,751.65,716.7059999999999,662.05,1,Low Activity,657.7615,111.0481299662448,329.195,-445.44999999999993
0,19.34,51.43,122.29,589.88,459.18,723.58,652.11,594.05,1,High Activity,607.23,112.01793279054327,356.085,-467.59
0,17.27,48.95,116.72,582.34,494.55,750.95,700.582,631.25,2,Low Activity,644.333,111.26132401992469,349.53000000000003,-465.62
1,19.29,52.87,104.02,553.53,497.39,612.96,710.27,650.21,1,Moderate Activity,617.7075,89.6717504289952,328.775,-449.51
1,16.85,42.73,187.0,604.42,408.66,869.32,721.88,634.2,1,Moderate Activity,658.5150000000001,192.76290402114893,395.71,-417.41999999999996
1,19.3,55.32,109.22,564.3,483.87,716.7,675.042,598.65,2,Low Activity,618.5655,102.2406964031447,336.76,-455.0799999999999
1,19.19,53.0,102.89,561.76,502.93,748.24,703.9559999999999,648.31,1,Moderate Activity,650.8589999999999,106.75803952864625,332.325,-458.87
0,19.62,54.47,104.61,597.56,460.74,736.85,689.53,620.54,1,Moderate Activity,626.915,120.63873576371176,351.085,-492.94999999999993
1,20.11,53.62,94.73,553.2,505.46,710.53,641.09,591.61,2,Low Activity,612.1725,86.25696817262552,323.96500000000003,-458.47
1,19.17,53.05,191.42,555.66,493.68,754.33,707.2320000000001,641.04,1,Moderate Activity,649.0705,113.53856737250125,373.53999999999996,-364.24
1,19.23,52.82,108.41,558.33,496.09,759.77,694.79,632.83,1,High Activity,645.87,112.5025427860781,333.37,-449.9200000000001
1,19.16,52.96,102.71,553.72,506.09,753.94,700.1,657.59,1,Moderate Activity,654.4300000000001,106.46240369257124,328.21500000000003,-451.01000000000005
3,21.47,47.09,113.66,578.93,425.94,743.93,698.1859999999999,636.93,1,Moderate Activity,626.2465,140.5483652780541,346.29499999999996,-465.27
1,19.06,53.15,99.79,552.94,499.97,747.29,705.25,644.87,1,High Activity,649.345,108.09179478572828,326.365,-453.15000000000003
1,18.96,53.42,103.66,557.45,505.61,744.98,703.82,637.93,1,High Activity,648.085,104.71752623128567,330.555,-453.7900000000001
1,17.61,55.02,136.25,585.83,491.27,737.88,692.79,610.9,1,Moderate Activity,633.21,108.24399136518694,361.04,-449.58000000000004
1,18.94,53.37,108.0,550.14,493.25,748.5,700.976,647.97,1,High Activity,647.674,110.83598223200501,329.07,-442.14
3,23.97,49.62,106.54,544.69,395.83,721.58,653.5260000000001,582.71,2,Low Activity,588.4115,140.34943147610778,325.615,-438.15000000000003
3,22.67,47.91,121.07,588.09,462.49,725.87,678.0,613.18,1,Moderate Activity,619.885,114.64193022915597,354.58000000000004,-467.02000000000004
1,18.26,45.28,78.6,560.84,557.08,778.59,725.28,688.71,1,Moderate Activity,687.415,94.40255663910803,319.72,-482.24
1,18.24,45.85,76.07,565.5,546.11,777.84,541.82,682.46,1,Moderate Activity,637.0575,114.34265531725245,320.78499999999997,-489.43
2,19.17,56.98,85.22,560.04,537.08,744.82,710.6,640.26,0,Moderate Activity,658.19,91.72546356746673,322.63,-474.81999999999994
1,18.36,48.2,80.59,563.07,541.0,754.54,717.24,647.43,1,High Activity,665.0525,93.86359442474667,321.83000000000004,-482.48
0,18.86,48.82,119.1,588.86,462.53,726.14,679.01,610.37,1,Low Activity,619.5125,114.94414132525418,353.98,-469.76
1,18.34,48.99,76.93,561.79,542.19,753.17,716.548,650.08,1,High Activity,665.4970000000001,92.61939981810862,319.36,-484.85999999999996
1,18.36,49.2,75.71,561.33,525.42,842.6,698.1,629.84,1,Moderate Activity,673.99,132.95725077382332,318.52000000000004,-485.62000000000006
1,18.35,49.69,81.77,578.93,530.71,750.62,698.56,631.48,2,Moderate Activity,652.8425,94.90913773183273,330.34999999999997,-497.15999999999997
1,18.32,49.97,81.38,563.46,529.66,751.87,696.36,649.49,2,High Activity,656.845,94.55387547142988,322.42,-482.08000000000004
1,18.3,50.23,77.92,563.76,525.1,751.17,701.04,643.17,2,Low Activity,655.12,97.26638987851865,320.84,-485.84
1,19.71,48.06,90.07,578.93,514.77,749.48,744.874,636.41,2,Moderate Activity,661.3835,110.83148016545962,334.5,-488.85999999999996
1,19.47,49.05,91.23,559.47,486.73,744.36,683.36,627.55,2,Low Activity,635.5,110.05573527384507,325.35,-468.24
3,20.45,51.42,117.21,591.95,430.22,594.88,651.03,576.14,2,Low Activity,563.0675,94.10771324214961,354.58000000000004,-474.74000000000007
2,22.98,52.19,194.85,554.58,480.01,713.0,676.41,600.74,1,Low Activity,617.54,102.91587082013476,374.71500000000003,-359.73
1,19.46,49.31,86.48,552.34,505.08,754.38,696.72,629.49,2,Moderate Activity,646.4175,107.15887282441899,319.41,-465.86
1,19.79,48.75,95.6,558.26,512.29,749.35,688.35,629.6,2,High Activity,644.8974999999999,101.0234412978823,326.93,-462.65999999999997
0,18.57,51.13,121.46,594.83,483.02,753.03,839.44,644.95,1,Moderate Activity,680.1099999999999,153.6056303221554,358.14500000000004,-473.37000000000006
2,19.04,54.9,114.59,579.88,487.09,735.04,682.85,619.41,1,High Activity,631.0975,107.0157656220179,347.235,-465.28999999999996
1,18.8,50.2,87.23,557.72,509.91,744.72,698.8900000000001,627.64,2,Moderate Activity,645.2900000000001,102.30436908232872,322.475,-470.49
1,19.04,50.72,89.87,550.8,504.82,730.79,674.49,593.68,2,Moderate Activity,625.9449999999999,98.42321355588155,320.335,-460.92999999999995
3,22.36,47.72,129.94,584.22,393.56,707.77,670.36,564.81,1,Low Activity,584.125,140.7274549143367,357.08000000000004,-454.28000000000003
1,19.0,50.32,98.23,555.3,503.11,736.45,691.7819999999999,615.62,2,Low Activity,636.7405,102.10246024296704,326.765,-457.06999999999994
1,18.03,48.49,83.89,555.84,548.35,755.96,727.77,658.04,1,Moderate Activity,672.53,92.45297002620666,319.865,-471.95000000000005
1,17.65,45.05,59.28,569.14,560.15,787.94,748.3,697.8,1,Low Activity,698.5475000000001,99.36591815943066,314.21,-509.86
1,17.39,45.15,61.97,569.12,578.79,781.11,753.56,702.25,1,Moderate Activity,703.9275,89.59674710427086,315.545,-507.15
1,19.86,48.97,88.0,614.92,508.43,757.5,720.34,664.62,1,Low Activity,662.7225,109.71527829644633,351.46,-526.92
1,17.37,44.99,65.01,567.65,584.72,791.14,756.68,717.62,1,Moderate Activity,712.54,90.35127447911289,316.33,-502.64
1,17.33,45.4,60.97,578.93,585.87,785.76,759.74,704.95,1,Low Activity,709.0799999999999,88.77690953545672,319.95,-517.9599999999999
1,18.29,49.0,71.68,627.06,571.54,790.34,561.87,703.9,1,Low Activity,656.9125,110.04887319580638,349.37,-555.3799999999999
0,20.73,54.53,121.25,558.85,455.23,704.87,699.62,591.67,2,Low Activity,612.8475,117.31633883791862,340.05,-437.6
1,17.03,45.91,62.91,571.21,589.65,791.26,550.3,702.63,0,Moderate Activity,658.4599999999999,109.5752870556739,317.06,-508.30000000000007
1,17.07,46.15,66.79,568.25,581.47,785.05,757.48,706.22,0,Moderate Activity,707.5550000000001,90.17980206232433,317.52,-501.46
3,24.62,45.91,102.13,596.53,468.19,715.07,681.88,587.94,1,High Activity,613.27,110.69535883074172,349.33,-494.4
0,19.36,51.28,118.67,587.26,469.82,724.4,662.466,590.31,1,Moderate Activity,611.749,109.34034578934408,352.965,-468.59
3,24.81,46.94,116.54,573.56,467.27,720.65,673.29,604.99,1,Moderate Activity,616.55,110.26391008243209,345.04999999999995,-457.0199999999999
2,17.26,46.23,54.53,575.89,580.7,603.89,751.61,710.1,0,Moderate Activity,661.575,82.31909802712855,315.21,-521.36
1,17.82,44.49,66.99,626.38,575.45,777.31,747.58,694.56,0,Moderate Activity,698.725,89.02525128673696,346.685,-559.39
2,17.41,45.76,56.75,575.56,572.44,793.15,762.67,715.64,0,Moderate Activity,710.975,97.70501880660989,316.155,-518.81
2,17.29,47.73,81.56,611.9,569.71,898.59,749.46,686.84,0,Low Activity,726.1500000000001,136.98863626836595,346.73,-530.3399999999999
2,17.11,45.92,61.43,573.98,588.57,582.69,761.12,722.68,0,Moderate Activity,663.765,91.60861840824072,317.705,-512.5500000000001
2,16.99,45.99,60.79,574.46,607.33,796.43,758.77,713.06,0,Moderate Activity,718.8974999999999,81.817863320508,317.625,-513.6700000000001
2,17.19,45.31,56.02,577.09,593.77,803.54,760.1,716.76,0,Moderate Activity,718.5425,90.41193666583338,316.555,-521.07
2,19.43,51.92,112.66,583.32,420.14,716.34,666.58,594.3,2,Low Activity,599.3399999999999,129.5482653942795,347.99,-470.6600000000001
2,16.96,45.63,58.03,574.21,586.09,801.72,764.62,718.61,0,Moderate Activity,717.76,94.13262381696723,316.12,-516.1800000000001
0,18.14,51.8,128.79,588.76,489.13,748.32,703.58,649.21,0,Low Activity,647.5600000000001,113.12766446217597,358.775,-459.97
2,16.92,44.28,59.95,574.98,602.96,798.47,764.96,731.98,0,Moderate Activity,724.5925000000001,85.51113041587041,317.46500000000003,-515.03
2,16.9,43.79,55.44,574.13,600.55,790.03,766.594,731.71,0,Moderate Activity,722.221,84.57914828135836,314.78499999999997,-518.69
2,16.83,43.64,54.2,570.61,611.64,804.22,758.47,719.85,0,Moderate Activity,723.545,82.187982292628,312.40500000000003,-516.41
2,16.76,43.46,55.68,571.13,607.25,804.49,777.1039999999999,731.53,0,Moderate Activity,730.0935,87.24948012643588,313.405,-515.45
1,22.54,51.62,102.86,555.43,474.99,713.66,667.04,584.97,1,High Activity,610.165,104.6471042759107,329.145,-452.56999999999994
2,16.87,43.32,54.17,578.93,610.04,800.59,777.6719999999999,722.49,0,Low Activity,727.6980000000001,85.01210221295948,316.54999999999995,-524.76
2,16.88,43.16,54.35,570.04,608.96,802.47,817.1,726.09,0,Moderate Activity,738.6550000000001,95.22717486796157,312.195,-515.6899999999999
2,16.73,43.23,57.48,570.85,605.09,798.07,765.26,717.43,0,Low Activity,721.4625,84.3519410466252,314.165,-513.37
3,22.01,49.42,113.41,591.12,477.92,719.31,699.9480000000001,581.4,1,Low Activity,619.6445,112.44308142789399,352.265,-477.71000000000004
0,18.19,52.28,125.86,592.12,479.54,748.51,694.9,631.36,1,High Activity,638.5775,116.33629023224007,358.99,-466.26
2,16.58,43.84,60.32,578.93,609.79,794.38,765.096,715.26,0,Low Activity,721.1315,81.09587771479717,319.625,-518.6099999999999
2,16.62,44.08,57.53,573.59,616.04,798.55,769.3,714.23,0,Moderate Activity,724.53,80.33156996681524,315.56,-516.0600000000001
2,21.81,49.86,106.15,576.32,466.59,731.74,685.4,606.49,2,Moderate Activity,622.5550000000001,116.1235314941234,341.235,-470.1700000000001
2,16.61,45.29,55.57,579.46,610.48,791.86,760.99,721.74,0,Moderate Activity,721.2674999999999,79.23650563345154,317.51500000000004,-523.89
2,17.72,44.0,69.47,567.65,604.32,794.03,545.31,706.95,0,Moderate Activity,662.6524999999999,110.14272388587455,318.56,-498.17999999999995
2,18.67,44.45,64.12,578.93,563.03,781.94,728.17,697.17,0,Low Activity,692.5775,93.1953651833967,321.525,-514.81
2,22.99,43.83,114.67,584.83,458.35,727.96,867.18,628.8,1,Moderate Activity,670.5725,171.97981032183205,349.75,-470.16
2,18.92,44.44,70.28,575.0,569.63,789.35,743.06,705.4,0,Low Activity,701.86,94.60310882841007,322.64,-504.72
2,19.09,45.08,73.71,572.4,548.85,781.01,743.04,680.97,0,Moderate Activity,688.4675,101.80296471616137,323.055,-498.69
2,20.52,43.78,85.6,571.02,447.96,747.97,725.954,653.5,1,Low Activity,643.846,136.68461965659,328.31,-485.41999999999996
3,23.53,52.88,115.02,552.14,454.79,696.31,641.89,579.83,2,Low Activity,593.2049999999999,103.82432775286016,333.58,-437.12
2,20.84,43.42,68.82,566.25,484.52,754.12,713.9860000000001,666.83,1,Low Activity,654.864,119.03420784519608,317.53499999999997,-497.43
3,23.58,51.22,132.05,554.14,447.25,709.72,655.73,581.14,1,Low Activity,598.46,113.75864362763826,343.095,-422.09
0,22.42,50.1,108.79,553.16,454.83,742.48,703.44,643.36,1,Moderate Activity,636.0275,127.49232588016167,330.97499999999997,-444.36999999999995
2,20.79,44.55,75.62,567.04,511.01,753.67,718.47,664.6,1,Moderate Activity,661.9375,107.07781325590594,321.33,-491.41999999999996
2,18.8,45.0,65.78,584.27,558.43,779.78,558.04,694.15,0,Moderate Activity,647.6,108.95065763913499,325.025,-518.49
2,21.73,52.54,97.11,576.24,479.17,727.27,683.29,603.66,1,Low Activity,623.3475,108.88486040308817,336.675,-479.13
2,22.62,50.53,107.9,568.02,502.07,705.23,645.87,579.94,2,Low Activity,608.2775,87.36137642955649,337.96,-460.12
2,21.76,43.65,77.4,569.73,529.86,763.32,713.29,665.8,1,Moderate Activity,668.0675,100.3735819742094,323.565,-492.33000000000004
2,21.77,43.85,79.8,563.16,525.12,755.99,715.53,663.52,1,Moderate Activity,665.04,100.66621313363618,321.47999999999996,-483.35999999999996
2,21.87,43.99,80.27,561.17,526.11,765.17,716.2,677.53,1,Moderate Activity,671.2525,103.19322793510563,320.71999999999997,-480.9
2,21.69,44.71,81.39,561.97,527.33,752.32,718.38,659.18,1,Low Activity,664.3025,99.09450384187141,321.68,-480.58000000000004
2,22.18,43.97,80.94,569.29,537.55,761.75,702.99,661.2,1,Moderate Activity,665.8725,94.9713993350981,325.115,-488.34999999999997
2,21.78,44.93,77.1,564.29,525.2,876.78,708.76,650.53,1,Moderate Activity,690.3174999999999,146.0082459714747,320.695,-487.18999999999994
2,21.65,45.58,85.82,562.47,518.65,766.31,720.4060000000001,660.66,1,Moderate Activity,666.5065,107.64388954170445,324.145,-476.65000000000003
2,22.38,44.4,81.95,564.44,519.06,757.64,813.63,657.99,1,Low Activity,687.0799999999999,129.19051126147,323.19500000000005,-482.49000000000007
2,22.54,44.24,86.76,563.12,531.96,755.4,490.11,652.28,1,Low Activity,607.4375,120.23081478972017,324.94,-476.36
2,22.62,44.23,88.25,559.35,533.72,824.74,561.32,663.82,1,High Activity,645.9000000000001,131.71054222549284,323.8,-471.1
2,22.51,44.57,83.94,553.19,535.39,755.63,708.59,652.85,1,Moderate Activity,663.115,94.94919114979338,318.56500000000005,-469.25000000000006
3,22.24,45.37,83.01,552.46,513.5,751.79,707.32,652.39,1,Moderate Activity,656.25,103.48671186840045,317.735,-469.45000000000005
1,19.62,55.67,124.36,557.59,476.67,733.88,467.22,633.2,1,Moderate Activity,577.7425000000001,128.9513170089136,340.975,-433.23
3,22.85,46.8,24.96,586.57,422.76,730.63,727.55,625.36,2,High Activity,626.5749999999999,144.41309278132184,305.76500000000004,-561.61
3,22.76,44.91,87.46,559.98,526.17,756.1,716.24,658.11,1,Moderate Activity,664.155,100.40440312390025,323.72,-472.52000000000004
2,22.06,41.53,73.62,618.23,550.66,767.56,720.97,676.9,0,Moderate Activity,679.0224999999999,93.23790015331748,345.925,-544.61
3,22.52,45.89,91.77,552.96,515.94,751.42,476.73,653.46,1,High Activity,599.3875,126.55178633666138,322.365,-461.19000000000005
2,23.0,48.36,28.94,577.42,460.28,724.89,717.9999999999999,601.18,1,High Activity,626.0875,124.26095159649576,303.18,-548.4799999999999
1,16.91,53.8,120.36,580.4,503.36,724.32,675.0,601.97,2,Moderate Activity,626.1625,96.06547641235812,350.38,-460.03999999999996
3,23.5,44.21,93.28,559.73,519.6,746.43,691.35,646.15,1,Low Activity,650.8825,96.65132293455684,326.505,-466.45000000000005
3,23.16,44.96,94.82,578.93,505.95,743.34,692.2,631.57,1,Low Activity,643.265,102.30969667305898,336.875,-484.10999999999996
3,22.61,46.14,90.77,558.52,523.64,739.97,700.096,628.77,1,Low Activity,648.119,94.88171578690317,324.645,-467.75
0,22.3,56.33,132.45,543.25,437.12,583.96,660.6,570.02,2,Low Activity,562.925,92.8441595721921,337.85,-410.8
0,23.02,49.35,119.87,571.9,413.81,711.96,673.05,589.52,2,Low Activity,597.085,132.43099045666514,345.885,-452.03
3,22.04,47.49,94.76,557.76,497.41,749.75,686.65,622.76,1,Moderate Activity,639.1424999999999,107.77672827810896,326.26,-463.0
3,22.3,47.49,97.15,552.81,496.49,746.37,684.1,630.39,1,Low Activity,639.3375,106.37215092150137,324.97999999999996,-455.65999999999997
2,19.85,56.86,97.11,558.52,489.04,726.61,688.15,627.26,1,Low Activity,632.7650000000001,104.18183286926755,327.815,-461.40999999999997
3,23.7,47.04,132.98,544.12,498.65,735.8,686.13,618.01,1,Low Activity,634.6475,102.72033631013221,338.55,-411.14
1,18.66,51.52,113.67,590.98,461.97,748.9,702.52,621.13,1,Moderate Activity,633.63,126.0375745561616,352.325,-477.31
3,24.09,46.98,131.95,541.76,517.72,582.16,689.38,625.1,2,Low Activity,603.59,72.23919988482706,336.855,-409.81
3,23.71,49.16,136.42,542.07,512.61,732.46,697.2300000000001,622.04,2,Low Activity,641.085,97.24571850043925,339.245,-405.6500000000001
0,20.58,57.53,126.73,561.72,435.64,707.45,658.0340000000001,581.58,1,Low Activity,595.676,118.59196958760181,344.225,-434.99
3,23.3,46.77,118.85,587.07,483.61,714.02,681.1,577.95,1,Low Activity,614.1700000000001,104.57445417819144,352.96000000000004,-468.22
